sharpness,noise,contrast,colorfulness,chroma_std,specular_ratio,glare_n,glare_area,line_ratio,hf_energy,prewitt_energy,orientation_entropy,perpendicular_ratio,label,path
67.04761471506208,0.7712003805252151,47.9608447147322,63.84539602080108,23.0633499125307,3.814697265625e-05,12.0,1.239776611328125e-05,0.124912231149406,0.6890125728453687,719.0839828664188,0.9944565223629582,0.0803331022414237,bonafide,data/Bonafide/00962.png
57.8568885925697,0.5040435903615877,60.84741829106105,37.7264327485662,11.93105826208915,0.022627830505371,361.0,0.0039625167846679,0.0985433342586226,0.6418389522296868,757.2140845787414,0.9892505766566974,0.080355020221485,bonafide,data/Bonafide/00998.png
168.09175611316095,1.1939916926245295,52.15231283696649,57.419253707794674,21.482699714703354,0.0019502639770507,36.0,0.0011758804321289,0.1177760286821087,0.7522051525689553,779.3482344025388,0.984968882767387,0.0754423701573083,bonafide,data/Bonafide/01012.png
87.85248374467483,0.8687755905850002,60.55690593508916,52.29819136695596,20.00539669280963,0.0399293899536132,132.0,0.033299446105957,0.1999498304384947,0.6645870686918551,806.1122870199156,0.9876778841772872,0.0936221688632732,bonafide,data/Bonafide/08794.png
540.1359758374444,1.3904490432296084,47.69543319810389,42.12333715678049,17.651116321035627,0.040283203125,1571.0,0.0081367492675781,0.1764648707716498,0.8562168875256965,4498.4817576001005,0.9932727141734612,0.0666849718734239,bonafide,data/Bonafide/10673.png
142.18619570717328,0.9736666115231932,70.87425909611171,45.40980742669598,18.80785102495889,0.0008134841918945,325.0,2.09808349609375e-05,0.1144058702843415,0.7531007155508738,901.693731083563,0.9964493118712192,0.0750409618689472,bonafide,data/Bonafide/10684.png
100.74448199327072,1.0085593556086054,52.552837480091206,43.64856852305168,15.224719147483,8.392333984375e-05,15.0,5.245208740234375e-05,0.1189042545106047,0.7256130961153945,609.1049384958308,0.9968526968940044,0.0751045891603341,bonafide,data/Bonafide/10696.png
81.80947859316075,0.6269644523082821,57.53706204816159,55.29363368456801,19.246869572852304,0.0001907348632812,15.0,8.0108642578125e-05,0.1043529117077466,0.7296820592895742,858.720996462584,0.9917789973404898,0.0708040517636324,bonafide,data/Bonafide/10712.png
58.89825408825618,1.0739568771715424,56.07011351851526,42.94842809872209,17.064203615471254,0.031167984008789,10.0,0.0308408737182617,0.0627816529704899,0.6562565427257024,372.8909595367441,0.9788022723857877,0.0819477728152937,bonafide,data/Bonafide/10728.png
331.46407738225287,1.0019503071381222,57.4792816262063,38.91154345334013,16.528928388897853,0.0408897399902343,333.0,0.037912368774414,0.1248205804630346,0.791220006047695,3164.5206759627577,0.9902470770915685,0.0773799450636372,bonafide,data/Bonafide/10741.png
326.8341649374779,1.20146749499313,61.382107307515895,43.19964783202451,14.219605240006944,0.0099029541015625,123.0,0.0035610198974609,0.1803655684471124,0.7699874093636867,1957.341170955145,0.9893484023863698,0.0780316256439657,bonafide,data/Bonafide/10744.png
54.20173060631714,0.5305185821798923,45.641759794137975,42.2043851977344,16.644684880390432,0.000192642211914,46.0,1.9073486328125e-05,0.0598059823402445,0.6724708382277741,976.6447486827452,0.9907005119109532,0.0842230592303749,bonafide,data/Bonafide/10881.png
56.928044156417855,0.5096952897526325,68.06889755703892,52.87112040756054,17.06311701422276,0.003662109375,100.0,0.0007505416870117,0.2068480634872084,0.6532081263392134,744.286463508331,0.9912065843423892,0.0771307209051615,bonafide,data/Bonafide/10889.png
240.3078369258137,1.3673372725245097,46.73051537467902,80.47425075534244,37.52164545856967,0.0137567520141601,55.0,0.0070018768310546,0.2812847539833723,0.7710880916113527,1697.8462346121578,0.9887409511434244,0.0648080811840297,bonafide,data/Bonafide/10954.png
66.7682962416502,0.7706044122242486,50.901424097457166,53.32021446605325,15.686431927912006,0.0001287460327148,40.0,1.621246337890625e-05,0.1623122083847134,0.6930263439563356,636.3707719532277,0.9773815823824478,0.0828535758536004,bonafide,data/Bonafide/10960.png
156.33020681554532,1.1366221440607194,69.61969729239732,34.890828273725575,14.3841197058727,0.028543472290039,158.0,0.0260286331176757,0.1962890625,0.7193135831430536,1028.4660971506378,0.9911926232434798,0.0751424155422701,bonafide,data/Bonafide/10970.png
158.8806016407907,1.3780817010377395,50.96198146349917,47.54998685422008,16.795171737909467,0.0059356689453125,113.0,0.0025033950805664,0.1222401162737148,0.6988986552755415,1955.8209994886809,0.9922589901506484,0.059689865362709,bonafide,data/Bonafide/10972.png
1313.831748406224,2.1961555884020587,58.19722682446015,39.95412209988717,16.51921917191428,0.0010366439819335,368.0,0.0001716613769531,0.254807033454918,0.8636025423898994,8630.459000118233,0.933018378035966,0.2306504630696959,bonafide,data/Bonafide/10992.png
334.5399806338527,0.9173576065499957,82.487928662592,92.99272911918604,41.53385393002415,0.0843238830566406,304.0,0.0509099960327148,0.0863416013943895,0.7444203999279337,3922.4193355879934,0.9912096032487452,0.0620771422910683,bonafide,data/Bonafide/11040.png
75.56651346942817,0.7571503278352484,53.343390037381695,56.81105094302679,23.406821208839894,8.58306884765625e-06,3.0,3.814697265625e-06,0.1359247311262313,0.6622428091929737,530.019484961774,0.9908780103422948,0.0893947283821203,bonafide,data/Bonafide/11053.png
95.92009064147624,1.0638982121831493,70.09645881895003,64.96387695716544,27.515924847417647,0.0200119018554687,60.0,0.0193634033203125,0.0810546874999999,0.6910865463905629,643.2086199821322,0.9851938499089032,0.0828706928082915,bonafide,data/Bonafide/11099.png
50.429054124742834,0.9099324014901684,75.25920727434432,46.70905951898104,16.969302034979616,0.0025205612182617,8.0,0.0024929046630859,0.0810605701931528,0.6148156226578491,453.0706068629405,0.9963455459810664,0.0757133515936518,bonafide,data/Bonafide/11117.png
192.88045501563465,1.1267444694456064,74.00350275930832,35.15751332535218,14.997158409896828,0.0352668762207031,32.0,0.0318632125854492,0.1954516106157356,0.7502897440315177,875.9003971912798,0.9960906051070266,0.0793252512825521,bonafide,data/Bonafide/11130.png
184.2890047815017,1.2070901959265772,53.60645396605575,31.022837241839785,11.810627175726708,0.0260858535766601,77.0,0.0258750915527343,0.1474011028233011,0.7485246981817656,638.4199304674016,0.993839134873325,0.0743885116062461,bonafide,data/Bonafide/11154.png
65.09047454595566,0.977311017680412,39.04550818119162,26.36925099505938,10.772801653901004,0.0121068954467773,39.0,0.0054340362548828,0.0729224793070096,0.7110846865946391,341.7943090224969,0.984321638332395,0.0825708766618458,bonafide,data/Bonafide/11166.png
329.84819026359764,0.914368365545114,72.0580204446068,47.81000913914837,17.078476817394492,0.1535854339599609,215.0,0.0829763412475586,0.1440454515146201,0.7506514131109862,2176.9890442115184,0.9226124855188887,0.1011963984922241,bonafide,data/Bonafide/11174.png
95.3636731790166,0.882141279675669,58.16712794422712,57.144105676822505,20.0715156664748,0.0003175735473632,31.0,5.054473876953125e-05,0.0662084888466828,0.7220953681976728,680.4487827925914,0.99571021107001,0.0776777719994492,bonafide,data/Bonafide/11185.png
123.66103615186056,0.980387654036811,48.04342937856787,47.75921637090612,17.065878771011594,8.106231689453125e-05,16.0,3.528594970703125e-05,0.0863167457503109,0.7446728924981568,1034.2011413676269,0.993123238294366,0.0845477067849365,bonafide,data/Bonafide/11193.png
102.19066429108716,0.951301001130479,69.87934436100312,93.621630122378,32.01260941536837,0.0208349227905273,53.0,0.0160379409790039,0.0683768113923253,0.6715254948751327,821.143290587337,0.9948385889457056,0.0827727341659397,bonafide,data/Bonafide/11196.png
80.05943964666858,0.8796666113011189,49.39988242633582,55.806518116650295,17.765705453664165,0.0018339157104492,47.0,0.0013275146484375,0.0937499999999999,0.6829930992754313,571.9253521894723,0.9934707493887692,0.088253823361625,bonafide,data/Bonafide/11233.png
145.09531422805503,1.2574745160285894,51.41189100066439,43.60115456744835,14.65216830282689,2.765655517578125e-05,8.0,1.1444091796875e-05,0.1458073547475789,0.759755564821324,845.9065131941511,0.9930213347324436,0.0723462806946442,bonafide,data/Bonafide/11237.png
189.70721719464103,0.9149753332610314,59.45789746368645,41.79520970503537,15.479439481598632,0.0007867813110351,116.0,0.0003271102905273,0.1263677157784552,0.74810914625195,1294.5432777364108,0.9927954429371528,0.0734422784389873,bonafide,data/Bonafide/11261.png
124.34042795497862,0.6159586376979503,73.66094432796069,31.990161043846506,14.767131508742372,0.0908012390136718,318.0,0.0266036987304687,0.0953287079584904,0.7235475317676687,1291.680811485108,0.9921081408239736,0.0822386114768657,bonafide,data/Bonafide/11280.png
174.75235078302552,0.8882301558136645,46.73540515369178,33.30168145144026,11.69072836419417,0.000502586364746,76.0,3.719329833984375e-05,0.1025925269842671,0.7886388445831917,1567.3534495434349,0.9951300707855592,0.0661380600192671,bonafide,data/Bonafide/11308.png
357.05221936396265,1.596828266098966,49.70425682719964,36.43340255624155,14.86232685430917,0.0152759552001953,355.0,0.0126667022705078,0.1923121598531735,0.8002516095688008,1724.3654383990352,0.99504921905637,0.0798992562278742,bonafide,data/Bonafide/11311.png
130.03095530343032,0.7329538148266457,64.0175600441504,60.530314813516135,23.2122192782459,0.0828466415405273,445.0,0.0643701553344726,0.1298828125,0.7143678720531761,1581.2247887557603,0.9850067831979878,0.0672812731363329,bonafide,data/Bonafide/11312.png
49.302735326119546,0.4435422083772622,65.02972090663363,42.9595296874742,15.837346535712133,0.2399463653564453,156.0,0.1031732559204101,0.201791937306509,0.6367952443011784,855.384639075409,0.9934415785288708,0.0716109370385839,bonafide,data/Bonafide/11322.png
159.86566066642894,1.1846467896717572,69.025074674551,55.14440798873787,19.796665750920248,0.0035715103149414,142.0,0.000746726989746,0.1102802417478793,0.7075325154925424,777.1823335255206,0.9969022602092872,0.0739541751204428,bonafide,data/Bonafide/11326.png
432.28017695351446,1.963662554503506,58.679990807487975,36.15347936165141,11.518799468126833,0.000655174255371,153.0,0.0001935958862304,0.1494140625,0.8097849994986631,1439.773095932874,0.9857880565366413,0.078325728160723,bonafide,data/Bonafide/11358.png
120.7596632311097,1.3637314643142997,57.3235379077558,46.1266605140433,18.17363387863078,6.4849853515625e-05,23.0,2.002716064453125e-05,0.0819527386564415,0.7287402051262413,467.2280150609282,0.994629733964356,0.0772747749902696,bonafide,data/Bonafide/11359.png
613.3367927937205,2.071160636774384,59.30424244372762,35.841462122999104,15.748575438231477,0.0395383834838867,359.0,0.0377988815307617,0.0781890606499545,0.8262806361456995,3531.409127436975,0.9938702582155364,0.0746532477788626,bonafide,data/Bonafide/11373.png
63.44981860896132,1.168517447577378,38.99670888787478,25.63608107119591,11.25735036085403,1.9073486328125e-05,2.0,1.049041748046875e-05,0.0835888442266693,0.7330425022883656,201.74946027456087,0.9891031032829054,0.0854356269487573,bonafide,data/Bonafide/11413.png
69.07958031258659,0.5625276796439503,61.1044772405842,67.72368239950077,30.69012016337036,0.0015296936035156,81.0,0.0005569458007812,0.1162109374999999,0.6960885713303125,1277.0544313784314,0.9941194032443476,0.0737590301534536,bonafide,data/Bonafide/11443.png
133.05494724362416,1.177112990387962,48.24252530574376,76.7243945360529,26.30096580298004,0.0645713806152343,220.0,0.0429048538208007,0.1591796875,0.7398038179368471,969.3732534525956,0.996426822780818,0.0765050531041775,bonafide,data/Bonafide/11463.png
55.10258862003684,0.4694452306181292,59.77914399929789,53.13518193772863,21.408846962816902,0.002263069152832,7.0,0.0021343231201171,0.0728865061553989,0.67108702910567,670.9759844511475,0.9688561821170534,0.0843323836166914,bonafide,data/Bonafide/11483.png
181.1373804847099,0.8161957872588235,58.08069498638114,43.64590240533413,15.249135217304168,0.2465162277221679,347.0,0.2412557601928711,0.1103515625,0.7539533434734257,1507.710190760025,0.9462025750977175,0.0924708735797604,bonafide,data/Bonafide/11506.png
35.935807275902334,0.4278210445722364,44.7495369752246,66.23353401277767,30.19488257104804,0.0043954849243164,13.0,0.002695083618164,0.0720574757792266,0.6634172572530057,542.7048007294619,0.9929264786998684,0.0986465551395343,bonafide,data/Bonafide/11507.png
252.9649303377072,1.3494754225807102,67.4117683904265,44.64743915021703,16.35936646695694,3.24249267578125e-05,11.0,8.58306884765625e-06,0.098553011498581,0.7689184758751814,1080.4578721663693,0.9909392272825712,0.0807221584848934,bonafide,data/Bonafide/11513.png
1053.767069182467,1.6686148478333716,72.23906327712321,42.57080358137799,17.61411374664852,0.0442562103271484,939.0,0.0216131210327148,0.2189460965362857,0.8327123429654648,4806.71146256396,0.9040829054146934,0.0921722326257097,bonafide,data/Bonafide/11519.png
58.26496773605686,0.4851673943699687,46.134395979628735,33.18647356840455,13.324371611951268,0.0014820098876953,51.0,0.0004911422729492,0.1092550437339111,0.6831925258089413,719.3258313222627,0.956666616526745,0.0752444606151775,bonafide,data/Bonafide/11541.png
109.86914061946663,0.7973719884802425,46.17250509326389,26.32090031333556,8.172847959213389,0.0262317657470703,685.0,0.0049514770507812,0.0889476370057476,0.7205087218586916,913.164790332522,0.988172213738038,0.0769391650707673,bonafide,data/Bonafide/11567.png
271.1576335053095,1.7347405306660462,60.46192842785232,36.8054303006463,13.750698094242228,0.015665054321289,621.0,0.0096054077148437,0.1306496833222234,0.7357899584400973,871.4341316562181,0.9963187212299768,0.0735997540540239,bonafide,data/Bonafide/11634.png
216.9932478732626,1.5241407322854146,58.23586473967292,37.47400260693835,15.882183720306488,0.0255765914916992,146.0,0.0187358856201171,0.117360305532566,0.7785847180418958,1391.9609851336709,0.9969571139064688,0.0751212221872598,bonafide,data/Bonafide/11644.png
75.48632313736653,0.8202385722266213,65.43538755162224,50.94630024932371,18.80714901255064,0.0392436981201171,56.0,0.0219573974609375,0.110485434560398,0.672140715286739,693.3325415821364,0.9939367075774912,0.0687391861767566,bonafide,data/Bonafide/11728.png
70.59412190911462,1.031404540493171,62.02783376861654,59.903121367758864,23.731291750557777,7.915496826171875e-05,15.0,2.86102294921875e-05,0.0773428868717621,0.6688418150825712,447.1093265299784,0.995269414345996,0.0811058745733693,bonafide,data/Bonafide/11781.png
103.74848048343028,1.1663741615768888,58.871218174653336,83.92949509652465,28.55967829819393,0.0111579895019531,13.0,0.0107021331787109,0.0917786925144295,0.737087944148661,419.6044900294768,0.9884448039587784,0.0840891647698136,bonafide,data/Bonafide/11786.png
60.46222295273037,1.0763353506626143,60.33912179926627,36.6802648318612,11.193608996030012,6.866455078125e-05,8.0,1.9073486328125e-05,0.064501195379018,0.6419744506622976,375.0570778134335,0.9877042385811556,0.0783361506777721,bonafide,data/Bonafide/11807.png
71.41928304779049,1.0156493784964795,43.77400795018247,34.807697700136885,14.27892498897385,0.0,0.0,0.0,0.0894021501184439,0.7149239873661675,290.22612595880145,0.982590710337166,0.0791919095985001,bonafide,data/Bonafide/11810.png
120.62159315659665,1.1236618334083253,51.82252135119289,40.6124523636745,15.394329458362211,0.0012588500976562,47.0,0.0010032653808593,0.0812397877070678,0.7095900647327661,779.123720670382,0.9913789077852554,0.0777128730217297,bonafide,data/Bonafide/11838.png
131.9960340046673,1.2318244803315892,45.17920602610079,48.56341357057437,15.116682156045812,0.0008478164672851,102.0,0.0001153945922851,0.0779814354738642,0.7444893247548532,744.1962535744905,0.9948079114809985,0.0726994920625043,bonafide,data/Bonafide/11886.png
49.54444462222455,0.5701120762365187,33.3740177102759,55.60663248172527,21.757827194494205,2.574920654296875e-05,8.0,1.049041748046875e-05,0.0952936873083433,0.7145328835068554,261.88221030778925,0.9842618704997504,0.1124866499283513,bonafide,data/Bonafide/11953.png
61.68556774569152,0.4827429233254664,53.30684896684681,83.12727509959434,35.667914804969435,0.0002555847167968,60.0,6.103515625e-05,0.1628035424636721,0.6732998492797092,1412.8518218658344,0.986425096558722,0.0990400886445401,bonafide,data/Bonafide/11957.png
265.4820919025078,1.2205366807197937,35.86482386260471,78.93090924280924,27.300187657180924,0.0001277923583984,21.0,4.9591064453125e-05,0.1685836537248574,0.8121921515965571,1216.6394848636096,0.9984466111630984,0.0695856295717982,bonafide,data/Bonafide/11981.png
126.5663448956902,0.7404394166740201,61.99827582727335,49.7631765833435,22.528261862319493,0.0242290496826171,46.0,0.0238542556762695,0.1992187499999999,0.7688963197815786,1450.6674955419724,0.9946519554240066,0.0729557175019381,bonafide,data/Bonafide/11999.png
94.43866911905116,0.8495926109109374,42.35812355886432,40.70747584693146,11.245058651231258,0.00384521484375,32.0,0.0015926361083984,0.0791015625,0.7568098680762946,708.3905810412372,0.9963891311205436,0.0728557714348176,bonafide,data/Bonafide/12009.png
251.780519462769,0.9635287507471548,55.266263046930746,93.84191099963274,34.16001240411723,0.0052576065063476,641.0,0.0006237030029296,0.0924619565519994,0.7809480815848656,2302.4550951262945,0.9934077132739528,0.0769087493285523,bonafide,data/Bonafide/12022.png
128.8346600572977,0.780364693083433,49.56252758010139,43.59020574238434,13.926298102806712,0.0015068054199218,144.0,0.0004997253417968,0.1259765625,0.7349410934142708,1152.0702894228864,0.9971604996043626,0.0771129593286508,bonafide,data/Bonafide/12024.png
170.6398202743648,0.9008108866555772,61.62070334884377,46.211444621398975,18.047249278229494,0.0044021606445312,16.0,0.0041751861572265,0.1150044879866871,0.7099641430871008,1308.3861780384093,0.9976436350980508,0.0731829986815337,bonafide,data/Bonafide/12030.png
131.83695309635274,1.342457995831511,35.890171444866176,61.6456344732053,26.599637421329746,2.765655517578125e-05,12.0,8.58306884765625e-06,0.1950107532372864,0.7651427361541953,451.4421068031868,0.9957386894090292,0.0714853675560381,bonafide,data/Bonafide/12062.png
57.57861656229579,0.9913398714979283,53.8519121455531,41.3879816570643,14.693755264554335,0.014571189880371,16.0,0.0145463943481445,0.0643124055704178,0.6657364224423274,255.4900752341055,0.9913757543123806,0.0799871955938082,bonafide,data/Bonafide/12103.png
216.36882491193583,0.9516097847065504,55.24425788175792,44.33026908423034,16.609361938052263,0.009866714477539,280.0,0.0047979354858398,0.1253827909595205,0.7654470193515384,2051.772924147296,0.996533925768642,0.0724024020857286,bonafide,data/Bonafide/12122.png
66.76748605670491,0.6034179047285857,41.00425064306156,42.57341411860872,16.180508891917874,0.0002126693725585,18.0,6.771087646484375e-05,0.190548590683261,0.721085163385995,516.5876210909709,0.9955171190358264,0.0798141690281721,bonafide,data/Bonafide/12145.png
74.37134332130881,1.1892653440148848,38.76987558215393,29.11140661400667,9.68945696635925,0.028609275817871,933.0,0.0187082290649414,0.0681252967758014,0.7018172041682972,416.6008047540384,0.9488962431593992,0.0962931960583725,bonafide,data/Bonafide/12163.png
167.82702630475617,1.20895349681923,47.84590111324852,38.29364984802312,12.395766962948452,0.0001630783081054,45.0,1.71661376953125e-05,0.105020205052353,0.7624887802971686,773.1839566962883,0.994562479368996,0.066588897156444,bonafide,data/Bonafide/12174.png
184.56525950084236,1.2977515737270626,48.37572540347352,42.8004055400224,14.851873652141933,0.002511978149414,112.0,0.0003366470336914,0.084935677818306,0.7739376724866723,1343.334873750202,0.9957440866783096,0.0713469295391384,bonafide,data/Bonafide/12188.png
158.16400481588423,0.9402531887539718,63.91165878591957,76.59432258446763,33.57331488530369,0.0129461288452148,129.0,0.0048847198486328,0.1075217043235214,0.7087704747159066,1019.3852038686769,0.9947445123610852,0.085138993028906,bonafide,data/Bonafide/12189.png
103.43724750886668,0.6914732211432004,52.84944949332315,38.6575573233555,15.673076208171578,0.0289583206176757,299.0,0.0086822509765625,0.0751953125,0.7074435858479176,1644.991729176938,0.995759956692724,0.079297077164412,bonafide,data/Bonafide/12207.png
168.81409045303008,0.8110226624128166,61.52887407550622,48.480991928242936,19.199160784408097,0.2238988876342773,405.0,0.0585956573486328,0.138769840505901,0.7187351322160307,1474.5769667590866,0.9914690556765388,0.0843957235840782,bonafide,data/Bonafide/12214.png
331.00215753388954,1.6172525797475588,56.07821252222154,35.77147903022198,13.540239785796343,0.0019426345825195,11.0,0.0010232925415039,0.1072730680968714,0.8054232301569895,1082.5707521714214,0.9894999112181494,0.0682839510692331,bonafide,data/Bonafide/12249.png
241.44190655727192,1.1899975050718776,49.42421425802288,83.38968760575816,33.62479278357738,0.0110330581665039,144.0,0.0097103118896484,0.135069573453282,0.770147788361396,1820.5203645694253,0.9975993869179488,0.0740017264319087,bonafide,data/Bonafide/12269.png
104.92264551646076,0.7471688587408731,52.90574283699899,32.578655472543616,10.742239073433934,1.52587890625e-05,6.0,6.67572021484375e-06,0.1552734375,0.7591608515386503,624.8535908351472,0.9924852081065332,0.0811207481175653,bonafide,data/Bonafide/12278.png
174.76248432762708,0.8300192520008053,54.291259318113525,40.89290068387001,16.017078630845063,0.0016698837280273,51.0,0.000802993774414,0.1904296875,0.7390334694876206,1266.809836336282,0.989909431497034,0.0757060411734157,bonafide,data/Bonafide/12302.png
153.8856267892979,1.16034488226899,69.63681600898846,79.86790140357661,29.706399331072543,0.0625429153442382,78.0,0.0432462692260742,0.1064453124999999,0.7069477336340316,1512.8157360640214,0.9972715743750756,0.0734330928613641,bonafide,data/Bonafide/12320.png
171.1739662083237,0.9890007959113162,44.69083899634206,36.14676978868258,13.155849232435784,2.09808349609375e-05,4.0,9.5367431640625e-06,0.1408689290645075,0.7628442195555987,932.040191588002,0.9594566971949576,0.0790494361250909,bonafide,data/Bonafide/12332.png
99.10275149252176,1.0221416331791222,55.5975005193326,42.0481041796401,16.056389347952916,5.7220458984375e-05,27.0,4.76837158203125e-06,0.0991607736925576,0.7249652726666084,533.3431016872141,0.9958124799676435,0.0789909312942122,bonafide,data/Bonafide/12349.png
82.11704914899019,0.8638078548145277,64.33318714890659,39.69325043966513,17.600143052876863,0.0380802154541015,253.0,0.0191001892089843,0.065691523667352,0.6829462487461095,645.7795271704599,0.9948263387803316,0.0780271903920039,bonafide,data/Bonafide/12357.png
49.24703407274501,0.6122866330086731,63.0767017505083,48.96267399091189,17.756953481540442,0.0075998306274414,197.0,0.0061159133911132,0.0578772929254379,0.6409539429756641,586.5932731765183,0.978223465503597,0.0798411091412645,bonafide,data/Bonafide/12368.png
89.28204820521114,0.8033858686072102,58.96363600898189,81.53869529481413,31.58749516934567,0.0001497268676757,9.0,0.0001115798950195,0.0715294534266796,0.758440499662366,775.0223333049355,0.9937389222925522,0.0855795260315946,bonafide,data/Bonafide/12383.png
50.82050392821748,0.5811762877407707,49.73288178599344,30.2055349017145,11.73074779013365,2.86102294921875e-06,2.0,1.9073486328125e-06,0.0491056565889633,0.67088345890085,333.84045928375656,0.9892444372614936,0.0958760828596404,bonafide,data/Bonafide/12385.png
149.63699486853056,1.33241772986449,70.16544532827736,29.218284260511847,12.60482014692132,6.103515625e-05,28.0,2.47955322265625e-05,0.1077078048329081,0.6987861110444665,549.8025308134448,0.9834044849469964,0.0829859380567121,bonafide,data/Bonafide/12412.png
228.3919534172373,1.3462207956914722,53.45832407338271,30.946587773503285,10.478778784432306,9.5367431640625e-07,1.0,9.5367431640625e-07,0.1701083858766423,0.7560145240139589,1231.049114478019,0.964360569207552,0.0996179552674587,bonafide,data/Bonafide/12444.png
57.687522685562726,0.6490700765294337,52.23338118815175,49.9807081340938,14.61087852006979,0.0,0.0,0.0,0.0579719612486555,0.6744361957165053,514.6591323118015,0.9837017070499796,0.0896581520995952,bonafide,data/Bonafide/12461.png
199.4225095621041,1.3369276899836495,53.0454422084556,36.628827962181845,14.28663411804734,0.0422067642211914,137.0,0.0115013122558593,0.104906632828092,0.7053373662978533,1449.070795804735,0.9170893271908688,0.1093698160837705,bonafide,data/Bonafide/12465.png
124.3034382143878,0.9997578237543988,62.32674255149312,33.190318793961055,12.556500295589348,0.3019733428955078,146.0,0.1484184265136718,0.1142578124999999,0.7125868525424807,582.8170698159508,0.9963450982190148,0.0779194606523096,bonafide,data/Bonafide/12471.png
251.23191027779467,1.2075723702801444,46.001193252054286,37.716761298175605,14.222407021436869,1.430511474609375e-05,2.0,1.33514404296875e-05,0.107421875,0.7826275293997758,1426.282559851919,0.9512318292285008,0.0804959600873176,bonafide,data/Bonafide/12481.png
302.6887206425854,1.312703178464263,54.53313033521494,65.03961463896033,25.98320518418149,0.0034494400024414,178.0,0.0021371841430664,0.0967240665188623,0.7710990505781037,2275.613266915787,0.9940045506345656,0.0713983470073198,bonafide,data/Bonafide/12482.png
50.849597590145095,0.7325836345162131,44.65215353717908,35.14893118407013,13.517760041054611,6.866455078125e-05,6.0,4.00543212890625e-05,0.0697576031659839,0.7010851196191229,291.7945329770956,0.99354244706069,0.0816803937902382,bonafide,data/Bonafide/12533.png
103.19313621491528,0.9393658359514924,78.19302510021043,53.54099369461527,22.633299453294253,0.0429191589355468,647.0,0.0345230102539062,0.0840780046763797,0.69628725698366,565.373856361577,0.994060945317445,0.0759776047318407,bonafide,data/Bonafide/12562.png
196.47958773468324,0.921120406409957,65.25760833221386,46.53078850615651,18.46109252836984,0.0313491821289062,1123.0,0.0060510635375976,0.1523437499999999,0.732374975410545,1284.9274848214932,0.9936037489979542,0.0766409316866046,bonafide,data/Bonafide/12569.png
81.71458485498079,0.8951415882006112,71.10146722006282,31.244857814564995,13.668241648762011,0.0704488754272461,17.0,0.0305967330932617,0.0721930061651414,0.6444322990584191,514.0325673859519,0.9932547498339128,0.0795139366477491,bonafide,data/Bonafide/12605.png
411.7917759298424,1.4254721803795276,69.49794634555926,37.187962036288745,17.520270570871105,0.0569314956665039,518.0,0.0249500274658203,0.0719780225060188,0.7751995418958215,6413.98265892662,0.971573788447588,0.0747921428163788,bonafide,data/Bonafide/12616.png
89.0244320052143,1.0410972249477493,68.35396939819289,58.09237533224489,25.058694070993216,7.43865966796875e-05,10.0,1.71661376953125e-05,0.0654296875,0.6738085170731447,1049.6748937224147,0.9889999782918616,0.0796495797784754,bonafide,data/Bonafide/12702.png
101.68060005170172,1.241325374987299,60.88759161777744,69.72499846428396,28.9576791442796,0.0003070831298828,24.0,4.673004150390625e-05,0.1082906100808812,0.6780111879710795,559.9818046257674,0.996681569769791,0.0710739454690081,bonafide,data/Bonafide/12705.png
65.68599310830177,0.8970814850191936,71.04793938234619,38.10495692319497,15.708191014829742,0.0007810592651367,60.0,0.000274658203125,0.1089403507912361,0.6587927645648849,513.1409645445151,0.9915768012011162,0.0721108902601359,bonafide,data/Bonafide/12714.png
263.086155788128,0.9808158312624384,60.63269356166014,64.61584714336779,19.08513046201858,0.0005865097045898,160.0,4.863739013671875e-05,0.1195601285070122,0.755321100834,1330.5290627420184,0.993691968683156,0.0666079169886116,bonafide,data/Bonafide/12735.png
47.51868315136289,0.5152979917498058,53.52061621866607,71.34863262128644,26.787522579640008,0.0002593994140625,15.0,0.0001373291015625,0.0875917226425435,0.6769368535254675,455.3680191387085,0.9914689131923672,0.0839160809072609,bonafide,data/Bonafide/12770.png
221.9606668116603,2.0984365859904632,60.89291187991719,39.78784478626461,15.899144973425123,0.004225730895996,79.0,0.0015993118286132,0.1000154483306711,0.7421122891788615,778.3657163562948,0.9895827463576822,0.0850079478428022,bonafide,data/Bonafide/12818.png
98.88464925286462,0.6400371569825363,47.502785583384586,44.4369458119008,18.57599224930869,0.0023918151855468,15.0,0.0016689300537109,0.0888671874999999,0.7018028070470723,1037.9546924740266,0.9941619843958482,0.0813281795180658,bonafide,data/Bonafide/12871.png
61.097783299104776,0.5332774354388967,49.88775901515004,42.057465354653694,14.271089473392747,2.384185791015625e-05,2.0,2.288818359375e-05,0.1162109374999999,0.6906663459408793,828.9313406965543,0.9836224915681973,0.0938993125585242,bonafide,data/Bonafide/12872.png
65.77018544621295,0.5484576280177096,63.58507807211748,32.386968848033945,13.008545316940308,2.09808349609375e-05,4.0,8.58306884765625e-06,0.0858181210959973,0.6554725444498997,834.4506669410123,0.9861795842803068,0.0819281477015418,bonafide,data/Bonafide/12880.png
142.56315696827278,1.0329188599478418,41.12626448191652,37.34594464418296,14.160632964913932,7.62939453125e-06,1.0,7.62939453125e-06,0.0888403548089387,0.771113166250305,1033.8161451938715,0.9956395362430316,0.0686057459515871,bonafide,data/Bonafide/12934.png
199.51113125582924,1.504954552781548,39.092381946461984,43.08795697291472,15.692730607588258,2.384185791015625e-05,13.0,4.76837158203125e-06,0.1282312464396902,0.7632491542127583,556.5356704623143,0.9944474130174886,0.0807944801728506,bonafide,data/Bonafide/12979.png
74.13100359024247,0.6232418503102316,60.62509372332191,62.20721995221231,24.24309031053761,0.0003385543823242,11.0,0.0002727508544921,0.0984949337968333,0.7215783720604868,943.613131870192,0.9962421724296734,0.0743042003435427,bonafide,data/Bonafide/12994.png
48.736674293641954,0.7688325064703683,48.20445157152455,63.7208532501117,21.321886752879397,0.0032472610473632,107.0,0.0020980834960937,0.0696618386136427,0.653410570376594,486.0574815074484,0.9931993812074262,0.079850600472735,bonafide,data/Bonafide/12998.png
86.85316033559138,1.068547564888139,62.416127892183376,45.33633561903886,16.841024291147015,0.0005683898925781,15.0,0.0002765655517578,0.0871770074471555,0.6731568804636425,858.5419441746781,0.9969003469127088,0.0769299891577293,bonafide,data/Bonafide/13013.png
169.9360211713783,0.842018213786506,71.17011991242198,38.959483210194136,15.155008792397355,0.1545286178588867,350.0,0.1327877044677734,0.1582287426211024,0.7409969250097758,1360.702730008669,0.9796399743797464,0.1112019153586145,bonafide,data/Bonafide/13037.png
43.32932081677427,0.3955589605643118,45.18028144350719,68.7754735112183,29.865340625883835,0.0,0.0,0.0,0.1041081582103776,0.6810348195202516,965.3171989160204,0.9923449568369032,0.0835426774276744,bonafide,data/Bonafide/13045.png
68.36792423820498,0.5497041617156707,53.88916717720058,54.45440583497615,22.700534016821,0.0015430450439453,39.0,0.0004301071166992,0.0733722802978977,0.6962764286948648,1224.3093970203604,0.9973562164255926,0.068890950559416,bonafide,data/Bonafide/13046.png
99.212540625761,0.6724312339698697,56.92052626537286,30.889920286794435,12.545072893605992,0.0048274993896484,105.0,0.0010061264038085,0.1180469784082935,0.6924952338325716,1348.3117416809423,0.9881625698970626,0.0925718852659492,bonafide,data/Bonafide/13079.png
128.05974291423536,0.672990404228092,59.36084398467856,47.44638273848993,15.910277145670207,0.0006475448608398,55.0,0.0001640319824218,0.0812896631705342,0.7111154594832548,1586.6388167675063,0.9863687615417508,0.0941067806140414,bonafide,data/Bonafide/13121.png
38.69101427742771,0.4834926834463803,56.05781786679746,45.11251303034855,16.438687163355286,0.0302047729492187,149.0,0.0163021087646484,0.0947265625,0.636942555263427,560.3503509419725,0.9821386810040008,0.0804133046783826,bonafide,data/Bonafide/13124.png
303.1996758358281,1.1242478022411548,52.500014561205845,49.71548930711455,18.67062596395717,0.0090856552124023,267.0,0.0020618438720703,0.0966846195080379,0.7723020504401993,2196.9696033894197,0.9951734972253355,0.0840180803701793,bonafide,data/Bonafide/13152.png
103.34551791626927,0.7873127235237612,49.741710707166334,51.3032185430498,19.215064122965185,0.0002021789550781,31.0,4.57763671875e-05,0.0732421875,0.7284504487259468,668.0007420870405,0.992111713171118,0.0889780013850934,bonafide,data/Bonafide/13157.png
94.3080033568176,0.6208065798401413,63.18851834652703,41.88889172005304,14.923730787097892,0.0173988342285156,455.0,0.0106277465820312,0.0892580261895691,0.680228116849852,829.0825900992072,0.9864420649901812,0.086822137624875,bonafide,data/Bonafide/13247.png
95.9107514620373,0.8446158756191416,88.6940932783908,43.1933958117627,16.308394712959,0.2156801223754882,223.0,0.1394233703613281,0.0961703359696107,0.6406712513946244,903.6715776645297,0.9909489614262624,0.0855726946725298,bonafide,data/Bonafide/13257.png
465.7364339777332,2.2810340737895416,50.72098221398776,133.98443682330318,58.160256404990015,0.0011348724365234,41.0,0.0007886886596679,0.1112274249885345,0.7970984888039758,1274.9796708621357,0.9805768744874038,0.0724186990992436,bonafide,data/Bonafide/13328.png
219.29424696860127,1.3408134833016965,62.44568569304737,44.44438479956255,17.96333572362529,0.3633642196655273,315.0,0.3168153762817383,0.1407775051961011,0.7379491554008114,1161.1538262847762,0.9797341099612252,0.0701739578259394,bonafide,data/Bonafide/13344.png
190.60547713635512,1.0657005163201665,61.02242733074188,47.685343357683365,19.961953121667616,0.0196094512939453,122.0,0.0127382278442382,0.1012168283636379,0.729241418078182,1071.006993105029,0.981195426437585,0.0865184511617949,bonafide,data/Bonafide/13345.png
40.78705284789521,0.5456215788646874,47.83919117596867,59.26916083390941,22.5113012313307,0.1326990127563476,23.0,0.0832557678222656,0.087890625,0.6561490655522275,358.07824705154826,0.9913889321800864,0.0901152625424195,bonafide,data/Bonafide/13355.png
436.2337319086573,1.466154416526913,53.25503854201399,25.410423108246924,10.352894778039404,0.0231666564941406,613.0,0.0107860565185546,0.1972656249999999,0.8031997394704133,2591.923970409042,0.9772111777515058,0.0659324474738035,bonafide,data/Bonafide/13357.png
111.72947025043597,0.9463050668598602,70.73583594194095,53.41612937800329,21.42911900742899,0.022801399230957,206.0,0.0125608444213867,0.0975829803260609,0.6921533375096741,808.3388554716619,0.9878216316617284,0.0683615805684042,bonafide,data/Bonafide/13363.png
97.0740739122184,0.7014146923650275,48.26721921451633,32.91210911498369,10.554052234553057,0.0025587081909179,23.0,0.0019474029541015,0.070125755700376,0.7284789984454749,766.1646118688109,0.9948777080957564,0.0763263679003848,bonafide,data/Bonafide/13382.png
149.89831723313182,1.276831086469511,44.412872762728256,41.24672941545816,14.29471816834748,0.0508708953857421,24.0,0.0382442474365234,0.1164077246655753,0.7396240516424497,464.4263722555147,0.990325232555225,0.076160970093316,bonafide,data/Bonafide/13386.png
110.95764994899857,1.7349197211350615,48.582824277496734,85.45656924585904,31.232148259134245,0.0437135696411132,192.0,0.0089435577392578,0.070125755700376,0.6831057457164668,708.9687962755459,0.9825195670041098,0.0765156213477188,bonafide,data/Bonafide/13388.png
240.374605915028,1.2239456993970668,79.01544319641359,42.75821845016026,15.385879475620836,0.1717510223388672,608.0,0.0678262710571289,0.1215908552897292,0.7097024101192724,1562.900603567834,0.9982981851461,0.0660337892010817,bonafide,data/Bonafide/13396.png
89.41515110565433,0.6909044513955667,54.75966143289696,35.48737041753468,13.004997202246903,0.007272720336914,49.0,0.0032339096069335,0.177262907045189,0.6911486964416701,1183.7633325665895,0.9898470340038824,0.0891137154547186,bonafide,data/Bonafide/13410.png
178.57026096223854,1.4032213638810267,43.69611152589149,48.54942563541756,18.22371590336812,0.0002117156982421,29.0,3.147125244140625e-05,0.1496548177762499,0.7707496058722698,819.5095808947938,0.996798518801526,0.0761619724041876,bonafide,data/Bonafide/13414.png
63.07145612930981,0.7340991539070602,43.71427121508661,41.55574373706205,15.077729363403073,0.0002822875976562,4.0,0.000279426574707,0.0825469744492349,0.6764560366928081,396.5598576815879,0.9920036838960776,0.09254390860907,bonafide,data/Bonafide/13461.png
55.49789768125629,0.817581513553252,53.00614177141603,41.20704066757271,14.119041198404188,0.0007057189941406,116.0,0.0003175735473632,0.0565142042821495,0.6846342630566188,268.3217479360868,0.994297889502582,0.0766607864516434,bonafide,data/Bonafide/13478.png
63.84892311636577,0.5527244010717768,65.62109549696298,76.38534218329534,35.01295657587028,0.1213626861572265,136.0,0.1164350509643554,0.0828237849769627,0.6629656569843859,1103.4385070021697,0.9975164425059936,0.0722938681276569,bonafide,data/Bonafide/13497.png
46.900060075277,0.8081724140150399,67.2880669639677,73.18000119796046,27.88646778177353,0.0234460830688476,79.0,0.0153884887695312,0.1183253676907879,0.6106191998000583,978.6747424004216,0.977162753509152,0.0924158718291939,bonafide,data/Bonafide/13502.png
87.27035201481976,0.8213199147109589,44.47749351363802,21.193499118031355,9.343635954181142,1.9073486328125e-06,1.0,1.9073486328125e-06,0.0900346138407508,0.7381647372524303,708.705199762908,0.9947154820413602,0.0783486689647287,bonafide,data/Bonafide/13530.png
65.4142263118265,0.7366024207604822,49.37326521773022,20.716022049763197,8.168585353964993,1.9073486328125e-06,1.0,1.9073486328125e-06,0.0784235020035697,0.6759787379830334,651.1669391095488,0.9837711150411892,0.0773726626858042,bonafide,data/Bonafide/13537.png
90.34789955404176,0.9775632042668276,70.849297085271,46.47792689201266,17.247915148315638,0.2880315780639648,531.0,0.1600265502929687,0.0945300393775785,0.6480095517786569,730.4912686637172,0.9946799334562216,0.0712361532832247,bonafide,data/Bonafide/13562.png
104.78887989616392,0.6780919328822378,56.66548224580202,35.20380866533225,13.25543399173944,2.86102294921875e-06,1.0,2.86102294921875e-06,0.1150956693018508,0.7160779627769607,731.9863631995395,0.920656626727882,0.1047955811329325,bonafide,data/Bonafide/13568.png
76.65702695323489,0.4447487442026753,77.51089842061856,39.10377878364129,15.161357022212496,0.3079309463500976,242.0,0.1213436126708984,0.2204393819583154,0.6641831367136632,1248.9859366054868,0.9934185806135412,0.0775669843126903,bonafide,data/Bonafide/13582.png
151.92582032279367,0.9699470093655838,42.65413375213007,50.94124819347542,16.203835965853383,0.0024852752685546,206.0,0.0004730224609375,0.215667808816628,0.7670336072295003,951.9133439763284,0.9941080569322822,0.0773558131866612,bonafide,data/Bonafide/13583.png
132.57983586025875,1.7377141725006338,74.20165276277106,49.50292229119355,21.592418943517277,0.0001020431518554,26.0,2.384185791015625e-05,0.1132812499999999,0.6781767224662797,607.8235926692671,0.9938445100327984,0.0771798931756703,bonafide,data/Bonafide/13597.png
146.86499181865656,1.2230517469456172,69.0273375186763,43.23455372923616,15.37687856324791,0.013646125793457,130.0,0.0055217742919921,0.0841346992240739,0.7071217968999158,1038.274022146108,0.9960247856250136,0.0807895275498865,bonafide,data/Bonafide/13610.png
78.88543495739214,0.7506214750992242,59.01609625380801,28.905781675527344,12.496731354116138,0.0075206756591796,57.0,0.0027742385864257,0.0870182398825994,0.6805652106260748,555.601330570912,0.9915035775686272,0.0738460065196177,bonafide,data/Bonafide/13620.png
82.06136836309088,0.5126893305022195,64.41939245637036,44.43353136931509,20.52170579009004,0.0046958923339843,74.0,0.0014066696166992,0.0678447425239035,0.6809989324432056,1500.1852491157051,0.9956938492033838,0.0834698304607434,bonafide,data/Bonafide/13638.png
39.50292056858507,0.5572097624993193,54.55912602008259,35.005755397752104,13.679808209223696,5.626678466796875e-05,10.0,1.9073486328125e-05,0.0743631664446965,0.6345786427874546,450.1646140930347,0.9892065129396078,0.100408628843466,bonafide,data/Bonafide/13640.png
76.87061977218309,0.6143335241363215,38.17177767898695,38.098215299430514,15.92971864820878,6.771087646484375e-05,11.0,2.002716064453125e-05,0.0948548382431532,0.7558319233870795,748.2716794804005,0.97343466235082,0.0962268982324276,bonafide,data/Bonafide/13695.png
187.35090882603888,1.311170060009495,62.67742790318704,39.5001511276218,15.184420109160198,0.0260562896728515,7.0,0.0204362869262695,0.1328124999999999,0.7289788779163217,820.0641335655793,0.9927762026550172,0.0662873693919345,bonafide,data/Bonafide/13715.png
282.66905841666346,1.193127138609403,51.83249435580195,37.56779674297641,14.836332517976937,1.430511474609375e-05,8.0,4.76837158203125e-06,0.107421875,0.8008492431575845,1436.415084871098,0.992613664565238,0.064129563636081,bonafide,data/Bonafide/13719.png
211.0305765184712,1.4607523038605683,65.00582467948246,55.264382155437886,15.496009146419546,0.0082435607910156,102.0,0.0036611557006835,0.2075488260572771,0.7163756382982605,1065.2736059480826,0.9916227729132402,0.0731981607272239,bonafide,data/Bonafide/13753.png
58.23363917646111,0.6620861842140323,57.29631863787707,112.65481096578168,41.138583418047766,0.0003509521484375,21.0,0.0001153945922851,0.0970734563122698,0.6851087536274962,617.9415376354001,0.99548729006021,0.0796328992931254,bonafide,data/Bonafide/13777.png
178.23792039071756,1.7516260325409467,59.47433313585737,34.83797294921078,12.73716299532074,0.0102510452270507,65.0,0.0032577514648437,0.1308739497480543,0.7347194230083502,1039.137756860919,0.989847666470041,0.081051852901723,bonafide,data/Bonafide/13836.png
294.6339043194666,1.5288204833735408,44.0681507777958,99.83867017720544,44.21182533637573,0.0114040374755859,260.0,0.009927749633789,0.1492576029261156,0.754941145585281,1458.7449323771252,0.9954114373508632,0.073389114775501,bonafide,data/Bonafide/13871.png
170.32309786567566,1.1581801974066877,72.7665570061543,64.41844781474927,25.67767732824153,0.0124006271362304,259.0,0.0078897476196289,0.10546875,0.7032403573066878,1465.9490973488544,0.991355873823536,0.0765330897328728,bonafide,data/Bonafide/13890.png
96.75313695987188,0.6571474469011572,50.17091447656148,28.27752067236446,10.531089581762965,0.0004177093505859,55.0,0.0001163482666015,0.1006214856783925,0.7416412446019659,1113.2053702799055,0.9844036793064525,0.0743243863426355,bonafide,data/Bonafide/13925.png
204.61488436995472,1.0367546559252034,57.02103364301159,62.31705863331085,24.43400400905747,0.0009355545043945,91.0,0.0005121231079101,0.1340774435326756,0.7451881999323754,1090.869092121359,0.9967828340566744,0.0736159475059969,bonafide,data/Bonafide/13993.png
106.60547134088029,0.8458842081576414,60.74322110375049,41.28111471417003,14.364775357332476,6.389617919921875e-05,22.0,9.5367431640625e-06,0.0880965469636242,0.720011387462415,669.3088900025709,0.9926364003364452,0.0783542177543818,bonafide,data/Bonafide/13999.png
70.91738283069571,0.8821126811967972,68.87239412214714,59.06172365122641,22.27623546034819,0.0583009719848632,27.0,0.0402565002441406,0.0987053028788537,0.6618978883732348,688.9232954000868,0.9952436711959626,0.0724058977184664,bonafide,data/Bonafide/14019.png
200.80839455452224,0.7200701001001811,69.66186209812047,27.63265356574144,10.61497063826558,0.006056785583496,198.0,0.0044288635253906,0.0994033178132659,0.7567766073690894,2054.9513919812803,0.9421636750599058,0.1041862643050461,bonafide,data/Bonafide/14036.png
135.9166729978815,0.6792160730902018,79.87773008310356,34.575175190721744,13.136590865263775,0.1202859878540039,76.0,0.1020441055297851,0.1806640625,0.7212427428541766,1254.0354418351935,0.9699190871659836,0.0695556785411649,bonafide,data/Bonafide/14055.png
136.17325770179647,0.8959655443751018,42.78372029424311,52.56562043130174,17.290221701049816,5.340576171875e-05,13.0,1.52587890625e-05,0.1145558179705779,0.7779232419901119,900.3301868489323,0.9947022223262022,0.0829042025942452,bonafide,data/Bonafide/14062.png
94.9638470955024,0.6103019385728371,68.61931833733816,37.27449749740151,16.56255914073017,0.1143560409545898,13.0,0.1142158508300781,0.1229150459484428,0.6843525619961626,1360.8779019090089,0.9925960566779432,0.0764694015110549,bonafide,data/Bonafide/14066.png
457.6789706778617,1.906391200716801,73.10540168300712,72.84453064520385,28.33502177946284,0.1628408432006836,486.0,0.1429758071899414,0.148642949925316,0.7796631078152475,2341.5650807527336,0.9954348139835776,0.0701369172009473,bonafide,data/Bonafide/14067.png
38.92989539939663,0.520772900544188,72.73525055274348,68.6501446259452,26.13386389530548,0.2174491882324218,121.0,0.1292076110839843,0.0589547796717329,0.6118254476982948,605.331228797413,0.9752379311015716,0.0854126926263934,bonafide,data/Bonafide/14083.png
67.0316104148651,0.737390778828405,55.75493376749971,45.98494605193817,16.661870939407915,0.0001897811889648,43.0,2.288818359375e-05,0.08984375,0.6982855442133769,563.3117831967508,0.9819874470362246,0.0906675632791732,bonafide,data/Bonafide/14088.png
352.41651498340707,1.525296070833966,41.10754223080193,45.95845247238242,19.15399360431836,0.0475749969482421,884.0,0.0242633819580078,0.1121240905248528,0.7744717462203379,1044.516968070833,0.9967244590592552,0.0754078023100334,bonafide,data/Bonafide/14164.png
59.19495079941317,0.7062084373899159,69.45400250995016,50.21137592257104,19.44846025017559,0.0045509338378906,403.0,0.0001678466796875,0.0847783373604112,0.6544288867464618,787.6994023301567,0.990547609950034,0.0953226011538575,bonafide,data/Bonafide/14201.png
232.7783794355928,1.1380306691425002,55.86721940928819,49.18006034216391,17.993369599211718,0.1122980117797851,415.0,0.0887479782104492,0.1588228121805721,0.7767669840915193,1155.9041817242537,0.99782969625695,0.0713157874228858,bonafide,data/Bonafide/14215.png
178.13514411908454,1.3566978384267183,63.59863114459312,60.51854081102566,20.913129219484524,0.0016765594482421,187.0,0.0002145767211914,0.084935677818306,0.7177379321914819,1492.2038502969897,0.9968923238355344,0.0736398666955955,bonafide,data/Bonafide/14220.png
65.68735376367749,0.7805890811484277,51.71629240635244,39.73226140525643,14.117370630452497,0.0044460296630859,39.0,0.0042781829833984,0.0647336461686584,0.6928672952121137,546.8821212565877,0.9957527867768096,0.0791008723371095,bonafide,data/Bonafide/14224.png
90.90078158251708,0.6389472149556009,81.24783839775195,39.56995370731239,17.934661491811422,0.081491470336914,152.0,0.0532999038696289,0.1035156249999999,0.6179281766596788,1584.9549425817488,0.9933999625743948,0.0785187998872248,bonafide,data/Bonafide/14261.png
115.52031747939236,0.9752421277228625,56.66135927626069,47.32483487754502,18.969311423973068,0.0004653930664062,78.0,0.0001811981201171,0.0868125065033857,0.7157831697620017,854.873978561114,0.9934150592055506,0.0864687980271872,bonafide,data/Bonafide/14285.png
194.01027476391755,1.0567841905717466,66.71820029225881,45.89548750684912,20.59213437434846,0.0033206939697265,34.0,0.0027675628662109,0.1209085340089416,0.7715813850371429,1252.7476079001071,0.980238765180618,0.0925478795362629,bonafide,data/Bonafide/14392.png
215.132176894429,0.9462692687639296,70.33880285725515,54.08428277028704,20.117634788428354,0.0017251968383789,135.0,0.0004568099975585,0.1278159531404326,0.7599378753475428,2001.3945056573248,0.9906506451984975,0.0655645201024913,bonafide,data/Bonafide/14394.png
43.47785006705726,0.5261464147316609,79.8077679990008,37.9868001036636,13.931920501145171,0.0397891998291015,628.0,0.0158920288085937,0.1416015625,0.5985655602313966,978.8178560244784,0.986095789919167,0.063400210264903,bonafide,data/Bonafide/14397.png
72.2640951315907,0.901383656190466,57.741133317017535,75.74945516546988,30.53261004851399,5.14984130859375e-05,2.0,4.673004150390625e-05,0.0926242632920263,0.6792562824938415,594.3954447532228,0.9832374546854948,0.0921270512057377,bonafide,data/Bonafide/14407.png
102.8282897197314,0.5796601683818354,56.65717931601963,59.68591805067422,20.99419918452792,0.0019149780273437,258.0,0.000187873840332,0.1527079605715557,0.7012698235944829,1389.0565614670836,0.9953191744310308,0.0806580765827137,bonafide,data/Bonafide/14413.png
109.95963664177908,0.6933753199722248,63.085589563859486,33.6298345902153,13.48162755470372,0.0001955032348632,23.0,5.340576171875e-05,0.1113281249999999,0.7066640534840304,1127.2738599439094,0.9953007023234084,0.0766479136051708,bonafide,data/Bonafide/14416.png
73.22645092732273,1.1346132509119915,74.47070069557786,38.86065275611606,13.34055823409002,0.0651435852050781,83.0,0.0247459411621093,0.169203368216102,0.6702338415437799,770.6736894948659,0.9723980747483264,0.1334427357839027,bonafide,data/Bonafide/14419.png
36.98025394133492,0.4874698719031994,35.63942191734253,34.59778357275305,11.037618686492468,0.0002202987670898,13.0,0.0001564025878906,0.0943912194063907,0.6620366008764131,395.8599306294898,0.9768378597815078,0.0926376885281574,bonafide,data/Bonafide/14439.png
63.87597000686219,0.7177974209819988,71.59347365216429,40.622876892047294,14.799999939498813,0.0579357147216796,196.0,0.0223407745361328,0.1225128696454367,0.6296503231934458,928.3908789806816,0.9890859247488848,0.0762456457575364,bonafide,data/Bonafide/14511.png
111.2852688619814,0.8783696802837472,51.46578612815664,31.183297229233396,11.354604552076651,0.000227928161621,79.0,3.528594970703125e-05,0.1092048411319761,0.7195334265729806,640.1058087470586,0.994959441608244,0.0742796658661052,bonafide,data/Bonafide/14512.png
106.96092046844478,1.453467491333385,39.48315790752137,31.693505673668017,12.990237543948352,9.5367431640625e-07,1.0,9.5367431640625e-07,0.1164793872852768,0.7542879756101464,335.96625916425137,0.9929052898277906,0.080097673522636,bonafide,data/Bonafide/14515.png
35.64274622583525,0.4471630157896779,57.89724524832526,32.4416547188808,11.46427797932834,9.1552734375e-05,14.0,1.811981201171875e-05,0.1105070116399046,0.6665740663597164,904.9449075384598,0.9963341270681088,0.0715767250758854,bonafide,data/Bonafide/14540.png
49.50877761613447,0.5975718156769573,51.1569583515163,48.557123133755496,20.174116712374037,4.00543212890625e-05,3.0,2.002716064453125e-05,0.0870511121018224,0.6678592533063354,451.1299355189791,0.9888907019914386,0.0726153056169642,bonafide,data/Bonafide/14555.png
144.48483536437467,0.857115210790419,57.24677957428813,48.84488148465144,20.89614619829257,0.0036554336547851,234.0,0.0021047592163085,0.0821474251750511,0.7778257392533103,885.5375392911101,0.9916306614103444,0.0778141632166761,bonafide,data/Bonafide/14593.png
123.34445184183912,0.9550562013946564,55.83857601621198,36.50984831927144,14.06564409045575,0.0100126266479492,26.0,0.0092592239379882,0.150390625,0.7284179622122527,839.8561646050528,0.990257851271946,0.0852437757793529,bonafide,data/Bonafide/14619.png
102.877000146319,0.7608495310778582,57.13194084203769,35.82976330064267,12.083036418783369,0.0414714813232421,74.0,0.0345916748046875,0.0871113456195261,0.7099404021735194,988.8363903933026,0.9910162105242816,0.0837057043767131,bonafide,data/Bonafide/14663.png
102.95342729234017,1.1510555763590595,63.90190989329604,39.2600214446471,14.354750709182095,0.0043573379516601,44.0,0.0042505264282226,0.0711249984982562,0.6945769053046597,702.8679179526418,0.989048106122877,0.103887568744219,bonafide,data/Bonafide/14678.png
128.74261854897122,1.288581861456051,59.64285702570467,37.235065143483936,12.731829565220009,0.0054283142089843,235.0,0.00238037109375,0.07321288476328,0.7177874991104055,672.3358498856273,0.9856307756907482,0.0621000600219381,bonafide,data/Bonafide/14686.png
87.51059073615761,0.7490701576124466,50.41711506248111,39.77457638004701,15.67864454176978,0.0173664093017578,62.0,0.0099267959594726,0.1296880882893283,0.7043619552342832,742.2927190199318,0.9925387232574644,0.0736027309201338,bonafide,data/Bonafide/14701.png
241.82173995548413,1.7475198509451602,49.86453995517,39.2477242138492,15.572714939204218,5.817413330078125e-05,19.0,1.049041748046875e-05,0.2177734374999999,0.7645373648653717,942.935451055012,0.9951810690719484,0.0817990748418267,bonafide,data/Bonafide/14708.png
147.31073090754847,0.6712076990486237,47.103653209665104,57.91401064679352,15.208005029356665,8.869171142578125e-05,7.0,5.435943603515625e-05,0.115234375,0.7809508201712199,1844.900260592904,0.9781898668953876,0.0769945916454104,bonafide,data/Bonafide/14713.png
103.34472673921846,0.7941521597401215,55.70373273286144,29.452246900104605,12.103200177056776,0.0334196090698242,151.0,0.0215740203857421,0.1392380881017211,0.7166536091496004,761.6966993828141,0.987157874650377,0.0851956223105499,bonafide,data/Bonafide/14723.png
158.72670142477364,0.9953964557317556,52.03532697754568,34.3534711832548,11.136339309749337,0.0376062393188476,678.0,0.0149908065795898,0.0856707507791457,0.7338327923453528,757.1261623441366,0.98345932136588,0.0814115397665012,bonafide,data/Bonafide/14735.png
409.99878787987006,1.3193040273708745,43.28267283776819,37.39644370933703,14.589616578020925,0.0013980865478515,100.0,0.001042366027832,0.1820837379061163,0.8289931803302271,2310.6052588592,0.9941512624096616,0.0760777717609462,bonafide,data/Bonafide/14742.png
109.81507396422874,0.7762677109983324,47.7842462942734,38.80331488974882,13.40507689057443,6.961822509765625e-05,17.0,2.193450927734375e-05,0.1049816042816493,0.711451503783558,820.8272274272783,0.9918383736161798,0.0813808363737487,bonafide,data/Bonafide/14764.png
155.47089668975875,0.7242878757603769,62.94622691222698,49.133076360816126,22.06680960958933,0.0213613510131835,103.0,0.0113353729248046,0.146484375,0.7372102896612839,1765.5263871328991,0.9967968327656458,0.0773502844645428,bonafide,data/Bonafide/14784.png
141.41375194396824,0.9337041370923108,55.80718498441638,36.58925838702861,13.77533625127102,0.0506935119628906,953.0,0.0181455612182617,0.0806861680893774,0.727630420672318,752.4250143562012,0.997404123987859,0.0749887485311404,bonafide,data/Bonafide/14812.png
87.67655318975449,1.632124988697114,76.76305061610472,117.447603263209,40.60745109163028,0.0163002014160156,9.0,0.0095157623291015,0.0535998496096195,0.6336304302051535,181.04642302797345,0.9945491939633364,0.0830998369010124,bonafide,data/Bonafide/14822.png
77.01880630012602,1.0235421586863938,69.88448890136465,46.65241086232581,18.648732622054634,0.2030229568481445,2524.0,0.18377685546875,0.0756505094018137,0.664555929819569,724.3379437042131,0.9936012923588324,0.0724418889550074,bonafide,data/Bonafide/14862.png
51.04524117579331,0.6380784611638565,50.56337911433337,74.23882677533321,32.702783861578446,2.86102294921875e-06,2.0,1.9073486328125e-06,0.0628537656446524,0.6976001713097173,375.4180006649959,0.9937037747958224,0.0811746365129374,bonafide,data/Bonafide/14885.png
255.8251783876976,0.962718793828056,77.51905402698888,65.21433559820909,22.817300498509564,0.0084190368652343,279.0,0.0050287246704101,0.1455078125,0.7663361053454038,2268.9213252035806,0.9808320079864956,0.0842203685594802,bonafide,data/Bonafide/14899.png
118.90050216592408,1.359972664241593,53.32130043496535,51.36696031062965,13.463511117719516,0.0,0.0,0.0,0.0880857209670287,0.7068509870474005,486.79699568131525,0.9931224539740644,0.069695473297626,bonafide,data/Bonafide/14909.png
34.56772020191056,0.4525079314982788,73.69521296227083,40.08131739876409,15.186848296873864,0.0027141571044921,10.0,0.0021829605102539,0.123775203719922,0.6391577424307894,543.6365290286149,0.988325401923726,0.0845354913560723,bonafide,data/Bonafide/14921.png
146.5426897501893,1.297213202362565,50.972649437188274,43.83078308617407,12.864600641522696,0.0004177093505859,60.0,0.000101089477539,0.1943359374999999,0.7767218218782357,1203.0718492690794,0.9954786623969808,0.071235955466967,bonafide,data/Bonafide/14930.png
68.64302440447136,0.8730947608521055,48.0689010705646,67.1934958316923,27.104603250085734,0.0174484252929687,75.0,0.010589599609375,0.0763375851753275,0.6713268326216415,664.5942859639483,0.9897157251618038,0.0937360591580006,bonafide,data/Bonafide/14977.png
43.96510499528085,0.4154267038163978,47.9506867514396,36.08628086986286,13.69161824347173,0.001617431640625,44.0,0.0004215240478515,0.0712087518520864,0.6378713441798071,795.2367974406166,0.979494021640348,0.1044675339400737,bonafide,data/Bonafide/15038.png
109.45953941283732,0.6517559336710378,46.56625772435,39.8377923461613,13.227699790868671,0.1283769607543945,441.0,0.1138992309570312,0.0877820509931415,0.7350982392980475,1273.0865975725385,0.9405405059861712,0.09204884857881,bonafide,data/Bonafide/15084.png
347.3288038556784,1.5758781804157285,65.64111865101216,58.51421838171533,23.835911359089916,0.0125350952148437,28.0,0.0052490234375,0.169855916167439,0.7538407300619319,1027.2305484308758,0.9949513797251186,0.0745043815537709,bonafide,data/Bonafide/15121.png
64.89888282148513,0.5146134281611453,61.25921082098311,86.87326324691276,30.452137799291776,0.1320314407348632,306.0,0.0334978103637695,0.0927734375,0.6557691237581968,1075.5730978001895,0.9895041908274966,0.0982834418448234,bonafide,data/Bonafide/15132.png
118.8269294300544,0.7193963359371086,68.41094256294984,72.00688343881671,25.33811938456084,0.0035762786865234,49.0,0.0009183883666992,0.1101569425953404,0.7230070969409705,1532.404733316186,0.9955075741713244,0.079399057817051,bonafide,data/Bonafide/15139.png
73.78642199280148,0.6393147954043178,49.44435229309783,66.55836278239005,24.81477280782,0.0049428939819335,212.0,0.0025148391723632,0.0531711153821915,0.70371164156747,792.7264505862049,0.996716498647276,0.0765462279620442,bonafide,data/Bonafide/15140.png
84.70469379414044,0.7785651887974945,67.05040337464708,46.30008607381624,15.93481378276539,0.0009984970092773,21.0,0.000558853149414,0.1533203125,0.702620323785131,591.1392625521811,0.9956489729079,0.0733390859942242,bonafide,data/Bonafide/15156.png
62.60422483091588,0.670902315291719,54.29672885428808,36.41229578090784,13.747610138550318,0.0020017623901367,34.0,0.0005750656127929,0.1059108932526315,0.6745613381487464,500.2509296426277,0.9958901885130396,0.0745442057595749,bonafide,data/Bonafide/15170.png
393.6476696152957,1.11579525182493,47.726074585111526,25.29054145519306,8.525728095793653,0.0329809188842773,714.0,0.0086212158203125,0.1212373927532728,0.8088845415073884,2607.9692903031773,0.9835421975801462,0.066281277855858,bonafide,data/Bonafide/15174.png
77.28875823740145,0.8596860740484472,59.13136659911541,47.25924565017073,17.774862693752276,3.814697265625e-06,3.0,1.9073486328125e-06,0.128168015121159,0.6971977927791511,515.7326980596134,0.990282941468678,0.0768087561679166,bonafide,data/Bonafide/15219.png
102.83078366791597,1.4231583034526207,51.34823995709515,31.50582451328639,10.57314992454853,0.0002393722534179,12.0,0.0001382827758789,0.0939659175363454,0.6933389290168217,639.3484266356604,0.9973965052986802,0.0727090777116409,bonafide,data/Bonafide/15237.png
222.06319294753388,1.378582274412679,51.78524941123004,68.8834678983328,30.568794719354997,1.9073486328125e-06,2.0,9.5367431640625e-07,0.2396431447434075,0.7767015412769069,759.5260454112331,0.9917060153395444,0.0800559948135502,bonafide,data/Bonafide/15238.png
60.45822837654487,0.6786085054061963,63.11199957482443,58.2768526113267,22.63557615054474,0.0001020431518554,25.0,2.47955322265625e-05,0.1966797844773842,0.6886508097725684,433.6227366635443,0.9952471353950902,0.0766265685681653,bonafide,data/Bonafide/15240.png
75.0037154734855,0.7895970020249824,48.39818878074546,33.76313080126233,12.528690398030164,0.0008049011230468,24.0,0.000288963317871,0.0785267988006821,0.7211039559052601,484.9779800671061,0.99275691993731,0.0850184577724804,bonafide,data/Bonafide/15243.png
247.9999674956452,1.0867343975463917,53.87938400183095,40.487652681297405,14.563859120517076,0.0006866455078125,150.0,4.1961669921875e-05,0.185785722093199,0.7937084922040692,1123.8940166189582,0.9956119785841224,0.0732890187128048,bonafide,data/Bonafide/15255.png
66.32839089014215,0.610446130903373,57.98757317829872,54.79856075371872,24.13583911731654,0.0377769470214843,272.0,0.0187091827392578,0.063652850158119,0.6744031310004912,1082.7189183786274,0.9947110004256544,0.0783106425802644,bonafide,data/Bonafide/15286.png
175.3161991209481,1.2077781593344044,59.35581425148813,47.37884321903822,18.32366471035203,4.863739013671875e-05,19.0,8.58306884765625e-06,0.0756505094018137,0.754713860501249,1487.6098428799546,0.9820102863348056,0.0883211379970196,bonafide,data/Bonafide/15305.png
219.6020612715574,1.3000286526112252,43.75934267917901,56.81555033509618,24.91334609368193,0.0,0.0,0.0,0.0932860018288222,0.768789281312554,1737.60629937664,0.974354580062796,0.0747552652878254,bonafide,data/Bonafide/15326.png
83.13770052696054,1.186276502988729,65.81423960083626,41.902258430174754,15.394929869531412,0.0001401901245117,19.0,4.9591064453125e-05,0.0569638206370698,0.6555461969732317,640.0896049367029,0.993303308950256,0.0763528733464057,bonafide,data/Bonafide/15336.png
56.60772550479942,0.5834063691246894,57.13342648598653,42.840161106188894,18.796678849425287,0.000157356262207,80.0,5.7220458984375e-06,0.0832372747553126,0.697277802793087,617.887531722869,0.9946435036226292,0.0776227605311483,bonafide,data/Bonafide/15370.png
451.2801526088115,1.5332128497474091,62.8614949342502,41.606255891288,16.437793565736705,0.0123805999755859,452.0,0.0049352645874023,0.1132812499999999,0.7929031503454044,3676.527482007141,0.9937585087056184,0.071850367077838,bonafide,data/Bonafide/15376.png
441.9285145785241,2.2784290123504847,74.49617602249732,61.71388406076716,22.065564809141357,0.0997896194458007,542.0,0.0736551284790039,0.180940982870732,0.7597939743728059,1659.2550124865936,0.9916709901650068,0.0740113528065938,bonafide,data/Bonafide/15386.png
61.09286846168743,0.8319507492661524,64.23611178660234,49.81046747059652,18.932948532708707,0.0695009231567382,171.0,0.0375223159790039,0.0913621062276133,0.6730662985966871,374.3627457858421,0.9943863960271008,0.072637888949446,bonafide,data/Bonafide/15390.png
136.5569658277882,1.0881381228834668,55.29661842653467,43.33161550362444,19.825353576863783,0.0286855697631835,171.0,0.0121183395385742,0.1292055297140621,0.7333231364602991,1038.7362817457283,0.9959757153230316,0.0744593273011253,bonafide,data/Bonafide/15407.png
47.95880890985427,0.6328515391792724,56.03387726558883,64.40533694940325,28.90603737523758,0.0435867309570312,468.0,0.0292530059814453,0.0670387217663378,0.6182294975288721,611.6300926893427,0.9947455036106349,0.0804067676479391,bonafide,data/Bonafide/15421.png
99.61480325272714,0.6838352274014177,55.56216532851506,40.146169312705545,15.600498925687496,0.0002107620239257,1.0,0.0002107620239257,0.115234375,0.7332522327657419,872.7449779242701,0.9930095767971944,0.0754900583858249,bonafide,data/Bonafide/15459.png
57.730853891549486,0.597689809400974,64.0054318731852,43.86866112406377,18.24249531775789,0.000187873840332,12.0,0.0001192092895507,0.0937499999999999,0.6922405732128625,572.4909064624657,0.9946856026779012,0.0718903567800776,bonafide,data/Bonafide/15469.png
401.733547953946,1.7680215604771334,58.67616119046316,46.31152645144373,17.827965571357844,0.1504030227661132,445.0,0.0385408401489257,0.1788482971946443,0.7961288639415479,2412.4229059481754,0.9982644590155882,0.0707951490617582,bonafide,data/Bonafide/15470.png
54.04930294083533,0.539324713789442,61.99651444921507,96.25289701873048,37.42882383796472,0.0009145736694335,12.0,0.0008058547973632,0.0824747358999565,0.6766776374110152,704.8435704217097,0.9810267620946804,0.0767930537764099,bonafide,data/Bonafide/15554.png
138.7854527267982,1.2134072599274597,54.11816649951857,48.23640719155864,18.101177053529327,0.0001802444458007,35.0,2.09808349609375e-05,0.0890574671343878,0.7373099806772846,712.4155640126697,0.9825547089189464,0.0644238198183679,bonafide,data/Bonafide/15581.png
80.44014067309672,1.0274495508556163,41.89610512220234,57.7911525097887,26.58770103269516,4.291534423828125e-05,12.0,1.049041748046875e-05,0.0668071538144026,0.7016430060238491,422.38435274720246,0.9952809819906484,0.0765596935521518,bonafide,data/Bonafide/15609.png
256.39014695465346,1.4797684924061056,86.51584969295173,39.470243031956144,15.17077529526519,0.326059341430664,454.0,0.3222532272338867,0.1072619548261404,0.7255538352569787,1118.1473746852976,0.9803463976652376,0.0780860045188662,bonafide,data/Bonafide/15636.png
85.89658327799043,0.9413105325147806,63.57604212889915,63.890343417118245,22.79380192974198,0.144479751586914,35.0,0.140726089477539,0.081640858627058,0.6924497250683324,741.5029300569013,0.9952278764275384,0.0726097802572244,bonafide,data/Bonafide/15637.png
64.4571160631449,0.5222776205094471,66.76241052198786,79.63887479731758,28.312861193762664,0.1529579162597656,368.0,0.0628776550292968,0.1243900677165713,0.6616574874633167,1279.83803787728,0.9956085165431716,0.0711401883737515,bonafide,data/Bonafide/15683.png
75.79322592332028,0.7215098235225496,48.9779450116501,62.67535974486909,21.94364525581137,0.0003242492675781,7.0,0.0002098083496093,0.1972656249999999,0.7215170035277259,527.1286704964622,0.9883992100394569,0.0718368849006736,bonafide,data/Bonafide/15699.png
115.4288901231339,0.8585953320640609,69.98082298967894,51.93535751760279,17.94572423906941,0.0011587142944335,27.0,0.0002479553222656,0.1070884384739321,0.6967988607543855,1269.6538018027998,0.9971358034814138,0.0735883563103131,bonafide,data/Bonafide/15718.png
86.8357646418508,0.9176547907430278,46.00577369126259,42.00737781081311,15.342327374094578,0.0002908706665039,55.0,2.288818359375e-05,0.0733722802978977,0.7411751354400845,421.2902820714714,0.9891435972873228,0.0827542733644364,bonafide,data/Bonafide/15722.png
120.16727733443894,0.850782547619243,49.467805476041946,58.61724874768988,20.562995614483217,0.0164623260498046,53.0,0.0090541839599609,0.1113324080864688,0.7246246569457934,772.107890094876,0.9967705607782984,0.0748586618582731,bonafide,data/Bonafide/15773.png
201.08122335858843,1.1674475044867167,31.881681910119337,32.08133248274819,11.95678970605822,0.0820512771606445,1251.0,0.0338926315307617,0.0917968749999999,0.791914650955148,905.1970180656864,0.9488032020269284,0.0837431506446318,bonafide,data/Bonafide/15783.png
94.1888625953934,1.1615156199984726,49.98905671063003,50.05458759543701,15.924287803947516,0.0061073303222656,32.0,0.0044546127319335,0.0947944948102889,0.720177654194315,665.4209434124765,0.9945726505732696,0.0776758838904143,bonafide,data/Bonafide/15787.png
176.32740482075943,0.8094627453834411,76.25120072121402,53.40183039130058,20.48000006144017,0.0708208084106445,442.0,0.0405521392822265,0.0948246713268036,0.707149061333388,1633.4576203266558,0.996152574517242,0.0732222463362992,bonafide,data/Bonafide/15804.png
87.8249539233866,0.7048815079681331,52.112252147142144,33.4933601841843,12.763591105122137,4.76837158203125e-06,2.0,2.86102294921875e-06,0.087890625,0.6963254278119314,1120.5809363544502,0.9951476255411816,0.0771658795583911,bonafide,data/Bonafide/15841.png
68.91054268093194,0.855515695867221,53.51602908449247,61.54925740375867,27.186849908525904,0.0054616928100585,6.0,0.0054397583007812,0.1086796043822915,0.683494854662101,480.6568206605603,0.9945926243443268,0.077943582686784,bonafide,data/Bonafide/15843.png
58.13541980156151,0.5221648265088614,46.02836469001991,38.65340031713857,11.49039612073886,1.9073486328125e-06,1.0,1.9073486328125e-06,0.09765625,0.7008474062038943,863.1059831041721,0.9847669420905352,0.0838863480749079,bonafide,data/Bonafide/15851.png
82.45735485567184,0.7883526682100115,62.43410235544744,36.62359265226122,12.520326229696282,6.67572021484375e-06,1.0,6.67572021484375e-06,0.1202263065082319,0.6982293566395018,726.219518674898,0.956685060212062,0.0841099341126308,bonafide,data/Bonafide/15860.png
372.3873725255107,1.2249894438812092,58.13097486534026,36.01595160451658,15.748630471125107,0.03289794921875,656.0,0.0156412124633789,0.1171875,0.767268579988124,2843.4515429670705,0.9759101744888844,0.0785980999824144,bonafide,data/Bonafide/15883.png
27.442948943411466,0.6772863757291192,87.67567556408652,38.53209084668084,15.732829377379254,0.0108518600463867,9.0,0.0106868743896484,0.1107828270890034,0.5486221239075584,536.4675931454562,0.9875653887383992,0.0823400238913844,bonafide,data/Bonafide/15915.png
106.53866764668784,0.7396316596379116,48.711965325675294,48.902187276758255,19.42644020788873,4.38690185546875e-05,22.0,5.7220458984375e-06,0.1044921874999999,0.7620483339960101,735.6079071392653,0.992187192438173,0.0829588101202391,bonafide,data/Bonafide/15947.png
112.69096202310176,0.8311605912939649,60.33709816184866,51.95034968972066,17.70596831487793,0.0006885528564453,59.0,0.0002021789550781,0.1220742186875019,0.7118142521527712,1228.5584580395648,0.9930172325390216,0.0756903704429601,bonafide,data/Bonafide/15965.png
72.93328329289125,0.6953116169822776,70.9979515818458,55.48945642285176,21.18181497004433,0.0037221908569335,45.0,0.0019474029541015,0.0732486976273405,0.7051454061320253,745.9145691482231,0.995236164004262,0.0735088099056263,bonafide,data/Bonafide/15983.png
83.27446268117274,0.6143599227322033,40.13494199268496,68.34742562697052,22.4715070915182,0.0411911010742187,402.0,0.0200920104980468,0.1379841689828676,0.7107924576403808,1153.8348463749476,0.9892132887169826,0.0828245194927874,bonafide,data/Bonafide/16038.png
72.92977711847925,0.6108519093203733,52.79107918220871,43.23746968494729,15.325111825282091,0.0041875839233398,53.0,0.003829002380371,0.070420923348906,0.7101925148611503,748.4203087070327,0.988372951198496,0.0764498725275794,bonafide,data/Bonafide/16049.png
32.482271187731385,0.6397559719385233,42.298982788771546,41.80795654746921,12.236479545812516,0.0022096633911132,34.0,0.0010461807250976,0.0591808155317409,0.6345417284717633,404.3546237973967,0.9909407505396955,0.0874099661393299,bonafide,data/Bonafide/16068.png
100.06960099738262,0.9447795480008762,41.95696567570367,46.71973781841451,12.180740095755992,0.0127201080322265,73.0,0.0115957260131835,0.0908203125,0.7503059235464573,694.9650268939051,0.9930853903019982,0.0797331868207127,bonafide,data/Bonafide/16079.png
134.44535348140107,0.8193894173924255,57.17721974755562,56.315651168374046,17.83689401579288,0.0011825561523437,13.0,0.0007314682006835,0.0820312499999999,0.7299411624829911,779.1713805059791,0.9963794955619142,0.0773605172043591,bonafide,data/Bonafide/16102.png
191.929146314621,1.5597910360768878,65.82646898591888,72.52374986314689,25.292952145522666,0.0155954360961914,19.0,0.0155210494995117,0.101157923145145,0.7623911934737932,797.5092615521106,0.9941884845730198,0.0655772208492772,bonafide,data/Bonafide/16116.png
142.377387043648,1.0425369483701177,76.29760584011417,36.626260105703565,13.378628480890576,0.1537008285522461,293.0,0.1484556198120117,0.0711786119976232,0.7258667295476673,948.2096763302428,0.980840341109264,0.0721706348761796,bonafide,data/Bonafide/16132.png
266.47915840017595,1.5366936646059064,35.25230389831765,25.3602439964074,10.202779504869902,1.621246337890625e-05,7.0,8.58306884765625e-06,0.1444602998361825,0.8282366088488904,855.9866458832953,0.9944183970532638,0.0784518685212488,bonafide,data/Bonafide/16170.png
130.89554123163907,0.8810027402335877,70.21664718086461,38.705509268531856,15.087176914742845,1.621246337890625e-05,6.0,8.58306884765625e-06,0.0987053028788537,0.7393219223314114,965.6161385194227,0.9984151410989868,0.0691377005767202,bonafide,data/Bonafide/16193.png
64.84229372464961,0.8347837985787334,52.70003798593009,42.7028783185903,19.430512419319367,0.0143651962280273,9.0,0.0110588073730468,0.1279445959824535,0.6802138236066979,640.9735192249349,0.9858116282002608,0.0699671973138673,bonafide,data/Bonafide/16205.png
79.54469751655323,0.6242867947305504,54.02052116078187,29.78526128248042,11.378823116908908,0.0037641525268554,132.0,0.0007610321044921,0.068589178467394,0.6990534644574351,883.6071189365032,0.991364825444181,0.0925794453202423,bonafide,data/Bonafide/16220.png
179.2975156800239,1.0010477551440748,61.13132837562356,60.69395973760935,21.68521929527492,1.52587890625e-05,6.0,8.58306884765625e-06,0.0966796874999999,0.7503967635888307,844.4750152647575,0.9923624667804564,0.079577756455414,bonafide,data/Bonafide/16223.png
286.36805402396465,1.3333420806990763,70.93809432997237,41.71675024048854,15.06580203102768,0.0471363067626953,230.0,0.0302371978759765,0.090288471338486,0.7722540343994251,1380.4828508416963,0.9807722568363836,0.0843547802983822,bonafide,data/Bonafide/16229.png
189.38237707400916,0.9479259806448714,60.7631350390711,41.013956750651175,16.101419413920148,0.0415687561035156,393.0,0.0244646072387695,0.146060584888627,0.7326020795565376,1178.5169395328544,0.9931544061314256,0.0664684352290786,bonafide,data/Bonafide/16241.png
157.33458107127444,1.243680049744205,57.26880604931454,43.57133182926223,19.992752449631887,0.0121278762817382,1289.0,0.0030603408813476,0.2236328124999999,0.752124536761505,942.937597355408,0.995380624612111,0.0825960816761275,bonafide,data/Bonafide/16243.png
209.7678155484864,0.8299502556706597,39.72035923586251,40.10538941690095,13.902251003751186,9.5367431640625e-07,1.0,9.5367431640625e-07,0.125,0.7806058094478835,1060.206228018459,0.9548535275870392,0.0874556344512831,bonafide,data/Bonafide/16259.png
101.5153111049358,0.9111429371028364,61.60988575168148,52.76235207734327,16.355690646430425,0.0899801254272461,118.0,0.0493507385253906,0.0850590982871086,0.7095500414588268,564.5302566798085,0.9923824448120336,0.0738322256842246,bonafide,data/Bonafide/16260.png
85.88349030599693,0.8486462612464496,70.38136476630608,31.962999134315837,12.901369501544572,0.0664949417114257,537.0,0.0110273361206054,0.1545469936763395,0.6999577248817008,964.828990093022,0.9879750027146889,0.0831470137588991,bonafide,data/Bonafide/16298.png
32.40437021882008,0.6880758018489659,82.60035770748534,45.93921502328246,17.75425572027476,0.0010948181152343,45.0,0.0006570816040039,0.0789899627489967,0.5795123375092619,387.9388489756662,0.9929727820543316,0.0826933169491662,bonafide,data/Bonafide/16311.png
674.8241613370919,2.314063916961026,52.61331273000888,49.99524936452013,21.34628868742848,0.0009336471557617,120.0,0.0003595352172851,0.1622872353545811,0.8013824521839322,1607.7627883875232,0.9945864649486278,0.0720794170794495,bonafide,data/Bonafide/16321.png
226.54557093815575,1.0547670978591464,62.39120169238836,37.65160485634488,13.494266015046923,0.0326366424560546,166.0,0.0242128372192382,0.2014194187685985,0.7539973971024091,1756.8462765130585,0.9875468646504484,0.062333273072035,bonafide,data/Bonafide/16337.png
107.84879291322068,1.0321680998801142,55.86108585455908,31.86488033913658,12.81768577022443,0.0578470230102539,60.0,0.0562295913696289,0.1328878749807315,0.7271446697577487,683.6772958496801,0.9963710019342136,0.06834469622968,bonafide,data/Bonafide/16367.png
137.73430043410917,1.1529816739116123,74.72052308907556,45.2749442338131,18.11814100290833,0.0443754196166992,98.0,0.0391492843627929,0.1734491567732503,0.6679976456154254,1400.9021682443558,0.982639598446417,0.0862736633334931,bonafide,data/Bonafide/16397.png
54.86088040226514,0.4954420478701215,52.98729374428795,50.549292790426,23.260367716749062,0.0025272369384765,59.0,0.0009765625,0.0813072589706978,0.6830446287631593,669.7202782233464,0.9724486651382174,0.0677340859840458,bonafide,data/Bonafide/16402.png
250.1084043517685,1.4241348515108825,53.818711392216365,68.62244881228627,27.06750196230568,7.62939453125e-06,4.0,2.86102294921875e-06,0.1063624067909763,0.7854881122029622,949.6244640110432,0.9969490080788168,0.0688125175963635,bonafide,data/Bonafide/16405.png
106.60759899517508,0.7019462640911917,49.05096432819757,32.16449329358806,13.862077300984868,0.0333080291748046,180.0,0.0157327651977539,0.1087541671480698,0.7186889780843491,1099.988071020205,0.9946297050171784,0.0712832613426644,bonafide,data/Bonafide/16412.png
93.19379425031002,0.8910164076153643,54.47094625554515,62.61688851093172,20.75437020975234,1.621246337890625e-05,3.0,7.62939453125e-06,0.1099337881393077,0.6886933274891113,861.7335634783435,0.9971187741273836,0.0718343433149902,bonafide,data/Bonafide/16469.png
136.95424620009362,1.1855739403574217,37.9701034438928,71.78247369441989,29.879470440671064,8.58306884765625e-06,1.0,8.58306884765625e-06,0.2294921875,0.7476817450929528,650.1719073684246,0.990370441097646,0.0736122783369576,bonafide,data/Bonafide/16486.png
47.52713574509471,0.5477030681520899,71.30066457972225,44.33568439652177,14.387567471047356,0.001265525817871,19.0,0.0004224777221679,0.1179681841097768,0.6405561035930522,907.0926239826888,0.987448971834114,0.0937337776129115,bonafide,data/Bonafide/16529.png
182.23701243764663,0.7462309086296206,72.34089165022078,48.26917295570957,18.297805102488105,0.3495922088623047,193.0,0.1774435043334961,0.1419916501881168,0.7414059260298959,1689.6615342347663,0.995703154223466,0.0782863973334887,bonafide,data/Bonafide/16535.png
70.28790703134928,0.7200189028233196,65.81155222387976,47.22881901556501,17.41258639179457,0.0005788803100585,68.0,0.000192642211914,0.1335375572837928,0.6772889502966399,663.0075892400496,0.9871869883755072,0.094226489973462,bonafide,data/Bonafide/16557.png
303.34081685401907,1.708301536933035,56.29782908812808,47.51414745631958,17.035638276423523,0.0349483489990234,389.0,0.0225944519042968,0.150974477973158,0.7652022722522727,1342.9511206899483,0.9910692836066716,0.0745134515334996,bonafide,data/Bonafide/16581.png
412.9201590655392,1.21087059485046,62.38810300442699,77.8426897673067,28.744753204510484,0.0171880722045898,209.0,0.014195442199707,0.1044921874999999,0.7726351024965235,3104.652959570508,0.9916348965513134,0.0741074924053088,bonafide,data/Bonafide/16582.png
43.08717343804528,0.7995744713321029,57.49108261067742,48.13208255251716,15.89467177645805,0.00103759765625,24.0,0.000274658203125,0.0748138661144328,0.633880509947861,364.9713675732771,0.9884510293690142,0.0628021567661259,bonafide,data/Bonafide/16583.png
73.56837748884482,0.7372629856256138,49.86187044534325,51.44156186452426,22.245545881118687,2.6702880859375e-05,7.0,1.71661376953125e-05,0.1388677369011635,0.6987152769808413,501.97019492254,0.9949365757164752,0.0705640370164051,bonafide,data/Bonafide/16599.png
83.51853618977111,0.5724659510359736,67.74189260091588,27.937048908361334,11.8602745711138,0.109959602355957,330.0,0.0432233810424804,0.0949352364888678,0.6812433135248567,1261.6426307711454,0.9925004906433208,0.0797147810626515,bonafide,data/Bonafide/16600.png
116.47461744511293,1.3698631381759214,51.64953955368,41.08208954080549,19.334484371332795,0.0207586288452148,83.0,0.0199003219604492,0.137027065861327,0.7373678449223319,426.1641611249115,0.9966445713662294,0.0741509982906137,bonafide,data/Bonafide/16603.png
456.2127674304928,1.6680686768837274,72.70274932408506,38.324839424504106,15.177513786932812,0.016280174255371,1070.0,0.007730484008789,0.154296875,0.7928332102991633,1424.2781027425713,0.9952209809905788,0.0761741939661086,bonafide,data/Bonafide/16639.png
81.53039637776965,0.8213379137536055,65.64142416388889,42.99700880328084,14.891294693317992,0.0001916885375976,42.0,3.4332275390625e-05,0.0785905319374101,0.6986154576747616,584.1894811688264,0.9947453391654634,0.0815148116383359,bonafide,data/Bonafide/16650.png
83.83520043194494,0.8922191436428852,58.85906846481152,60.82024602411946,19.77510387303687,0.0003442764282226,3.0,0.0002574920654296,0.0649248833538854,0.6706268383536548,415.7320675532664,0.9969717967344962,0.074645585777076,bonafide,data/Bonafide/16670.png
372.9884004379991,1.5408072458081143,55.57368198737848,43.81786261328114,15.370330095977842,0.0424070358276367,685.0,0.0106430053710937,0.1112788576566858,0.7992686703809451,1672.1798528904749,0.9934757768640794,0.063743735346023,bonafide,data/Bonafide/16704.png
203.8647249720952,0.8366193009499652,62.45293780610256,85.20237087145387,26.51010865170087,0.0022830963134765,5.0,0.002242088317871,0.2114161958349646,0.7718818973907193,2926.117751953132,0.9755096616755818,0.1228867250338668,bonafide,data/Bonafide/16710.png
35.256132507593975,0.5100466710629674,75.08777973670674,39.66362944391256,18.402717853533225,0.301675796508789,244.0,0.1395435333251953,0.0654296875,0.565375255220852,1081.4572026255412,0.9968434415168156,0.0776981250963231,bonafide,data/Bonafide/16721.png
88.94748362860172,0.762287454595962,65.62471348162768,69.9783401079356,24.32811501822133,0.0972537994384765,13.0,0.0854377746582031,0.1274647892221811,0.6744294562148987,482.7948833161836,0.9914858795413684,0.0880671652033885,bonafide,data/Bonafide/16780.png
118.06710160088458,0.8092623560419752,70.46181517731446,53.71631433953649,20.93040981916787,0.0015535354614257,142.0,0.000676155090332,0.074321474962658,0.6886559916428907,1319.2640710120425,0.9966137557926208,0.0695414658468521,bonafide,data/Bonafide/16813.png
58.60801669663852,0.6760356422545406,60.88046816336571,55.94588658440192,18.54780128203001,0.0057668685913085,4.0,0.0057086944580078,0.0794954266462292,0.6596142124324922,1181.1880690904406,0.9927491789565404,0.079121319022991,bonafide,data/Bonafide/16843.png
70.19908368667438,0.5182296358182179,54.63583701026936,57.71137978122006,20.325840700553456,7.2479248046875e-05,8.0,2.86102294921875e-05,0.0855649328115834,0.6864380798502645,801.0068042128703,0.9682795002511534,0.0878552019651549,bonafide,data/Bonafide/16850.png
221.4383726104706,1.0521736358031284,71.33788570345827,36.34546856209899,13.88173314656424,0.3075284957885742,433.0,0.2855358123779297,0.13671875,0.7300933242642197,1144.6140228373397,0.9831511868945274,0.0721130219017032,bonafide,data/Bonafide/16852.png
91.39090726602808,0.6954270108445789,54.25696611807889,36.00986103617272,13.517993160933218,0.4656438827514648,111.0,0.2671260833740234,0.0693565660334558,0.6883349687370518,729.7787408867049,0.9966670950273818,0.0760908922659057,bonafide,data/Bonafide/16861.png
62.38751493184009,0.9458150929211462,52.77632359810523,39.28518599085348,12.845220662278106,9.250640869140624e-05,20.0,1.52587890625e-05,0.0977782441137733,0.700096781360339,441.5665833399419,0.9931511784911216,0.0836151468212895,bonafide,data/Bonafide/16865.png
56.05289384243952,0.4721726855471833,72.44737174644033,37.440015640563466,14.227075959255442,0.0435380935668945,208.0,0.010329246520996,0.076212554241885,0.6399664823007674,851.2925390368788,0.948107342973343,0.1022667470450027,bonafide,data/Bonafide/16873.png
99.34991426759734,0.7892914182787152,82.22059367542833,67.7963532325474,25.60044967706984,0.001220703125,56.0,9.822845458984376e-05,0.1191406249999999,0.714632407417268,948.8963616537268,0.9908564560243484,0.0777680690656069,bonafide,data/Bonafide/16879.png
116.33361893110028,0.884222368984346,46.047917601275536,54.49420293122842,21.008707165746834,1.33514404296875e-05,2.0,1.239776611328125e-05,0.1616498570043637,0.7021777651512808,796.5939200573197,0.9914504364781928,0.0721546532664089,bonafide,data/Bonafide/16909.png
47.553429517857694,0.4571864826502286,60.37073577706901,38.05109642117372,12.49568305470664,0.0152521133422851,33.0,0.0146827697753906,0.0812397877070678,0.6661813217866333,711.9386114467923,0.9885005916631072,0.0887621136893232,bonafide,data/Bonafide/16911.png
89.6672894020885,0.693776498633882,71.54635249517192,53.54659675427287,16.33931213575754,0.0003881454467773,45.0,0.0001306533813476,0.2187499999999999,0.6795311414759826,717.562861475293,0.9763161206468558,0.0712250927651474,bonafide,data/Bonafide/16924.png
120.1276232489172,0.6174615577589447,50.543855846290505,69.71621305746179,30.74273649689317,0.0015668869018554,19.0,0.0014524459838867,0.135573467537338,0.770963212042683,2526.01525675012,0.996838847215506,0.0695684246633097,bonafide,data/Bonafide/16942.png
134.4177503196106,1.327875771447292,50.68216429499519,35.17601466759445,11.73546940533718,0.0040283203125,47.0,0.003727912902832,0.0887759232606524,0.7339664814983868,388.094295033189,0.9927710267480596,0.0782142059233698,bonafide,data/Bonafide/16979.png
239.30794477722424,1.03954650742906,70.51102233038162,40.539126789780745,15.03834692139342,0.0058403015136718,156.0,0.0018291473388671,0.1025390625,0.7251379641619127,1985.5148504185488,0.9775949763746966,0.0867856200534024,bonafide,data/Bonafide/16986.png
103.88715889677404,1.116994188054559,32.35620794954957,46.59212213169245,19.833383384642133,0.0364017486572265,714.0,0.0087223052978515,0.0765029364128276,0.7319890110153495,757.4855633110881,0.9937068300432093,0.0769297685472479,bonafide,data/Bonafide/17004.png
327.474097245008,1.2517766190947517,67.86076630355517,44.97988063462232,18.56024325127686,0.2207441329956054,358.0,0.1263999938964843,0.0862393712668067,0.7708956562574504,1679.7266723343732,0.9950866593281588,0.0800519098464291,bonafide,data/Bonafide/17017.png
92.21663951873688,1.0697393015007093,43.94163878131765,31.108256174119965,11.884400597417432,0.0067377090454101,38.0,0.0025663375854492,0.0633825927038436,0.7021969544001062,456.4489349598616,0.9870904863644758,0.0849528896942273,bonafide,data/Bonafide/17053.png
181.85652371927333,1.16430827145978,52.58987126437216,33.031783396858835,12.481932834396664,0.0358657836914062,132.0,0.0350980758666992,0.12568476986872,0.7321772079259672,1063.431450233721,0.9928026905146004,0.0773399680083221,bonafide,data/Bonafide/17055.png
203.13254729226173,1.0790520061660809,55.35950941027277,54.06542064901351,22.927028513187484,0.1106367111206054,475.0,0.0214481353759765,0.1008959686532545,0.7414568404401524,2167.152396860993,0.9931408604958992,0.0770609624349287,bonafide,data/Bonafide/17058.png
77.2102408277533,0.9196110866893548,61.45340426890676,44.74505151385832,13.390688583686746,1.9073486328125e-06,2.0,9.5367431640625e-07,0.122606245405173,0.695627634133556,343.75938143707606,0.9690877343869618,0.0933720575898546,bonafide,data/Bonafide/17088.png
209.523453350338,1.1200348263256648,69.56322733195304,41.44505430663813,16.34283154457289,0.1654386520385742,167.0,0.1593198776245117,0.1425781249999999,0.7260785904135143,1170.926868595735,0.992756416589706,0.0717271091720194,bonafide,data/Bonafide/17093.png
485.2756126839074,1.779061373279131,67.87585149315852,53.71912507576515,23.52860323438372,0.019993782043457,799.0,0.0068044662475585,0.1762810278020282,0.7798004313650037,2301.7509905487923,0.9950053804161284,0.0776350010453417,bonafide,data/Bonafide/17105.png
32.8893354688189,0.4363765895102723,51.01127313271487,69.23863422197017,21.459152048571298,9.5367431640625e-06,1.0,9.5367431640625e-06,0.0642604838920394,0.6532154748087234,437.5328713133131,0.992323429742026,0.0903684543462442,bonafide,data/Bonafide/17162.png
63.79032301151892,0.4725978629323694,71.1318821105987,35.39976577725339,15.960005307046352,0.0036649703979492,96.0,0.0028324127197265,0.14453125,0.6566614844644542,825.4325317005521,0.9964370999655257,0.0764391870275734,bonafide,data/Bonafide/17164.png
172.4663556895539,0.9563905304228604,69.30864594377248,53.929494152005184,24.62034173956802,0.0044660568237304,345.0,0.0011491775512695,0.1255424174934029,0.7090804797303853,1149.418290654689,0.9940467233715048,0.071198857156541,bonafide,data/Bonafide/17191.png
105.5757759292028,0.684576187990371,62.91537107473003,56.9888621448018,22.834519647804157,0.000105857849121,20.0,4.9591064453125e-05,0.0935794550657375,0.6977053086383085,1135.6295008671432,0.9915143051874036,0.0868258559261361,bonafide,data/Bonafide/17205.png
139.78581316108372,0.6088806141718408,50.06624730247103,53.73265306902114,15.889385485028166,0.0048484802246093,14.0,0.0034036636352539,0.1728515625,0.717448290277235,877.6496496922466,0.984226719781809,0.106406437555275,bonafide,data/Bonafide/17227.png
140.59234012671732,1.1513105627965536,65.80515353983468,54.68273520120431,22.53029781325739,0.0277261734008789,143.0,0.0181894302368164,0.1028408876320372,0.6865242670894475,1029.0578174191849,0.991269123516029,0.0883996782203276,bonafide,data/Bonafide/17239.png
298.09504875450136,1.148776097602544,66.59206150798187,51.89699424836252,15.349662385179442,0.00384521484375,8.0,0.0022077560424804,0.2275390624999999,0.783860129930618,1506.1415920674908,0.9951848801456946,0.0700652363586571,bonafide,data/Bonafide/17246.png
82.5697915065648,0.6673557039328801,43.4546322675713,36.10046772657631,13.397544494233475,0.0001420974731445,15.0,4.57763671875e-05,0.0973848768521167,0.7311168824218198,628.9369498150332,0.9850025112364404,0.0839146107043593,bonafide,data/Bonafide/17275.png
84.88996149363719,0.5477372663331185,52.621316608234885,55.38867872022969,21.10853411275664,0.0003728866577148,117.0,1.811981201171875e-05,0.1308028825121462,0.7439617453586572,1221.1640749239275,0.9906971151739564,0.0866283960624193,bonafide,data/Bonafide/17280.png
104.8293456904612,0.7684941244686115,49.20762353586564,79.46704891731638,38.120665929320126,0.013401985168457,107.0,0.0088357925415039,0.1026947293096316,0.6999478314434485,836.4528043783168,0.9933336862860076,0.0647993630872693,bonafide,data/Bonafide/17336.png
55.01594347037826,0.8014403720864712,58.238584625477216,104.8380094004869,34.96125127128079,0.0008192062377929,58.0,0.000349998474121,0.0697576031659839,0.6698012366438019,334.21839744059685,0.9960165651309792,0.0762822194364463,bonafide,data/Bonafide/17343.png
144.59260999885373,0.8254008976470403,51.69308983760509,38.06991631885146,12.946013649555558,0.0501260757446289,675.0,0.0180883407592773,0.1337890625,0.7269424305709812,1153.412118832556,0.9954684722558328,0.0696139850173954,bonafide,data/Bonafide/17356.png
60.61983234775471,0.7176174305555324,46.65539524073682,47.20802928642157,16.632258624454593,0.0112829208374023,20.0,0.011244773864746,0.0950958290637516,0.6866006512854544,626.3411163942137,0.9948385610924432,0.0777040581538239,bonafide,data/Bonafide/17394.png
708.9764241910889,2.00326824791126,52.78271285444029,47.85232226214935,18.460416194591765,0.0014505386352539,88.0,0.0011568069458007,0.1865234375,0.8383406105309975,3210.475640046285,0.9847570081223976,0.0688067307412505,bonafide,data/Bonafide/17406.png
460.7642421523197,1.061369146701934,72.46173312247227,30.298601918484973,14.51816420716589,0.0251531600952148,290.0,0.0208072662353515,0.1679346804110622,0.7825803018783107,2776.8757403117406,0.9583861695135644,0.0966014787926236,bonafide,data/Bonafide/17419.png
83.37955944712212,0.8758492143451294,49.24439111651459,43.286116006773646,17.72766279216692,8.106231689453125e-05,12.0,3.147125244140625e-05,0.0790985483607834,0.7430254950866804,542.8583621904974,0.9966887512813108,0.0713010409656982,bonafide,data/Bonafide/17420.png
60.79364098339192,0.7044689299127996,65.5911376608672,33.899409973742415,13.27446303318352,0.0032386779785156,12.0,0.0024890899658203,0.1151702185017304,0.6653347580356768,720.3315203190566,0.9947879143427518,0.0736780102070136,bonafide,data/Bonafide/17429.png
691.6145610707133,1.6983954638284129,59.53080697276548,39.31386530372838,14.33243722414776,0.0126829147338867,280.0,0.0077247619628906,0.158836322053141,0.8354155389593418,3123.109959061593,0.98194529764584,0.0754104813473686,bonafide,data/Bonafide/17436.png
100.11525660297777,1.2672365967920385,41.84454892428717,28.60028813340969,10.64471742173546,6.67572021484375e-06,2.0,4.76837158203125e-06,0.1013015917036324,0.7515172528267018,332.2825768298863,0.989208575961292,0.0729037116171291,bonafide,data/Bonafide/17441.png
175.71130305073166,2.0752108213486027,41.79058834993237,31.69909938743062,12.81670321627218,5.7220458984375e-06,3.0,2.86102294921875e-06,0.1008392403714032,0.7566757096927562,508.7616001290015,0.9867354746568514,0.0759545843255806,bonafide,data/Bonafide/17456.png
108.55639142772178,0.9485877454461796,52.345435323286175,66.02341242237114,29.195376045792862,0.0007266998291015,116.0,0.0001630783081054,0.1158060666565568,0.7177359576256667,563.261356656772,0.9962721438440126,0.0728102735528909,bonafide,data/Bonafide/17492.png
28.710175507337222,0.3952615763819167,51.77337394488278,40.04381041074589,14.938149418306628,1.52587890625e-05,5.0,9.5367431640625e-06,0.0632168666014093,0.6243938032662656,337.200741269699,0.9920934979062614,0.0902046471575755,bonafide,data/Bonafide/17496.png
283.5087029599672,0.883519806353039,67.39336992413776,53.07799100879635,20.7645762771934,0.1901092529296875,365.0,0.060215950012207,0.1181640624999999,0.7405988296441267,2537.4199028931007,0.9965416584681894,0.0736356326954712,bonafide,data/Bonafide/17558.png
70.03253723476882,0.6997531807393801,51.41126892545493,46.93071101480851,17.754772697216225,9.5367431640625e-06,2.0,5.7220458984375e-06,0.0989007615047564,0.7190517302286243,380.0627874850979,0.9870348135464564,0.0813275463207284,bonafide,data/Bonafide/17621.png
352.2093467377126,1.7731574873016704,58.90421513346466,62.83354134370438,25.93680251709647,0.0002117156982421,91.0,1.430511474609375e-05,0.1386667170035442,0.8079128573022365,1406.464975576222,0.9969611017850746,0.0743800695109287,bonafide,data/Bonafide/17627.png
192.76390165321112,1.285568421738278,51.9763348884006,65.22893629457238,26.531042468775407,0.0052986145019531,335.0,0.0010738372802734,0.1395032434667529,0.7289783695380667,1570.0625407315756,0.981766068523242,0.0810938587433284,bonafide,data/Bonafide/17644.png
268.722163638492,1.5354469309185823,68.49839140422768,45.95480551259289,17.125861449806568,0.054779052734375,242.0,0.0434780120849609,0.0847305154823588,0.7672330154505326,1509.8582660098257,0.99342115745028,0.0753998951496585,bonafide,data/Bonafide/17655.png
54.19185155768992,0.6044346506487581,52.43776594169606,38.45766810468624,11.44929972224929,0.0004539489746093,8.0,0.0003118515014648,0.0761718749999999,0.6860687593648743,521.7077774420883,0.9901278283038,0.0726851796175737,bonafide,data/Bonafide/17714.png
55.26858384249499,0.6822317126909647,63.38225261380978,46.23006225542585,20.015596381996545,0.0033245086669921,192.0,0.0014238357543945,0.0778927211039424,0.6657171069169047,749.8504081844545,0.9958180453561246,0.0790324736165961,bonafide,data/Bonafide/17723.png
98.61973846928504,0.7180888054835116,74.86845085860759,41.56652188946189,15.308970236229838,0.1131401062011718,123.0,0.0891361236572265,0.0996285214441941,0.6859577934737612,1148.798779991,0.969608743929672,0.0712416025452449,bonafide,data/Bonafide/17757.png
102.92292321026522,0.6943140700409283,54.838938209755305,47.10996429905147,19.939686024895384,0.1392726898193359,544.0,0.1015195846557617,0.1563598246845736,0.7183323334924557,913.5658223558822,0.9952076744584292,0.0793733023247677,bonafide,data/Bonafide/17761.png
281.93199789531985,1.1722676481074867,71.31229650345888,48.37684319761739,20.892740372093964,0.1214208602905273,688.0,0.079620361328125,0.1622284601193794,0.7276779223279893,3002.8614656658124,0.9975864733702908,0.0748392588453964,bonafide,data/Bonafide/17794.png
78.85674585621746,0.6027771388103653,60.15494114843004,32.8260160506588,12.527886753890131,0.4183425903320312,75.0,0.2637596130371094,0.0966796874999999,0.6785391300496004,880.3984203907492,0.996053004184951,0.0679828192180416,bonafide,data/Bonafide/17795.png
83.04473290915121,0.7863167764973138,54.16321260387799,55.64701477522706,18.13684416185953,2.574920654296875e-05,9.0,7.62939453125e-06,0.09765625,0.7039644621815183,467.08529571288295,0.9848837526466694,0.0821774177263842,bonafide,data/Bonafide/17798.png
38.28592187679078,0.4716645125764599,70.28523737153694,42.68042547048942,17.171814915392876,0.0002403259277343,53.0,9.250640869140624e-05,0.0727719278225052,0.6361193339619712,518.7520223141637,0.9930579508750392,0.0848881957818225,bonafide,data/Bonafide/17801.png
127.20615811956576,1.640977117860094,61.78501344134303,39.09924329850374,14.428084976622372,0.0398511886596679,52.0,0.0208425521850585,0.0900902062922235,0.702656580448115,428.782567096936,0.993949782615015,0.0694580818662926,bonafide,data/Bonafide/17879.png
96.7471182850677,0.8300414508200694,46.03650211541866,31.543700369314607,12.352630768562332,0.0242090225219726,263.0,0.0079813003540039,0.1036859227130069,0.7178367513567325,761.2978313876681,0.9937198966391072,0.0801149965169682,bonafide,data/Bonafide/17889.png
60.22784910326936,0.5522506262714447,50.15695001159623,39.41576607291002,13.079491593766353,0.0001277923583984,7.0,6.008148193359375e-05,0.0839730188543189,0.6771871425176544,1030.205482001539,0.980570149317182,0.0845824804367712,bonafide,data/Bonafide/17894.png
187.36195436340856,1.6440539542058554,73.43905586858997,50.37682416639692,19.165391040976758,0.004042625427246,40.0,0.0039825439453125,0.1583115947590581,0.7345026871991129,642.7894884227433,0.992766113137458,0.0746674006051927,bonafide,data/Bonafide/17896.png
176.3281249965039,0.9173008095709771,66.35441475475282,40.72764834656881,16.86776157227501,0.0415191650390625,644.0,0.0183267593383789,0.1266861676379895,0.745494538910757,1743.8702345092577,0.9717714373998712,0.0787819006950968,bonafide,data/Bonafide/17898.png
83.78203666273839,0.6885791750749836,75.72214877962323,45.604607262653815,16.93253877471313,0.0859737396240234,23.0,0.0701608657836914,0.1148800331980622,0.6526921062010207,649.0260148987193,0.9907086423410364,0.0708068865999825,bonafide,data/Bonafide/17905.png
236.3286337256432,1.4559109613673475,54.85756348677359,47.99725954042509,18.81904392906025,0.0275945663452148,149.0,0.0065631866455078,0.1718749999999999,0.7597490154275643,836.3128309511553,0.994555507403072,0.0718647535576067,bonafide,data/Bonafide/17909.png
92.51918120383104,0.9137481985312562,85.63623872661844,36.16428759726108,14.535812541279164,0.1983890533447265,410.0,0.1873455047607422,0.1562515258714557,0.653764279372518,622.0051912972813,0.9889339710082647,0.0795202363775469,bonafide,data/Bonafide/17936.png
123.43587179510725,0.8765341779125154,43.99742669825863,70.26899503042762,31.45824080587099,0.0004358291625976,25.0,0.0001649856567382,0.1034257606690456,0.7382158056026116,793.8218832297177,0.9946666667551642,0.0763006684399989,bonafide,data/Bonafide/17966.png
126.2154875243432,0.7626278364913462,55.43791011404236,74.61331244960424,35.91096154922722,0.0020256042480468,35.0,0.000589370727539,0.1163647059098854,0.7282653584549685,2002.4259799361223,0.9957734173452828,0.0723321571347438,bonafide,data/Bonafide/17986.png
94.80505169968455,0.7457465343930632,46.577607927047225,51.17924004219964,19.028500568283427,3.814697265625e-06,2.0,2.86102294921875e-06,0.1368041725325454,0.716614530426808,516.106493169213,0.9974091032359826,0.0699921617500715,bonafide,data/Bonafide/18016.png
174.6330607190166,0.9724482763253784,75.52292134046766,61.65299750638388,25.6945302659996,0.0867681503295898,211.0,0.0508279800415039,0.1001869361752108,0.695120146125782,2058.9610164697565,0.9929889650706843,0.0767085072695932,bonafide,data/Bonafide/18033.png
157.39530084443595,1.4748295551038677,69.69493101352853,51.26618445803776,20.6379213337834,6.008148193359375e-05,8.0,2.002716064453125e-05,0.102266658256096,0.7122050487748948,1307.8938265874513,0.9908355764235572,0.0751634151949438,bonafide,data/Bonafide/18046.png
141.3532533977186,0.9255833690288724,73.58597810396024,50.72716049216908,19.87505397903017,0.0471343994140625,95.0,0.0423717498779296,0.13671875,0.6837415262051498,1189.731547069964,0.9835574046970812,0.0728011828738492,bonafide,data/Bonafide/18101.png
124.47043776138162,1.1663481629597323,35.54130068397163,48.00556188006482,10.847830084607718,1.049041748046875e-05,4.0,4.76837158203125e-06,0.0735086299474953,0.778714829049036,594.824224002932,0.9604044558503374,0.0765268920488044,bonafide,data/Bonafide/18115.png
117.73946857445026,0.8187574510061657,41.39539865675105,37.38888723888292,13.257886965276326,0.0001659393310546,22.0,5.626678466796875e-05,0.1224797819930714,0.7579292108166458,601.4803417377077,0.9946790037422284,0.0751106258168638,bonafide,data/Bonafide/18159.png
183.96500294974152,1.3736987341639204,67.91803961618069,39.295598620376246,17.435522939220135,0.0305824279785156,589.0,0.0100574493408203,0.1988737822087165,0.7104539485841121,1964.3125682279729,0.974255191764498,0.1174675988935995,bonafide,data/Bonafide/18173.png
201.43865948705567,1.3845071592732274,73.396703711793,32.40507930447183,14.452522836362665,0.1689710617065429,629.0,0.0779638290405273,0.1055275082273611,0.7406564958421857,909.7294519503652,0.9937682861602156,0.0778301353858932,bonafide,data/Bonafide/18181.png
165.90782331975694,0.944034587624668,69.09128631073483,49.97686457028656,23.061148783298247,0.042128562927246,257.0,0.0117998123168945,0.0870511121018224,0.7369855445222752,1063.6232070272736,0.9926260715035216,0.0796486143364465,bonafide,data/Bonafide/18190.png
143.972324799156,1.1844240015216645,49.68960735193974,51.81216144172079,16.37951723737546,0.0001726150512695,18.0,0.0001382827758789,0.1025576620035993,0.7357692117920589,814.1701542176548,0.9950613803288488,0.0703647820702367,bonafide,data/Bonafide/18214.png
49.93604634512667,0.5969234501629527,70.66224797586075,43.27918280966559,19.39034918913801,0.0315732955932617,149.0,0.0122394561767578,0.1127411694504828,0.6425729367599377,572.4948803539623,0.9946949322030348,0.0721082887409064,bonafide,data/Bonafide/18226.png
119.5193525689092,0.823676789350855,70.24030370780152,27.580406348187573,10.87642854543724,8.58306884765625e-06,2.0,4.76837158203125e-06,0.095288683307641,0.6951199891677654,794.3175219038656,0.9921180087589028,0.0945139651643159,bonafide,data/Bonafide/18231.png
74.32143971020923,0.73201126496005,60.61083440200524,48.395787605123886,20.04814490073096,0.0243654251098632,153.0,0.0108146667480468,0.182995409631742,0.6697236273443045,1152.5323344670646,0.9854444830989714,0.0698556318486245,bonafide,data/Bonafide/18258.png
55.94804544563431,0.8603416391795105,36.7156118897338,38.5297632417933,11.65042358066844,3.719329833984375e-05,2.0,3.337860107421875e-05,0.0908203125,0.7160951125193717,333.2991821463132,0.983992190477808,0.0807015054140996,bonafide,data/Bonafide/18267.png
113.76077649649233,0.7919730756437016,58.86307626645734,58.564720040532166,23.51703259077261,0.0026912689208984,78.0,0.0006628036499023,0.1092572259324619,0.7233052054444117,907.2969751631546,0.994518150661644,0.0726304033288634,bonafide,data/Bonafide/18268.png
129.4333772639211,0.9775868030116311,58.64014876104019,52.94575483398558,20.906016906494543,0.0409936904907226,312.0,0.0215797424316406,0.1079046325650752,0.7001043719248459,983.3557558970213,0.9917709742558254,0.0688735790853569,bonafide,data/Bonafide/18270.png
52.45135371245851,0.5904855925869753,69.5747968456346,44.137483010418194,13.832307767113925,8.58306884765625e-06,4.0,3.814697265625e-06,0.1372270128355121,0.6539422816253185,588.2399495582442,0.9854907670287416,0.0735411814730942,bonafide,data/Bonafide/18289.png
120.69489665467609,0.9249592022277596,56.006405349233326,26.830008194881792,10.623277087172251,0.0582571029663085,371.0,0.025700569152832,0.0718155324642587,0.7074163153304044,646.3326016672436,0.9738422426108104,0.0823403707602245,bonafide,data/Bonafide/18298.png
65.57296262751242,0.7208532584446727,45.64887180027733,56.64884465307171,22.550177627162608,0.0074062347412109,24.0,0.0025625228881835,0.0690430378137914,0.6746475588723024,670.7823794030435,0.9801061978723924,0.0822835989703457,bonafide,data/Bonafide/18325.png
104.4504856284102,0.8387227890672692,53.47574802919691,96.04300485405724,34.256129410456175,0.001835823059082,63.0,0.0006875991821289,0.1107462349072986,0.6772248269733632,1237.7648609207604,0.991885890844168,0.076633092597938,bonafide,data/Bonafide/18345.png
74.7767590479989,0.8282079483424651,71.37150925758294,32.752059413585926,12.836425591569464,2.002716064453125e-05,4.0,6.67572021484375e-06,0.210369333917356,0.6986402711028228,695.1185028773704,0.9842283150195104,0.088146389634046,bonafide,data/Bonafide/18346.png
67.6113114182508,0.4642669060486911,65.19370523336376,44.05069346110677,17.4415904683758,0.0001726150512695,32.0,1.9073486328125e-05,0.07421875,0.6685745297203551,848.7013215105887,0.957568049499538,0.1062340222248438,bonafide,data/Bonafide/18350.png
106.46577262785286,0.6377878766197946,53.54209769486364,44.32748970187704,17.486447526594283,0.0070343017578125,163.0,0.0057086944580078,0.12568476986872,0.712370173383546,1000.7544112318556,0.9955624604753484,0.0795185097696137,bonafide,data/Bonafide/18357.png
120.49165013187935,0.8269206168145049,69.47373506429764,48.73961982169544,19.76985923819194,0.0061140060424804,219.0,0.0022382736206054,0.0869222915697033,0.7067961835133842,1320.2603803615475,0.9909998523039228,0.0713495442379999,bonafide,data/Bonafide/18382.png
100.0465173715629,0.6793304670056893,60.31878339079925,33.36353748714471,11.46744466743284,0.0399131774902343,98.0,0.0223007202148437,0.1066042212647092,0.694912454252268,1186.0947900318015,0.9912471455188034,0.0769632101109096,bonafide,data/Bonafide/18390.png
73.91258876405391,0.9500092698365386,59.077363603855225,50.55284863679123,13.53346952391788,0.000558853149414,32.0,8.106231689453125e-05,0.0620751244496493,0.6714723426058843,509.5047029627437,0.9913551869618816,0.070881086597965,bonafide,data/Bonafide/18402.png
665.0476994369517,1.650864591953981,64.66695372132199,41.74568607796596,18.4362201391278,0.0006322860717773,235.0,2.002716064453125e-05,0.1926899119327333,0.7799439933399839,1420.0351665616656,0.9810106157900264,0.0858385693235775,bonafide,data/Bonafide/18406.png
139.34077999688452,1.0985251704054797,47.5416197305234,44.90588495763414,13.06416034937995,0.0002727508544921,21.0,8.487701416015625e-05,0.0969210607484336,0.7290587454421846,793.5157983159996,0.9908528983417086,0.0876893476537558,bonafide,data/Bonafide/18427.png
105.96078350124937,0.7565799581727126,47.76614236512935,40.20422254539763,14.61531807021572,1.1444091796875e-05,7.0,1.9073486328125e-06,0.1229848554018059,0.7451852483163436,689.4756602644547,0.9803752976180572,0.0834364183548176,bonafide,data/Bonafide/18459.png
61.7659038718184,0.627421428002144,64.47317386482254,66.28362352638318,28.60448287960057,0.0426568984985351,87.0,0.0405483245849609,0.0764374626702305,0.6662285161563442,701.1006900876617,0.994452401363704,0.0804598840702446,bonafide,data/Bonafide/18473.png
75.01675112041902,0.5747128315263624,65.76138771316047,53.71833706660634,19.84761087851757,0.048257827758789,206.0,0.0394096374511718,0.0936303965257247,0.6720565699840872,931.0307361217106,0.9752863866930036,0.0769876720735071,bonafide,data/Bonafide/18477.png
73.34133611828202,0.96878567113615,44.32155539315731,50.976749807350494,19.00878736273826,1.811981201171875e-05,8.0,3.814697265625e-06,0.0783505046231805,0.7502472334146222,262.83931443999955,0.9949754025853448,0.0770354915516007,bonafide,data/Bonafide/18480.png
224.61745249878368,1.1246117828813424,52.848993237384455,39.19236762231873,15.717799992942938,0.0037736892700195,123.0,0.0013647079467773,0.163646351865857,0.7821873753238084,1531.1800402687545,0.9882974953580804,0.0919998350784472,bonafide,data/Bonafide/18481.png
194.3027341584093,1.347101748834344,58.09529936352449,42.1893907402672,15.793296233130125,0.0191593170166015,192.0,0.0073127746582031,0.1225537302944387,0.762718283372542,1193.1208878581183,0.9955077235954092,0.0803481543162283,bonafide,data/Bonafide/18490.png
195.37567978506468,1.103009131907483,68.79217343231882,33.06193870804823,11.88332944255742,0.1019535064697265,181.0,0.0922327041625976,0.1025390625,0.7296338273661629,1179.6864365125557,0.9685719219965933,0.0710689787418219,bonafide,data/Bonafide/18502.png
140.08016204506566,0.8612103929712549,64.83980201623689,64.29160346335172,26.590250140637387,0.0005655288696289,78.0,0.0001659393310546,0.266599773917993,0.7368914286901508,1266.1906927553434,0.9916445374510132,0.0864546446724895,bonafide,data/Bonafide/18517.png
77.2297700899071,0.8392665601445602,59.713372025457375,69.54774518975853,25.7432040966427,0.0008773803710937,28.0,0.0003318786621093,0.0727194890278572,0.6934434905486783,772.2065820834696,0.9928732704378448,0.0800014778342339,bonafide,data/Bonafide/18545.png
93.2793547006504,0.8474409253572129,49.34784696986807,58.30753638437236,19.734544363672736,0.0001478195190429,5.0,0.0001125335693359,0.1119474617483332,0.700917237043186,836.553504623553,0.9788933936977324,0.0956524480259608,bonafide,data/Bonafide/18556.png
133.30488202685592,1.067129440316947,61.033619341064615,58.151991455039024,22.505980387134414,0.0171995162963867,175.0,0.0069494247436523,0.1123046875,0.7301926019113769,791.192002142328,0.9891277838670278,0.0725212029061303,bonafide,data/Bonafide/18560.png
127.43893233477138,1.0073954175174562,62.59465511776372,51.10575427560818,19.353395478685048,0.0013933181762695,131.0,0.0002365112304687,0.0795194162134735,0.7100558938291106,904.7860162577144,0.9952935107467498,0.0740399913803975,bonafide,data/Bonafide/18565.png
55.096628313279325,0.4884740184935192,61.86182218309912,40.444905818152215,15.86372999422694,1.239776611328125e-05,3.0,6.67572021484375e-06,0.0766088228806843,0.6567848294876119,720.1791681748065,0.9950177711227092,0.0817884247226737,bonafide,data/Bonafide/18568.png
47.80778340072629,0.5898850245306658,65.87250769048872,46.45927643013838,17.23097699802135,0.0022220611572265,32.0,0.001800537109375,0.0659631644829409,0.6144434368594064,590.0123864885545,0.9946632310407696,0.0849554073412767,bonafide,data/Bonafide/18585.png
159.94158172322204,1.3406202935772893,53.67586349121158,47.4609314747773,20.38886628650413,0.0026760101318359,57.0,0.0023565292358398,0.1005859375,0.7152953917769168,1345.9419703374629,0.9945648187789388,0.0726187197392812,bonafide,data/Bonafide/18590.png
144.33398243199554,0.8196542033086939,63.88903765557992,64.0508364851586,22.47750089312092,9.5367431640625e-06,6.0,2.86102294921875e-06,0.1089753615504386,0.7474306204490206,1575.4469818680986,0.9923738827663456,0.063656764366517,bonafide,data/Bonafide/18704.png
809.0791479827856,1.7605837560874538,61.10496935291764,35.27762352246279,13.950244865452373,0.0470361709594726,2320.0,0.0165033340454101,0.1950107532372864,0.8477432448004233,4426.422672995048,0.9939449040203022,0.0691813136434215,bonafide,data/Bonafide/18711.png
52.94987749400025,0.5707310433142003,53.98287245205633,44.82469152250346,19.20216479147261,0.002634048461914,63.0,0.0020637512207031,0.0939050028840337,0.6611288321793504,1131.599105500072,0.982542144387034,0.0729452941657476,bonafide,data/Bonafide/18725.png
326.55975441389364,1.294891125871786,53.98466214998045,33.342402479267555,13.590269888240256,0.0754985809326171,88.0,0.0403671264648437,0.1072552863109804,0.7831162387660823,1702.0800151068338,0.975913785958894,0.0953091284035371,bonafide,data/Bonafide/18743.png
289.05715274672446,1.752094407628485,70.35187260867455,42.52245436898724,16.466438105672612,0.0009336471557617,176.0,0.0001449584960937,0.1372200630488304,0.746637577388171,1029.4634307315057,0.9846222523937452,0.0775517766495058,bonafide,data/Bonafide/18758.png
110.76813978097834,0.8007848069554081,55.10221552130079,50.1555179569177,16.691909820450714,0.0027713775634765,40.0,0.0010499954223632,0.0806861680893774,0.7206679596832066,974.2202122662442,0.997026985730194,0.0701727619314337,bonafide,data/Bonafide/18762.png
288.8598743105504,1.564052409418161,78.90390977819098,45.11906184355457,15.704926284147438,0.2222146987915039,375.0,0.2077445983886718,0.1482719703077931,0.7592017096788615,1249.112819960695,0.9900108802947578,0.0768045257683727,bonafide,data/Bonafide/18768.png
60.22782374370945,0.6297339050035117,52.74750753415759,45.27267980545277,17.62448130063864,0.0027046203613281,11.0,0.0011854171752929,0.1782514157018311,0.6696531120060207,488.79374362325495,0.9921548472520416,0.0811121974742289,bonafide,data/Bonafide/18779.png
82.88506519596467,0.6262428906875146,52.88843349859594,45.64311936814367,16.48202869464674,0.0001335144042968,26.0,3.910064697265625e-05,0.0685683190685232,0.7289137027296526,757.2228285218868,0.9424627897463508,0.1068478504144329,bonafide,data/Bonafide/18828.png
95.0247619569118,0.8312219880283263,60.37537489199791,43.37796380077141,13.543022540498496,0.000166893005371,14.0,8.392333984375e-05,0.1042157375466516,0.7024567542080536,784.7937385274458,0.983478815474608,0.0677237448975748,bonafide,data/Bonafide/18853.png
75.50742964666279,0.7803662929983348,50.5366376483591,32.2611938101234,10.636473371867256,7.62939453125e-06,3.0,3.814697265625e-06,0.0848486146884601,0.7155831275839063,391.1202426026826,0.9941961931352608,0.0711444825161807,bonafide,data/Bonafide/18876.png
266.28933742269874,1.8238475911393128,67.61679747749183,37.84130083471466,17.900913113081756,0.0532236099243164,1005.0,0.0195016860961914,0.199320449302147,0.7494510945082643,857.5080880101937,0.9969202737524644,0.0727035769236003,bonafide,data/Bonafide/18968.png
84.4511867631727,0.584986885058427,71.25560571821299,40.10337573957156,14.969419913413368,0.0250568389892578,100.0,0.0132503509521484,0.1035156249999999,0.6757973130713957,855.3867765301598,0.9688589987492756,0.0793883183280608,bonafide,data/Bonafide/18973.png
90.66800157384476,0.5336878136112401,53.94247249548067,42.39285135400838,15.001865686852875,0.0111980438232421,194.0,0.005228042602539,0.0766772597361468,0.7161850173468355,898.7841498390337,0.9939823348505118,0.0881660355990955,bonafide,data/Bonafide/19019.png
49.74121456703779,0.6845175911070881,68.63108322488274,38.51014256143261,15.25150117152428,1.621246337890625e-05,9.0,5.7220458984375e-06,0.0755338109584071,0.6650410750088882,439.6886140480904,0.9892327505179724,0.0875340666876175,bonafide,data/Bonafide/19026.png
208.3122164052329,1.2081665386768463,44.46274944376911,64.08183563867159,20.60544582276356,0.0205211639404296,225.0,0.0081958770751953,0.0842479738620076,0.7735406635069273,907.8150237645408,0.9650160561534314,0.0929911098327117,bonafide,data/Bonafide/19027.png
45.319346175506325,0.7218224068965128,55.71327444354138,44.19226129928045,14.711123120477646,5.91278076171875e-05,26.0,7.62939453125e-06,0.0584144391747585,0.6441103117414153,221.65212824374848,0.993781423367216,0.0887349231715996,bonafide,data/Bonafide/19053.png
199.6761378050105,1.089010876462466,67.35523815081125,48.75681326323596,17.977550876818256,0.0576839447021484,478.0,0.0285902023315429,0.1231940464117039,0.7418942764246298,1638.001309633084,0.991613071199708,0.0754370193343784,bonafide,data/Bonafide/19060.png
140.6919294573663,0.9811588130195382,61.1449052886722,47.68993884958088,14.898822695141964,0.0007801055908203,102.0,9.5367431640625e-05,0.0968447730375639,0.7703327605941502,822.8277282276102,0.9928661172503188,0.0766899770240541,bonafide,data/Bonafide/19078.png
94.81510790809988,0.8875829902358364,57.06832898803773,66.35775374994658,24.93073165041964,0.0023384094238281,32.0,0.0008373260498046,0.0694699134746389,0.7265955594863822,646.1232997648895,0.9967887276275246,0.0730653577171534,bonafide,data/Bonafide/19126.png
131.25763107508828,0.8532070186637454,53.76977897822309,44.65018461583775,15.686141153517069,0.0158920288085937,6.0,0.011387825012207,0.1430222374758472,0.7291411378169672,908.8070852548768,0.9974010968117286,0.0688465134922208,bonafide,data/Bonafide/19143.png
157.57352288316085,0.9005734992820043,59.10449988267472,41.343090111129136,14.808337759719947,0.0381383895874023,510.0,0.0126371383666992,0.1127284802794452,0.7214802276334508,1278.3121058951251,0.9970052589848848,0.0688185357152664,bonafide,data/Bonafide/19158.png
281.19559902926176,1.535533526312649,63.52649230106128,62.176016775368126,21.836681968496265,0.1013298034667968,151.0,0.0478858947753906,0.168066661597351,0.7540155524485106,1951.7502610716,0.9921665553512682,0.0874201043082056,bonafide,data/Bonafide/19164.png
132.73668859899044,1.2092086832460869,59.24952958507048,82.68857921489949,36.04900132883361,2.956390380859375e-05,6.0,8.58306884765625e-06,0.076178134758814,0.7268423283447023,768.2709620079866,0.9943088665885664,0.0755400475441729,bonafide,data/Bonafide/19195.png
105.08896748017288,0.6897321137511823,58.67153596426016,25.64332785747769,10.371498989922,9.5367431640625e-07,1.0,9.5367431640625e-07,0.1000154483306711,0.7224028602534757,797.8981638285757,0.9918744600287616,0.068645563300724,bonafide,data/Bonafide/19197.png
98.66781752741372,1.224973644721553,78.33476121530144,56.008692452793234,19.633956394784835,0.1248998641967773,1208.0,0.0897741317749023,0.0703158907602556,0.6311071570808671,825.9274114097547,0.994041238372706,0.0777573450202289,bonafide,data/Bonafide/19250.png
114.71430753339882,0.6870240577903138,53.973592471088665,52.06271683503692,21.003099345177205,0.0203418731689453,78.0,0.0079784393310546,0.1606808885054728,0.709594220743876,996.605781221228,0.9944277587081508,0.0815148083853364,bonafide,data/Bonafide/19273.png
62.03168416423341,0.6088212173311068,58.94748047648573,36.91082182608127,12.28597572528194,0.0058555603027343,348.0,0.0030641555786132,0.100555118913446,0.668181058539829,905.2663174570948,0.9921960214720124,0.0788642365185207,bonafide,data/Bonafide/19289.png
149.10663699787165,0.9122262794808016,67.38922608823466,54.54590628121321,20.55458243882634,0.0001296997070312,54.0,1.430511474609375e-05,0.1103515625,0.7239174101468988,706.9539057616,0.9960645679419796,0.0820250201806414,bonafide,data/Bonafide/19292.png
297.903013054889,1.1612812324653408,48.7480502172454,51.238918445294,17.330155781038517,0.0003633499145507,27.0,6.29425048828125e-05,0.5566543309716121,0.7890790189825395,2585.3054816141967,0.9726712148095348,0.0756181368006333,bonafide,data/Bonafide/19302.png
96.94793985145132,0.6828382804281566,56.53951659050187,43.75122539570494,17.443274910128633,0.0002269744873046,6.0,0.0001850128173828,0.0966994140228537,0.7419937130081637,982.7377943971806,0.9916417743815736,0.0728038334073065,bonafide,data/Bonafide/19304.png
82.9758981893392,0.985485182903702,66.7421570158762,38.44339358445482,14.257084117875586,0.000314712524414,25.0,6.67572021484375e-05,0.0930351981548012,0.6722496395687182,778.1403375667669,0.9936649542809848,0.0861355060163064,bonafide,data/Bonafide/19354.png
117.21479716247904,1.2564673695978286,57.222868115796544,49.34435465845418,16.00585220697456,0.0026931762695312,17.0,0.0020818710327148,0.0928017021088872,0.6930859697743859,797.3207564210156,0.9939858398205604,0.0739966035160994,bonafide,data/Bonafide/19363.png
71.15529905606581,0.5598100241936705,51.83018343902967,51.31254677984201,21.15485735538826,0.0188751220703125,15.0,0.0130901336669921,0.12458924516581,0.696729313695415,868.3783994103551,0.987612889378889,0.0902828318540753,bonafide,data/Bonafide/19378.png
181.6739730828812,1.2886598573075196,44.72139179767875,46.50611475968967,12.969679280491317,0.0396652221679687,57.0,0.0158166885375976,0.12403881548363,0.7193587072808373,897.6887988398539,0.9957217725575636,0.0770217580788748,bonafide,data/Bonafide/19385.png
88.54135652608238,1.1460928403226556,55.87416632139384,50.05358120114815,18.51606111074854,0.000218391418457,12.0,9.34600830078125e-05,0.076823261497284,0.716721843997289,301.9069543266466,0.9946473125230632,0.0716615414200329,bonafide,data/Bonafide/19399.png
168.84321183779593,0.969412837777704,57.60041081720607,52.66187001149824,20.193747623833552,0.0578746795654296,350.0,0.0476026535034179,0.1046745633914534,0.7203899161161815,1350.9210909388648,0.9638702964115052,0.1029408239014266,bonafide,data/Bonafide/19412.png
184.82464582792815,1.1089172176615611,56.3215306795526,44.917045021809386,16.370203387971625,0.0111665725708007,226.0,0.0069599151611328,0.1223804653611104,0.7176526508099978,1211.5555260678498,0.9965311013230392,0.078956000526047,bonafide,data/Bonafide/19432.png
260.6553277909688,1.7940193776759394,57.4374400903608,50.00954332203068,19.14644090830008,0.0122852325439453,106.0,0.0102748870849609,0.1513845126173757,0.7635853479232735,1417.937461192817,0.9867994768295496,0.0699251091090269,bonafide,data/Bonafide/19438.png
87.07599158368885,0.7882870716990326,65.93113851295183,50.34982450512732,20.951945937444677,0.0192232131958007,336.0,0.0039024353027343,0.0898251721621232,0.6674880783658196,829.7824802698537,0.9890675098507136,0.0737006956632064,bonafide,data/Bonafide/19460.png
80.94321513269006,0.8076860398848551,46.18670027905918,44.65339595180559,16.495916432200783,0.0,0.0,0.0,0.1414432034760607,0.7042252310843993,610.4854961766338,0.9961398530740744,0.0735049503227607,bonafide,data/Bonafide/19481.png
92.029079541564,0.6644300595453502,78.79795310459946,44.114448783589744,19.02422340753332,0.0959253311157226,148.0,0.0633096694946289,0.0914142833342239,0.7189540532523203,782.5569095203468,0.9952956607523916,0.0795202223671358,bonafide,data/Bonafide/19484.png
84.89590618707007,1.232233658567756,66.38913851175467,72.34194203527777,25.26227116588413,0.0028533935546875,251.0,0.0001220703125,0.1040715100852571,0.6994297066408076,1664.8619817106185,0.9978573369030266,0.0671696752324994,bonafide,data/Bonafide/19497.png
134.68183222203515,0.8794560225021532,75.86333180649136,42.60739569134381,14.58548679470486,0.0391807556152343,200.0,0.0209264755249023,0.1795720268401688,0.7170555658210583,1214.6816339452728,0.9971711621171588,0.0728801885249071,bonafide,data/Bonafide/19500.png
118.8764846408003,1.039729897674693,69.47590112471913,43.58623233027842,18.965898401502493,0.0388069152832031,438.0,0.0220060348510742,0.1002107307216039,0.7005978633485612,1033.131305166968,0.9962017615221191,0.0725649503923648,bonafide,data/Bonafide/19506.png
87.49334665910283,1.0334076339503795,58.51531469716548,36.13813136967944,13.548574168941222,0.0265531539916992,118.0,0.0132970809936523,0.0940369347590453,0.6873561347589503,1098.305334346288,0.9821206447084424,0.0718943723672812,bonafide,data/Bonafide/19533.png
199.65995945021496,1.146762204719748,60.583049651663146,68.98562229772524,26.281757860088348,0.000802993774414,22.0,0.0006971359252929,0.1463948294013127,0.7113936936088067,1180.2553790176466,0.971135658011674,0.0818424592108952,bonafide,data/Bonafide/19582.png
131.29292918699412,1.2999600562598053,67.48182336168831,39.61541854921924,17.30110365009703,0.0002374649047851,18.0,0.0001211166381835,0.1001559948136862,0.6914166311898667,573.7137085040237,0.9962447760205664,0.0744372141097228,bonafide,data/Bonafide/19595.png
69.73762823251946,0.4642427073357995,44.24117510671695,47.34268960605823,18.44109991650856,0.0504274368286132,537.0,0.013157844543457,0.0572976773894763,0.7398705077746998,1174.0096117004375,0.9316631423194022,0.1239837486605196,bonafide,data/Bonafide/19598.png
103.65705393624012,0.9833454967117422,56.07975149155952,40.117189499993216,16.662706135265456,0.0491008758544921,279.0,0.0273218154907226,0.1220683593593747,0.6738529739052399,1148.7703724762696,0.9969061710264424,0.0737564067188699,bonafide,data/Bonafide/19602.png
127.58165405840556,1.3369798872073249,40.819101410862565,45.00932735434391,15.56567525498474,0.0002422332763671,30.0,0.0001115798950195,0.1168309190820839,0.7497306593356046,873.4783253410412,0.9919889499791376,0.0707921312269272,bonafide,data/Bonafide/19605.png
46.024545618038246,0.6675484936785618,60.38587230083018,47.51687370744863,21.62088841345757,0.0433712005615234,118.0,0.0184888839721679,0.0748966776906797,0.6343071384044255,582.8205550222053,0.9731097162919432,0.0955259972087252,bonafide,data/Bonafide/19626.png
440.589992452904,1.7544686813429395,63.86456610352376,49.05477150035258,17.892368616197754,0.0004148483276367,109.0,4.291534423828125e-05,0.1298203856084677,0.8083591725379146,1527.9322039831447,0.9973094730092618,0.0719093506598266,bonafide,data/Bonafide/19662.png
64.68682752479708,0.7473598485822903,56.64573420821,38.39847777883415,13.821898142351134,5.91278076171875e-05,7.0,2.86102294921875e-05,0.1297119852873945,0.6859284548053023,565.734360485164,0.9838995372332986,0.0800604297022201,bonafide,data/Bonafide/19674.png
74.538958511278,0.8798805999192513,39.93845306988379,56.1968162518634,18.43893917592419,6.008148193359375e-05,10.0,4.00543212890625e-05,0.1337890625,0.7193152954019901,709.7037684975894,0.995016781702868,0.0734899323753268,bonafide,data/Bonafide/19709.png
142.30306145807023,1.1200764241131147,69.54313732710659,50.66584610930836,19.76618427357037,0.1993389129638672,553.0,0.1764116287231445,0.1143558440295934,0.7190854956031625,702.8579704722525,0.996545338608271,0.0701242645977692,bonafide,data/Bonafide/19725.png
113.0707708743057,0.8626151182551438,49.82652479935162,42.49915970925088,15.3173778889241,1.33514404296875e-05,9.0,1.9073486328125e-06,0.128112196864122,0.7436809378477587,654.6690645640917,0.9952823635322688,0.0785965706311471,bonafide,data/Bonafide/19754.png
93.85154878544564,0.7900633772188933,50.891747956503394,69.0471974284291,25.17180658414017,0.0083284378051757,79.0,0.0044994354248046,0.1022013598267628,0.6965715016349073,728.0096876092533,0.9922454341831888,0.0764132405248373,bonafide,data/Bonafide/19773.png
84.28567863249918,0.9135236104768986,53.86188143815103,62.21534908401832,23.50007506302705,0.0003185272216796,80.0,4.9591064453125e-05,0.0856512678187257,0.6610069244047478,579.8146739354611,0.9958188951329912,0.0750769618838469,bonafide,data/Bonafide/19824.png
191.70197200574236,1.2068266099464853,72.19632414495533,52.02449110955831,23.23069095028507,0.0247631072998046,400.0,0.0118494033813476,0.1036376234218316,0.7180232339255396,870.858814735459,0.993108610920303,0.0822445793900851,bonafide,data/Bonafide/19829.png
218.6561136796336,1.4295351642729623,39.31240293513089,43.56276362073029,14.364532244270258,4.76837158203125e-06,2.0,2.86102294921875e-06,0.2070312499999999,0.7921021856706473,940.6680985625004,0.9969114199475632,0.0686821624666826,bonafide,data/Bonafide/19837.png
117.0341594915653,0.947715991813994,63.59158047459037,29.328928416321656,11.23775790371074,0.0239152908325195,25.0,0.0238332748413085,0.0685335392950107,0.7181147734317643,499.4092416298344,0.9950017935836776,0.0825570941503229,bonafide,data/Bonafide/19843.png
198.51401944813452,1.05610722657887,90.98832880072156,43.53533179579194,20.01881717730155,0.0073270797729492,44.0,0.0042600631713867,0.104765632282345,0.6985099523210131,1623.5723822374428,0.9959286192678284,0.0689730197190824,bonafide,data/Bonafide/19871.png
164.65487356178252,0.8401605125960102,63.72084577638785,62.18252341807017,23.826663537931648,0.0722360610961914,282.0,0.031320571899414,0.0827719535172542,0.7386389760762082,1742.882933318706,0.9942759660654986,0.0736374828082479,bonafide,data/Bonafide/19881.png
152.89283888696446,0.75084886300466,62.58812520337648,43.49037937329007,18.57944326999502,0.0185756683349609,489.0,0.0018529891967773,0.1398224713210581,0.7464623624133858,2298.693116739962,0.996059797648711,0.0795658092503242,bonafide,data/Bonafide/19893.png
69.7365907541207,0.9076197244994382,47.280888715983096,29.04688460866452,11.803316692639916,9.059906005859376e-05,8.0,4.76837158203125e-05,0.1340294231166661,0.7216343616847795,406.9074401435415,0.9947582676010932,0.080636293191672,bonafide,data/Bonafide/19909.png
41.22149568492023,0.5056025074441494,43.29945939442976,40.73266274281645,14.80633146979336,0.0001001358032226,8.0,2.765655517578125e-05,0.0991319171276749,0.6989789627167313,362.3924776851928,0.9835307932826082,0.0794111465291745,bonafide,data/Bonafide/19915.png
59.80179493295782,0.6762576304471825,56.34702671785436,67.75629323058753,26.46260772322618,0.0040435791015625,30.0,0.0024194717407226,0.1017430973945242,0.6590103576306313,461.3367093800427,0.9959968052968876,0.0691564568755315,bonafide,data/Bonafide/19939.png
106.30386588432792,1.137078519786493,67.25893970140042,44.42272613975358,17.986537515998048,0.3171806335449219,248.0,0.2748966217041015,0.0783505046231805,0.6939274974951131,648.0764815873853,0.9945969584722534,0.0710539665716407,bonafide,data/Bonafide/19978.png
137.58059090615916,0.9611896751605428,69.64068293534615,37.15681659846298,15.02668453751185,0.0011472702026367,190.0,0.0003118515014648,0.1694680654324466,0.7218948457287797,1256.9083393277956,0.9425177507150312,0.1235897662216315,bonafide,data/Bonafide/19994.png
66.47628814830387,0.697714489175604,45.65275248756521,107.90536996816364,35.54883258956543,0.0127601623535156,21.0,0.0100469589233398,0.0921287219927402,0.665200140165616,704.9331605090563,0.9870962892651152,0.0822563771833774,bonafide,data/Bonafide/20005.png
152.24372576722817,0.9049042689321484,55.25246879227005,28.967058544429065,11.772076301496703,0.0001411437988281,66.0,2.002716064453125e-05,0.1015624999999999,0.7383141101192388,792.5292514548264,0.9853516539582408,0.073797750068571,bonafide,data/Bonafide/20009.png
75.84634971513515,1.0223124240949026,59.87970159133143,80.23680547380641,28.5044519607802,0.0052452087402343,511.0,0.0011329650878906,0.0915289682694539,0.6702580505069404,713.4229627900031,0.992782261266328,0.0765916576305342,bonafide,data/Bonafide/20010.png
40.1293764032298,0.4505264368922465,67.19285635627436,78.92332423381774,34.53190711193858,0.0195016860961914,28.0,0.0149726867675781,0.0892500124805772,0.6421973589203185,860.4214131866729,0.9945548877236954,0.0722255352862991,bonafide,data/Bonafide/20022.png
60.44182014159378,0.7444132053116727,73.08613559598783,31.50748769469994,13.31921567728586,0.0848798751831054,152.0,0.0444984436035156,0.0953287079584904,0.6380316218531777,654.7416479659848,0.9928857577589634,0.0900591311089312,bonafide,data/Bonafide/20043.png
139.1830392259135,1.3139837103538905,62.60378683659505,36.14877455672559,13.190605413243915,0.0001001358032226,35.0,2.384185791015625e-05,0.089506095295073,0.7191900755676757,536.0498946977966,0.9899550120977454,0.0759846262118491,bonafide,data/Bonafide/20052.png
57.70149023871636,0.8720484165062475,66.03713478757487,38.69585239822644,14.047397672742653,7.43865966796875e-05,5.0,2.956390380859375e-05,0.1167676397880001,0.6674270781643404,437.1930658969405,0.9749822701483908,0.0756863798721799,bonafide,data/Bonafide/20091.png
42.7264489590516,0.6364615471661,56.28130280370489,46.42958963845638,16.81000093523747,0.0146331787109375,19.0,0.0093898773193359,0.0770742325092798,0.6379246766022167,509.3998589978591,0.9957054255954042,0.0799798087287143,bonafide,data/Bonafide/20135.png
49.67858550677829,0.8936916653207432,29.0857287340321,27.702511894463,11.00017522428012,0.0001230239868164,9.0,6.103515625e-05,0.0,0.6519935079576205,94.625039211059,0.9914153010025238,0.0914227258494928,bonafide,data/Bonafide/20138.png
407.66611953345904,1.7429576936023254,53.90732203282548,46.29800456879152,18.45306678575568,0.0057830810546875,34.0,0.0043449401855468,0.185803687406645,0.7685902097073157,678.2788457853367,0.992974853475961,0.1052915033784146,bonafide,data/Bonafide/20157.png
25.846549023705848,0.2914812963643841,82.5169347222919,40.08260544675535,15.39251136322713,0.0076732635498046,42.0,0.0022001266479492,0.1008392403714032,0.6001077072960274,515.7329366238665,0.9782954065676724,0.131061538012559,bonafide,data/Bonafide/20163.png
65.98054957570275,1.161135440219903,71.59898245067923,38.77303437859228,13.480629688488577,0.0420007705688476,258.0,0.0394563674926757,0.089684386514991,0.6390076851696901,407.8867624303256,0.9954205924192988,0.079448684860995,bonafide,data/Bonafide/20181.png
196.64262987143505,1.4842034565142372,54.9866213819966,49.7794195628812,15.541379945373318,0.0004873275756835,62.0,6.198883056640625e-05,0.0756757178361694,0.7688235357041238,1165.5519637817915,0.99484680998495,0.0737077363454485,bonafide,data/Bonafide/20193.png
47.80499172210602,0.6110288999063985,57.02385641383973,63.04258002255781,27.091877174440164,7.915496826171875e-05,6.0,5.435943603515625e-05,0.0781066873068547,0.6564975058489027,294.0677951580104,0.995447855338002,0.0845208987224864,bonafide,data/Bonafide/20208.png
65.6515968693775,0.6349870255946147,55.66287558332881,60.65523733462416,24.10747655173599,0.0041027069091796,13.0,0.0016431808471679,0.0836686698805477,0.7020996969658456,913.4600982872636,0.9981484479929192,0.0686430992274153,bonafide,data/Bonafide/20220.png
93.27353143833808,1.2357806699053204,54.26650455330556,33.53683320480789,14.044011926961954,0.0191535949707031,208.0,0.0181779861450195,0.0656007267702363,0.6866875219123931,492.4567102604061,0.9918195915663276,0.0744626858103965,bonafide,data/Bonafide/20229.png
53.53675263802506,0.6414862799049535,88.79200332432426,37.26975672444034,14.183196827289946,0.0176210403442382,144.0,0.0066080093383789,0.1818662493196622,0.6303283708213343,736.1429750612194,0.972773978318064,0.0794783079667177,bonafide,data/Bonafide/20252.png
40.57833194548493,0.5396058988334551,75.50265838412109,46.39917465355781,18.451494316208795,0.0249223709106445,17.0,0.024749755859375,0.1113452563573376,0.6392305155827362,402.1770144119896,0.9934897076486456,0.0770761281014252,bonafide,data/Bonafide/20264.png
67.38851399755276,0.6745817195874175,48.39492627060268,71.30221570534468,28.944820089895945,0.0048189163208007,107.0,0.0044746398925781,0.1435546875,0.6870860135928856,515.4862924138814,0.9943460809676512,0.0803943789597525,bonafide,data/Bonafide/20276.png
90.60913370020626,0.7051108957671964,42.55207685833685,93.02827557272552,31.67705269353285,3.814697265625e-05,29.0,2.86102294921875e-06,0.198399673821581,0.7581351709308664,1143.5068509616797,0.9908744595736684,0.0686188584470253,bonafide,data/Bonafide/20287.png
57.70346340224114,0.7137122382692999,34.414665367942604,77.08991928761081,36.18904082347657,0.0020151138305664,7.0,0.0019950866699218,0.1231650133516658,0.7244425356985333,474.8582211734633,0.9915790060933904,0.086396300755884,bonafide,data/Bonafide/20292.png
83.81712104467442,1.0305381865737795,61.87172265515285,45.50274236054137,21.82638502856288,0.0994825363159179,414.0,0.0275239944458007,0.0847980208831734,0.652411618551892,563.7694151287757,0.9928802511104644,0.0679923343076789,bonafide,data/Bonafide/20320.png
104.2577169870492,0.7769622740551299,71.41895140056829,34.797579828669114,13.460853865753428,0.0028371810913085,98.0,0.0010175704956054,0.0914351458399634,0.7034238840899721,840.3258231952792,0.974520630428436,0.0745457087672469,bonafide,data/Bonafide/20325.png
93.07489961103056,0.8171443368063014,61.95116481248422,48.52644708066626,16.984655239786107,0.0170469284057617,160.0,0.0083780288696289,0.1022573324619624,0.6957325825980212,761.8228733736572,0.9968399522601472,0.0721464867390028,bonafide,data/Bonafide/20367.png
123.08948001226872,1.3235376021907266,40.59900619241106,54.81036566927723,17.52822559777349,0.0019731521606445,107.0,0.0015697479248046,0.0766088228806843,0.7512877376367628,619.3749957635009,0.9948390718857252,0.0827933873469236,bonafide,data/Bonafide/20387.png
134.1033716440288,0.9615598554709752,54.23443889362126,40.03134348734502,15.194892982461212,1.33514404296875e-05,7.0,3.814697265625e-06,0.0953637157479195,0.7228611305387475,459.0351896174211,0.963976598549281,0.0858229645492236,bonafide,data/Bonafide/20435.png
570.9761337074513,1.975096746328828,44.7377696165541,46.41035157782381,15.728667239505402,0.0001945495605468,80.0,2.956390380859375e-05,0.1530385921898881,0.8195107887932516,2262.7559924638217,0.9969168707142056,0.0627124582668032,bonafide,data/Bonafide/20471.png
217.9820813217666,1.3813733259590846,69.10233090529685,88.10887287798323,35.19521414265292,0.004195213317871,43.0,0.0021018981933593,0.0932041809584984,0.7502182182101755,1158.4346595359457,0.9782380670150064,0.0774242383403288,bonafide,data/Bonafide/20482.png
50.98608868065276,0.7855912150892915,69.07652059940209,31.81766767027439,13.240808810800614,0.0366983413696289,75.0,0.029576301574707,0.1332998869589965,0.638655987566039,440.14432103005976,0.9524704103124154,0.0930956830827598,bonafide,data/Bonafide/20508.png
155.32838512478338,1.2357726703308107,64.03906537964332,41.37765173834868,14.499850695501314,0.017282485961914,213.0,0.0148067474365234,0.165764113249687,0.7413859244771698,880.6174748670794,0.9938645316241476,0.0785443910358058,bonafide,data/Bonafide/20518.png
131.19431399178484,1.148456314611522,61.21628054030089,33.99559615252463,11.707209924519056,9.72747802734375e-05,23.0,4.291534423828125e-05,0.0754074473216821,0.7168882631685145,647.7813221139947,0.9829392346290547,0.0812434998640082,bonafide,data/Bonafide/20522.png
487.6112041462874,2.4688936817010463,46.34303519378341,58.55730995190319,19.14531168228327,0.0002336502075195,61.0,4.482269287109375e-05,0.1102542954903447,0.8103622943043495,1745.598102991228,0.9812737222718452,0.0656955714513209,bonafide,data/Bonafide/20546.png
168.35285177914193,0.8969382926354714,71.71876194169869,42.11342902327932,16.115838655734255,0.0041542053222656,178.0,0.0017786026000976,0.1184703545810123,0.7306492984727795,1324.175821069527,0.99318103492788,0.0768156282640336,bonafide,data/Bonafide/20550.png
103.13405507941845,0.7955540851729319,56.51500060294573,32.55042721880059,11.888098254261577,0.003401756286621,150.0,0.0018987655639648,0.0850114343469545,0.719061490597018,593.0640861637426,0.9925390822284986,0.0777709412010658,bonafide,data/Bonafide/20558.png
494.1298730782544,1.6005830663844176,62.53555792614274,62.7024262761255,27.22730992642952,0.0004148483276367,109.0,8.0108642578125e-05,0.3121213526331244,0.7895014503983978,2650.2690015097533,0.9968267860261438,0.0769905411767937,bonafide,data/Bonafide/20596.png
210.5037312281784,0.8582075526897073,45.664713563048046,69.74348877139236,24.2334878705866,9.34600830078125e-05,41.0,1.1444091796875e-05,0.1211980555060487,0.788296759388316,1280.5904089879189,0.987380176623833,0.0773853077371058,bonafide,data/Bonafide/20613.png
187.69256133871025,1.0493491860331452,66.72902421540178,42.86030630261188,15.26678372976059,4.863739013671875e-05,7.0,1.811981201171875e-05,0.1505189818518085,0.7496007178499022,798.1344781673414,0.9865802106641474,0.0705388126146667,bonafide,data/Bonafide/20632.png
76.44979371475982,0.414846334685725,34.62249441047559,56.28416743630167,20.28691560262269,0.0063838958740234,129.0,0.002777099609375,0.1159870973185585,0.713152711733027,1177.2817537538276,0.9889511266778834,0.1128178660599209,bonafide,data/Bonafide/20645.png
127.7435703020892,1.312905967678082,49.284749049055456,41.95928037152501,13.904796598884689,2.002716064453125e-05,10.0,4.76837158203125e-06,0.0880261541861325,0.756350657108542,417.424597649521,0.9950345745729546,0.0759176230862656,bonafide,data/Bonafide/20652.png
86.23097147381395,0.8163747777384761,59.24113663919996,44.84623216583124,16.848325916649824,0.0289897918701171,196.0,0.0172033309936523,0.0987680848377629,0.720444280324147,1413.6679938134766,0.9953465464823784,0.0698577218475204,bonafide,data/Bonafide/20667.png
65.69806571952995,0.8845239529433586,38.255964879243066,34.40628128517434,11.309397503708038,0.0039739608764648,20.0,0.0019989013671875,0.078732985823228,0.7207125991811859,556.5226897237777,0.9936308499450288,0.0867526253285678,bonafide,data/Bonafide/20672.png
104.00374119046955,0.7512166434427396,59.8136478987063,75.62471879226442,31.25465140118221,0.0900754928588867,218.0,0.0304298400878906,0.1125083072562206,0.7119579066031803,1220.340603700166,0.9739304862083004,0.091390480626921,bonafide,data/Bonafide/20683.png
49.53779940219465,0.6651372219320004,66.72909885345236,59.801702784763904,22.795772253752773,0.0009193420410156,151.0,0.0001077651977539,0.0920277391162344,0.6571685321086712,483.8260612745166,0.9924800280168408,0.0857457371659834,bonafide,data/Bonafide/20710.png
170.44039435691863,0.9681165067284206,80.30101778803534,33.19101050562618,13.630651358107643,0.288330078125,340.0,0.1659622192382812,0.1291889212520469,0.6925903466848373,1392.6776345962965,0.9940656807841022,0.0668767827176383,bonafide,data/Bonafide/20749.png
218.7129144575801,1.741607165435739,60.67818201238459,47.61864102844133,15.63694846402862,7.724761962890625e-05,12.0,2.574920654296875e-05,0.1265411735745292,0.7543555029496625,854.7498481115406,0.9875876511250706,0.0722728145437551,bonafide,data/Bonafide/20818.png
212.14004897010452,1.8012063954047424,53.75911268947535,53.16351852439065,17.43177303965377,9.5367431640625e-06,2.0,8.58306884765625e-06,0.1154204337449782,0.7605927844779102,936.386123465641,0.9971702202250458,0.0714689945767609,bonafide,data/Bonafide/20849.png
607.8414413870404,2.198300274328087,62.69141885165596,39.92243745364876,17.09106257404555,0.0002384185791015,79.0,1.621246337890625e-05,0.2782783342794507,0.8183640681036644,3315.7018539464334,0.9638210286248536,0.1617205884003264,bonafide,data/Bonafide/20860.png
58.636309615160826,0.8708774787874022,56.160281432870256,51.97094401538787,18.383282144692167,6.961822509765625e-05,21.0,1.430511474609375e-05,0.0796961162621217,0.6772439711683661,463.8801459361093,0.9772020894887472,0.088458955920781,bonafide,data/Bonafide/20864.png
166.7524357909342,0.6433429811486358,75.87776060736134,45.31030340749884,18.61666584083869,0.0963592529296875,104.0,0.0704994201660156,0.1755056976523761,0.7140356609202777,2387.61000545697,0.9961352146428104,0.07889919013048,bonafide,data/Bonafide/20877.png
40.424380871842,0.4941875145976507,54.90550377532387,35.612136293394904,13.380741791948704,7.62939453125e-06,4.0,2.86102294921875e-06,0.1103234719501465,0.6429775913239648,553.9252098314931,0.992968975556304,0.0914997449144512,bonafide,data/Bonafide/20878.png
222.67794512093587,1.4269813001107667,65.54241073713388,35.42735179329432,13.474867418173895,0.2063922882080078,726.0,0.0899467468261718,0.3232945517914237,0.7428328681602279,1140.0395102434811,0.96920149574285,0.1052410213753032,bonafide,data/Bonafide/20891.png
237.22886336448937,0.8689113833623009,57.58413407507156,65.62031544332203,29.031674467357156,0.0031709671020507,206.0,0.000767707824707,0.0910091283223187,0.76365662554467,3856.9751695888303,0.9966076331831448,0.0860540471876154,bonafide,data/Bonafide/20899.png
87.43744654778493,0.6495816493193237,72.12828231927378,40.884214734468166,16.678705973723396,0.0077590942382812,420.0,0.0030021667480468,0.0962521124273567,0.6630660261955093,1361.5952534571647,0.9897474220160868,0.0648321326162437,bonafide,data/Bonafide/20901.png
110.79316061906502,1.5559580399506046,47.19752458093212,37.15607710803626,11.910150261324167,0.004103660583496,34.0,0.0038795471191406,0.0784812434439577,0.6999364946670468,460.4474899887728,0.9969231805065714,0.07613105850529,bonafide,data/Bonafide/20906.png
288.3734754892029,1.0067380524821283,71.22098465694489,33.959944438218976,12.86998923381845,0.3581981658935547,201.0,0.1775903701782226,0.1037273042052829,0.7678928191949751,1586.7891069244072,0.9916103618786456,0.0715724834900465,bonafide,data/Bonafide/20910.png
78.85861285758345,0.5523454212293837,53.50900630995082,38.340815592173655,12.37319575372303,0.0007104873657226,156.0,5.626678466796875e-05,0.0958276055877208,0.7184551931470322,1004.9867088484214,0.990630681159959,0.0816496001649146,bonafide,data/Bonafide/20914.png
72.66595985856475,0.7594010081235294,43.41112337535953,36.61861226746153,12.633739270381598,1.811981201171875e-05,1.0,1.811981201171875e-05,0.1015624999999999,0.7546600667454769,473.4922487888725,0.9906403488387456,0.0721953266336102,bonafide,data/Bonafide/20915.png
112.46775578669258,0.9635353503961251,50.703460752572006,44.08753616975304,15.709368299947636,0.0005245208740234,124.0,3.528594970703125e-05,0.0751953125,0.7268189770516709,647.6354976407707,0.9891613462415316,0.0744991772149138,bonafide,data/Bonafide/20943.png
71.61761658811884,0.570111876247156,52.87349846389092,34.37563151113799,11.98231656410399,0.0024929046630859,23.0,0.0008516311645507,0.1230468749999999,0.6904624844999826,784.6480805073214,0.9926921260306574,0.0764317086187212,bonafide,data/Bonafide/20979.png
256.3897123322958,0.9739765950354408,77.40646899456058,30.17618668830561,12.711167402320925,0.0091218948364257,2284.0,0.0001430511474609,0.1523437499999999,0.7421093048429359,2149.5405773271605,0.994121994825717,0.0786345037233683,bonafide,data/Bonafide/20986.png
49.9191361465455,0.7425979018660778,49.92160345997402,32.87990150205936,11.711298371952807,3.0517578125e-05,13.0,1.1444091796875e-05,0.0718487235426422,0.6606123703861793,367.2658426497184,0.9799080686125244,0.0661223251352613,bonafide,data/Bonafide/20987.png
74.0312146933129,0.9466834467341652,51.53822165575445,54.11083080602952,22.965932885425275,0.0003128051757812,31.0,0.0001745223999023,0.2021484374999999,0.661845638479548,698.2013156140138,0.9935844439032572,0.0793818872595602,bonafide,data/Bonafide/20988.png
80.45163002903337,0.8654909652913513,57.39067411396637,48.65152696341986,20.21196039990193,0.0053520202636718,77.0,0.0045757293701171,0.1334732672396497,0.7018821776535802,690.1331768609234,0.990922689908008,0.0754510891045219,bonafide,data/Bonafide/20999.png
92.29739679222166,0.6460852352905326,52.13805177214992,38.944846167039735,13.95649837650004,0.0105609893798828,416.0,0.0015907287597656,0.0990139988721607,0.748003355243904,1130.6354158915187,0.9892073164082736,0.0706942922084636,bonafide,data/Bonafide/21029.png
138.9593009416094,1.056894584699979,57.944814817370776,95.41020806695197,42.73706382182716,0.0072174072265625,5.0,0.0047740936279296,0.0821242032876118,0.7268842574729496,639.7318606884794,0.9962248599564336,0.081086654402339,bonafide,data/Bonafide/21031.png
79.00996564305387,0.8134705322127596,65.37906481010202,49.60899852984748,17.90192800060464,0.0007534027099609,63.0,0.0004844665527343,0.083984375,0.6982315214807382,964.9422061312516,0.9953653678826954,0.069123627135939,bonafide,data/Bonafide/21102.png
152.34780846302965,1.1568264694102974,53.37963109774766,73.62204118090249,26.16294302287492,0.0076866149902343,67.0,0.0060434341430664,0.1716987399659887,0.7248403450914378,810.8463104093062,0.9747719309751752,0.0800638908499057,bonafide,data/Bonafide/21127.png
112.06378966269313,0.5936060266138143,56.95034397032113,50.74385709921663,19.731435945139328,1.049041748046875e-05,3.0,8.58306884765625e-06,0.1806640625,0.726334748288321,1127.2989957381046,0.9837633596173152,0.0813584410078501,bonafide,data/Bonafide/21128.png
193.5020159146797,1.0968046619178238,56.36152888805119,56.43433597449784,18.66636650018921,4.1961669921875e-05,18.0,1.33514404296875e-05,0.0764374626702305,0.7734638692938499,945.4517661810272,0.9968805092575972,0.0741528720273026,bonafide,data/Bonafide/21131.png
232.394656623419,1.3248855304955969,54.561020027917706,50.38502470183516,19.121111546817136,0.0455694198608398,135.0,0.0260963439941406,0.1858575729276339,0.7597183214862004,1038.9795436861286,0.9882106228038652,0.0788919008025838,bonafide,data/Bonafide/21132.png
130.33977198320554,1.2429480886765751,53.30138008303109,41.98244565743229,16.355548978035177,0.0001869201660156,6.0,0.0001554489135742,0.0783809284602387,0.7447786672133587,657.4384204036935,0.9903291128859,0.0779093443105986,bonafide,data/Bonafide/21152.png
211.57224608264733,0.9788001384753776,68.4495329708511,69.48575274167783,23.59608931849493,0.006260871887207,275.0,0.000732421875,0.0785905319374101,0.7274808023884964,2416.5961903932043,0.9946909243242312,0.0802211354834985,bonafide,data/Bonafide/21168.png
67.17886119003742,0.5852290721767056,67.66825355802371,42.20280535111098,12.941753410714462,0.015869140625,52.0,0.0142555236816406,0.0820312499999999,0.6831116173810572,1103.8336822912154,0.9961473423127072,0.0803011319290254,bonafide,data/Bonafide/21180.png
236.025303864676,0.8886823317628206,63.968121682711065,45.448061738093486,16.027647059538847,0.0019197463989257,309.0,0.0001029968261718,0.0766617112700565,0.7663554558619472,2357.061258697233,0.9909840839076102,0.0797819712610094,bonafide,data/Bonafide/21186.png
760.7924409989753,1.8810673476704305,43.43148903630098,41.19702732110798,16.150347564620073,0.0050411224365234,1130.0,0.0001640319824218,0.1287322748815983,0.8516804596071786,4718.868587996953,0.9980584223787788,0.0693336151260646,bonafide,data/Bonafide/21242.png
224.3015498941786,1.7537503195519757,46.27086078239201,36.35033642118943,15.874656473665896,6.961822509765625e-05,22.0,2.956390380859375e-05,0.1044921874999999,0.8007663326424046,860.3814818746699,0.9949860612413002,0.0708794043604183,bonafide,data/Bonafide/21251.png
56.43081773692029,0.5390207299580766,48.236571469752434,46.12431475204592,15.042694677704716,0.0036478042602539,38.0,0.0014190673828125,0.1240234374999999,0.6572444298387327,497.4970744408587,0.9931045927896878,0.0830563644772217,bonafide,data/Bonafide/21271.png
91.3022668093763,0.7441634185976098,56.57557072360254,42.378917733315845,18.006170817504806,0.0003070831298828,31.0,9.1552734375e-05,0.1835158162381932,0.6952004969410341,760.5258806539998,0.988277510899098,0.0758236536055982,bonafide,data/Bonafide/21288.png
119.02233784671895,0.8151218443809073,66.61206571318664,38.53661106744997,14.62063391441288,0.001138687133789,27.0,0.0004758834838867,0.0980485285281385,0.724053442503277,1121.4491344748835,0.9742302052706971,0.0929573214981676,bonafide,data/Bonafide/21294.png
81.22237008390857,0.9297877454017648,67.35979851396394,55.27791112802047,20.6942963097298,0.0136194229125976,80.0,0.0068359375,0.1195342019907132,0.6504104480862729,720.7123133905939,0.983967512329538,0.0801960736818509,bonafide,data/Bonafide/21314.png
865.8237613490201,1.7606629518750991,45.31895790740082,42.11920784418552,9.804191542817922,0.0008487701416015,333.0,6.866455078125e-05,0.1761078238088514,0.8468529996150042,2223.563997896585,0.988415187093352,0.0782949861035962,bonafide,data/Bonafide/21319.png
194.6694573749546,0.8754570352047955,53.76257759262352,42.3882113946608,18.806412038764257,9.441375732421876e-05,35.0,1.1444091796875e-05,0.1672233186659805,0.7885662754284025,2328.2140488718373,0.995633636984692,0.0650253505404002,bonafide,data/Bonafide/21322.png
59.96202903530411,0.7924846484335918,41.48283822984253,35.83453185474963,11.659788448365578,0.0007686614990234,16.0,0.0007200241088867,0.0594862047118942,0.7050703505386765,412.59653710067073,0.9943064983823482,0.0829145754933742,bonafide,data/Bonafide/21326.png
218.31832590384775,1.2824383882220274,50.81724017633053,41.46976225165652,16.59958096383968,0.000258445739746,5.0,0.0002498626708984,0.2382812499999999,0.7573998974476295,1486.0779136894466,0.9894447566891792,0.0643294813659524,bonafide,data/Bonafide/21327.png
41.04395868431948,0.5591712581690775,41.18688934629065,45.41891828571214,16.861440638216276,9.5367431640625e-06,4.0,3.814697265625e-06,0.1092048411319761,0.6757726198360687,370.0680765815158,0.9950288154009848,0.0775312606164704,bonafide,data/Bonafide/21339.png
88.4534900289791,1.0240893295828517,63.81963436245633,56.2700506767802,23.20355140529738,2.002716064453125e-05,6.0,5.7220458984375e-06,0.1182447426012337,0.6968625676758147,411.3317751156228,0.9970760328559556,0.0709307249750292,bonafide,data/Bonafide/21370.png
156.39396424026563,0.7927452345732424,68.59991448360498,44.438525276044444,16.26950951448575,0.0019235610961914,235.0,0.0001592636108398,0.126953125,0.7228592042034323,1481.381533071793,0.978658839954875,0.0900726221951472,bonafide,data/Bonafide/21396.png
83.50577158192391,0.6559033130755489,62.21922408051661,46.56574466067144,18.38844150909072,0.0599927902221679,25.0,0.0577802658081054,0.1513671875,0.6626035904146897,759.8530571131512,0.961220074048179,0.1535355793300779,bonafide,data/Bonafide/21463.png
54.6009881406344,0.8642686303062816,77.25390528782958,26.068840428401675,12.296803153189222,0.0040903091430664,47.0,0.0025053024291992,0.1225420572135657,0.6273847533806465,461.4941159820088,0.99441626000736,0.0738875099890023,bonafide,data/Bonafide/21475.png
256.48306364322247,1.1907108671287727,67.48747460255923,41.76450499967864,17.816569777635326,0.0314998626708984,238.0,0.0058488845825195,0.1277487837104602,0.7348999078303649,2046.989592151795,0.9920918035224152,0.0919437705808763,bonafide,data/Bonafide/21476.png
76.67706673167413,0.90586621776693,47.15339965764012,32.29482723939716,10.61624293668757,0.0020837783813476,3.0,0.0020523071289062,0.0980509601365096,0.7129030999842694,402.1729741998229,0.997158899708791,0.0714031361474144,bonafide,data/Bonafide/21485.png
96.85965587559258,0.7048425100423987,66.91451100860712,51.2779204402633,22.1219377436744,0.1048078536987304,105.0,0.0601348876953125,0.1102196909791577,0.6806211465409951,1110.648422399077,0.99264646629486,0.0822096463232721,bonafide,data/Bonafide/21500.png
313.5702065073092,1.2651717066217434,70.55558425901575,39.04573190897403,16.040718906730195,0.039107322692871,337.0,0.0132179260253906,0.1145558179705779,0.7566752970986441,1487.3494012081917,0.9361994316272336,0.1044164243103476,bonafide,data/Bonafide/21507.png
216.6395568332482,0.7613099065908868,48.89407413276973,43.53960740616545,15.481179311878742,0.0082035064697265,83.0,0.0028810501098632,0.1417277858759764,0.7837312696482234,1353.3205397252698,0.987738870817927,0.0926668244031302,bonafide,data/Bonafide/21508.png
197.852823799184,0.9837180768945276,60.56297346886551,42.24951960004294,17.92174617181597,0.2833013534545898,966.0,0.216135025024414,0.1533203125,0.7567476088425344,1144.4841697767718,0.9975588553414032,0.0692918083419006,bonafide,data/Bonafide/21526.png
57.8122835563845,0.6050036203857546,55.26056723674124,55.19107451410669,22.970120014029472,3.24249267578125e-05,3.0,1.811981201171875e-05,0.1740501785711365,0.672277209124502,424.0644335940561,0.9824595735130696,0.0815494537241966,bonafide,data/Bonafide/21536.png
172.84071063772623,0.8756920227060154,54.751099799983926,41.56025347532883,15.40332641262986,9.059906005859376e-05,14.0,2.765655517578125e-05,0.1494140625,0.7531058516844006,1257.87661741104,0.9778249240860662,0.0743022465777317,bonafide,data/Bonafide/21545.png
41.901265716122,0.4232726864954306,55.43939386398377,51.921979811487816,18.31431644910176,2.765655517578125e-05,5.0,9.5367431640625e-06,0.0607709123700081,0.6966787314820163,383.2066329845328,0.991771557702848,0.1001101417327004,bonafide,data/Bonafide/21550.png
128.38915346586052,1.081852257223172,40.66053433899116,77.20840042611499,26.532111026090654,0.0022621154785156,65.0,0.0005006790161132,0.1730748689969757,0.745113050896029,833.9395685535951,0.9947558466042908,0.0780709744661951,bonafide,data/Bonafide/21580.png
97.08413399235631,1.188131004349421,58.459348749843606,41.41664364653402,16.04434294042192,0.0013236999511718,141.0,8.678436279296875e-05,0.1035156249999999,0.6874145043803367,687.3373937735278,0.995001311606434,0.0826858352417583,bonafide,data/Bonafide/21592.png
164.9052591082209,1.5441484680914188,53.78834346868335,87.77324744436034,33.97303464380846,5.245208740234375e-05,8.0,2.288818359375e-05,0.0638174440745858,0.7468215940675338,815.1410384075184,0.9917878355502676,0.0799120551926011,bonafide,data/Bonafide/21598.png
79.17704535327721,0.6235522338012047,63.72457831281185,40.155724694395175,13.234399754810374,3.4332275390625e-05,7.0,1.430511474609375e-05,0.0954261977142811,0.6999132974206403,834.6094188253103,0.9777574729308668,0.0720355543816248,bonafide,data/Bonafide/21610.png
135.96482829540037,1.2723801232123595,54.13209984838305,41.67484925350188,11.091789291649636,0.0001487731933593,54.0,1.811981201171875e-05,0.072265625,0.7555946725376581,646.633529852799,0.9954267096836296,0.071415892796507,bonafide,data/Bonafide/21637.png
30.158710297197104,0.3618619528787244,78.20313633598973,97.12290490432213,41.44191688813055,0.0316667556762695,98.0,0.0085649490356445,0.0668428318697171,0.5808833992838202,773.7624873123823,0.992825540556666,0.0799288632156564,bonafide,data/Bonafide/21640.png
53.02815327031476,0.9450437339490562,75.67759671257784,37.16135699888691,16.486616595296788,0.0242605209350585,228.0,0.0053539276123046,0.0847867737154228,0.613392440428288,578.8442596928433,0.9517646666191442,0.0924530506235843,bonafide,data/Bonafide/21645.png
122.22269150680856,1.452704731903893,70.49234076540579,44.09062787559375,18.0270618664302,1.430511474609375e-05,7.0,6.67572021484375e-06,0.1660328575615051,0.6434670060731098,286.1883278636958,0.9908646068192604,0.0779507726147145,bonafide,data/Bonafide/21651.png
160.05254363853237,1.3494060262718397,62.79683103459607,34.67751011706638,11.12999261792966,0.0277338027954101,529.0,0.006718635559082,0.0919966451613713,0.7054365153176418,936.8994345895808,0.9665549889904168,0.0883524618943749,bonafide,data/Bonafide/21662.png
213.0136407926766,1.1650446322933905,57.622994333343605,63.81921755224258,22.855751208347357,0.0239925384521484,28.0,0.0131731033325195,0.15625,0.7483223613443657,1066.8941183443344,0.9963839205695544,0.0743321875725302,bonafide,data/Bonafide/21677.png
55.42161457611565,0.4813867954567234,73.93708613652504,45.25259764522238,18.963960091310543,0.1884756088256836,173.0,0.0726480484008789,0.1025390625,0.6526134236751893,1272.5247403266762,0.9949652493094074,0.0804255555572707,bonafide,data/Bonafide/21678.png
199.54753646571407,1.5216120667829245,46.59880621149277,52.95157331451384,20.533556619313156,0.0,0.0,0.0,0.1318359375,0.7940652866708761,642.8986774019588,0.9946184157132448,0.0767285060552071,bonafide,data/Bonafide/21729.png
81.25039099104106,1.002005904180964,75.49852170209547,35.48623118646399,13.278018519165398,0.0001354217529296,17.0,3.910064697265625e-05,0.0670387217663378,0.6598324791688776,648.1375163924014,0.99775292248548,0.0731414791867864,bonafide,data/Bonafide/21739.png
108.508518143557,0.8897926727047556,58.562488481634304,41.388004840679,14.846294744079987,0.0651197433471679,101.0,0.056645393371582,0.1107139376445871,0.7331156990293894,1228.9124212428026,0.986867950539508,0.0736949097048598,bonafide,data/Bonafide/21743.png
53.75464065266715,0.6591091425602782,60.24380752443279,65.30645970485632,30.05396036297933,2.6702880859375e-05,4.0,1.239776611328125e-05,0.0573184788704265,0.6630695097631869,475.0038070769411,0.9920166239990026,0.0960583178143042,bonafide,data/Bonafide/21779.png
177.7781582345342,1.086405215055321,71.51792010750746,48.54510728549158,17.824128461022106,0.1227340698242187,139.0,0.1071405410766601,0.0857597593753912,0.7127678613655366,1299.801602679934,0.992880073672289,0.0757732873280743,bonafide,data/Bonafide/21785.png
100.51230444406156,0.9713393353089828,56.88713139735592,66.462822693914,30.48772508299277,0.0005970001220703,28.0,0.0003652572631835,0.1652325280629638,0.7200959974573704,791.9265187981287,0.9962426127521812,0.0792094996427814,bonafide,data/Bonafide/21790.png
127.33611673023188,0.9574004767046996,61.3622572325301,42.98670700401884,16.93858904502286,0.0194959640502929,39.0,0.0098495483398437,0.1388454157291271,0.7289716560666182,831.1349880526769,0.9923240130710766,0.0757364593052759,bonafide,data/Bonafide/21811.png
123.6972656245598,0.93468928469317,64.31525343364984,51.84347661849851,21.23790021122374,5.7220458984375e-05,30.0,9.5367431640625e-06,0.109019109188311,0.7345485188608611,839.4777892919772,0.994642518189588,0.0783986596542839,bonafide,data/Bonafide/21812.png
172.66843248531856,0.9028299792618046,62.81924566575192,41.69299947854556,16.863308601891383,0.0121002197265625,53.0,0.0110988616943359,0.0986521484759748,0.7369824237001682,1343.0872629696491,0.9806974015415983,0.0878014073688182,bonafide,data/Bonafide/21819.png
434.7878160474055,1.490678112132959,66.75296100685026,38.9314236927701,17.17396746188264,0.0364398956298828,111.0,0.0353279113769531,0.1603719607724553,0.7984009276897315,1979.9275441711595,0.9984683392772172,0.0712439024463828,bonafide,data/Bonafide/21832.png
71.03788271690337,0.5624202853561587,64.01239863424537,38.32264593447769,14.833983431294149,0.027043342590332,439.0,0.0211982727050781,0.0725586594675005,0.704188244890096,943.2645993246476,0.9853603737490544,0.0784189789666402,bonafide,data/Bonafide/21870.png
273.97577891436134,1.6469306011995142,49.45875627514671,64.31309095986516,22.776653694272657,7.724761962890625e-05,14.0,3.24249267578125e-05,0.21484375,0.8099379767736355,824.9668444217706,0.996658651656937,0.0748435956864649,bonafide,data/Bonafide/21885.png
153.7029889024525,0.8931594936264907,55.312002615038296,54.214600215305545,24.51102029094895,0.000706672668457,59.0,0.0001373291015625,0.1345389851507384,0.7402480761335847,1585.9597200120477,0.9905419560582472,0.0851737892276326,bonafide,data/Bonafide/21918.png
45.168505662672935,0.6295959123432208,59.99801280352912,38.61519761482084,15.14502727175888,0.0,0.0,0.0,0.0508187962158503,0.6202843027504065,408.6922625865958,0.9913535952305382,0.09230052693819,bonafide,data/Bonafide/21919.png
73.3714941219041,0.693080735640908,57.12216615193607,55.22244506261835,20.955241865987016,0.0192337036132812,141.0,0.0042266845703125,0.0685335392950107,0.6372369371671548,696.6028822863489,0.9957416241789464,0.0751585319493085,bonafide,data/Bonafide/21941.png
76.42941541862001,0.6371331114461825,68.67753268473452,34.49539086708236,12.829147901331082,8.58306884765625e-06,4.0,3.814697265625e-06,0.1275377165415195,0.71219161622174,659.2460201932904,0.9713386356804976,0.1147352934139652,bonafide,data/Bonafide/21955.png
109.21689457631146,0.9068991628254844,74.17961462863119,47.65797527006468,21.130973743228804,0.0863351821899414,150.0,0.0464506149291992,0.1053443457564824,0.7030689098487648,990.7185095967416,0.9731442440975986,0.0789369053647633,bonafide,data/Bonafide/21964.png
59.07184784636775,1.028063118220504,57.32135640229651,44.639368384366406,15.387574778760872,9.5367431640625e-06,6.0,2.86102294921875e-06,0.0883262856988865,0.6694606098692968,275.8112906523868,0.9949917778527884,0.0800155945816981,bonafide,data/Bonafide/21975.png
125.5226913405204,1.016345541468179,60.07385055700718,56.93557440074506,20.810730467934757,0.0018825531005859,29.0,0.001500129699707,0.1592066455316652,0.6979179251638057,1152.9543149864608,0.992956917036685,0.0717693424901774,bonafide,data/Bonafide/21989.png
118.07151729953694,0.7735540553353074,55.76626038915461,35.493529609270766,13.404781976016226,0.030130386352539,131.0,0.0135669708251953,0.1084160317928443,0.7210582427747855,743.9490338391802,0.9964421863763304,0.0799450588051643,bonafide,data/Bonafide/21993.png
67.51176833084537,0.5789574057611655,64.14051681774853,65.01893163821042,27.3977040920202,0.0002679824829101,9.0,0.0002336502075195,0.1223863097469507,0.6944262501580585,838.0438734318252,0.9918786627119796,0.0801764937060533,bonafide,data/Bonafide/22004.png
87.782029682563,0.6428692063483037,60.124471494126574,37.04554247723087,13.048222331860954,4.100799560546875e-05,6.0,1.33514404296875e-05,0.0906284726233915,0.7122467328293403,852.9401744939481,0.9897028396040084,0.0700475942814153,bonafide,data/Bonafide/22025.png
67.92935462944206,1.1938676992196304,67.16927111380527,52.11781343075957,18.2861513277523,0.0454473495483398,16.0,0.030653953552246,0.0996093749999999,0.6544835002500603,327.86559491509377,0.9924657508706356,0.0811824241418017,bonafide,data/Bonafide/22035.png
263.66448589716674,0.9783837606221518,54.03784889468566,63.13297557411074,27.43044598809133,0.0027265548706054,252.0,0.0011415481567382,0.3270427476198668,0.7295801381515911,2351.157802774742,0.958489271196914,0.0983191097794454,bonafide,data/Bonafide/22049.png
193.6760796909211,1.5487824216154775,60.2264470522481,61.36835323118832,22.71809052873361,0.0022335052490234,99.0,0.001108169555664,0.1187437357003156,0.7271718809491444,1010.0483142543288,0.9981170990381238,0.0680727637694524,bonafide,data/Bonafide/22076.png
121.6722334211081,0.8001018432816495,63.20046727528358,33.83458695885498,13.533161707841815,6.67572021484375e-06,2.0,5.7220458984375e-06,0.1357983809047356,0.7199292003713902,1057.4477784011222,0.996818395960266,0.0768038816353651,bonafide,data/Bonafide/22077.png
132.4138287560772,1.2423249218222758,44.3065573325383,37.86079274309164,12.528305223411015,0.0263433456420898,499.0,0.0201129913330078,0.1312323422134279,0.754960413889358,760.6018261217869,0.9962060392658656,0.0754636466694568,bonafide,data/Bonafide/22078.png
195.6359518617392,0.971835308928579,43.22805884931145,48.30765095841099,15.214579520969629,0.001047134399414,22.0,0.0004682540893554,0.1595372589504038,0.7697199774290293,1302.2082988758789,0.9838932375144798,0.084455334156328,bonafide,data/Bonafide/22098.png
175.88650703337044,0.9776172013947678,63.15312799639807,35.33842203255165,12.933243017714773,6.389617919921875e-05,12.0,2.47955322265625e-05,0.1227248079200122,0.7296895430477456,1294.0716342716923,0.9288067487239716,0.1002882625459417,bonafide,data/Bonafide/22115.png
73.74916617633062,0.5049831403877423,49.40608313928307,51.509201875163086,18.301744134750507,0.0001068115234375,21.0,2.86102294921875e-05,0.2022969902535007,0.7254586670066906,1069.5434471120896,0.9852653637878226,0.075916179002584,bonafide,data/Bonafide/22120.png
106.02664001355517,0.9304645094052784,56.86079159263632,52.29165091174265,15.427973446963934,0.0092601776123046,17.0,0.0080623626708984,0.0772225711854266,0.7191606909369674,687.9129552161764,0.9944805246029612,0.0747327901125656,bonafide,data/Bonafide/22125.png
100.20674739475272,0.9113839242849388,46.75087836170487,46.82957569424416,16.066553928728332,0.0003557205200195,25.0,0.0002527236938476,0.0886065675320653,0.725187794136343,509.5903701353176,0.9949192270798308,0.0791962161251635,bonafide,data/Bonafide/22134.png
80.81832692253738,0.9189163236431944,54.06474115424611,44.52714556964129,16.394714041460272,0.0283021926879882,33.0,0.0109767913818359,0.0859430484714523,0.6761673920837856,652.9945779444183,0.996425092075403,0.0764364956777097,bonafide,data/Bonafide/22135.png
133.6149275170164,0.8392519609210803,58.17369944644948,47.46229296400065,16.316429821644043,0.0022621154785156,125.0,0.0010652542114257,0.1544389674056399,0.7361685690339829,843.0548505953334,0.9958715532217048,0.0753373009789752,bonafide,data/Bonafide/22152.png
55.21733900243635,0.5543849127506106,57.8428295561688,48.30857323105353,14.45424932379436,0.0139293670654296,156.0,0.0045299530029296,0.0778835379878312,0.6557640851570228,1093.68901240717,0.9568634074848466,0.1301482686334423,bonafide,data/Bonafide/22191.png
47.39455177751006,0.627219638735139,45.65701865066679,54.77551986380041,12.985220686680869,0.0001850128173828,13.0,5.53131103515625e-05,0.0876434240630416,0.6760583586166352,574.5562009857967,0.993385476412324,0.0737449092970055,bonafide,data/Bonafide/22203.png
114.22118986612531,1.2855372233976905,61.756724362760565,63.44158041845591,22.33180578488943,5.626678466796875e-05,8.0,1.621246337890625e-05,0.2013235168758623,0.7077766508625197,494.87055535669,0.993354471736558,0.0713005494735321,bonafide,data/Bonafide/22231.png
301.6367485738146,1.24361765306303,72.4687666096072,47.78162772357584,15.729228004842636,0.0002079010009765,38.0,5.245208740234375e-05,0.1011484951267503,0.7656323946539692,1877.836023120151,0.9952921762008152,0.0746731464326374,bonafide,data/Bonafide/22238.png
97.75931337597194,1.3369010913984052,47.92710014787056,46.62265613057952,16.241111227050137,0.0006341934204101,34.0,9.632110595703124e-05,0.0740804890221424,0.7277475975668116,631.9936010835635,0.9955040860253552,0.0706457474921077,bonafide,data/Bonafide/22266.png
252.19072721554767,1.212234922283075,39.77471605009766,58.25401459868729,16.51079230523443,3.147125244140625e-05,17.0,6.67572021484375e-06,0.08984375,0.794668779058784,1034.7109495353643,0.960463065615356,0.1054223128484849,bonafide,data/Bonafide/22289.png
65.89952624564467,0.4910254827833616,54.63292879414183,54.75922712525056,19.136439084521427,0.0095634460449218,105.0,0.0040111541748046,0.1273974346435585,0.6909834565233841,931.4066960371296,0.9948285117707328,0.0792736207171958,bonafide,data/Bonafide/22307.png
215.7567012844292,1.0270857702047915,68.10320279652194,49.0056132595675,19.47575662872464,0.1007719039916992,264.0,0.0864534378051757,0.1048384304374213,0.7397678834615972,1804.132670558636,0.9952874982886392,0.0824945941463096,bonafide,data/Bonafide/22322.png
171.86842629877265,0.8815131130873014,62.59628507757702,53.32611009486051,22.414277333420117,0.0063791275024414,141.0,0.0019607543945312,0.161834115421646,0.7033378821530198,1401.0686279993838,0.989667171382754,0.0845511338486825,bonafide,data/Bonafide/22336.png
59.972790994775096,0.5369556397984188,55.97135730414608,39.74098297347784,15.217083915190395,0.0161647796630859,21.0,0.0140295028686523,0.109047535741389,0.6783433968867185,672.2397586492584,0.9958042157496708,0.0811715292757738,bonafide,data/Bonafide/22340.png
1146.4668002312203,2.026551609489589,58.674037361355175,79.4410252349619,34.56685064169008,0.001143455505371,425.0,9.059906005859376e-05,0.6551599077322322,0.8048574334326524,6433.053667882412,0.9944074835707812,0.0633015863432013,bonafide,data/Bonafide/22385.png
66.63464825626488,1.0568237884655691,55.17151429025156,47.49591353158768,17.998183669746545,0.0016603469848632,5.0,0.0016412734985351,0.0693565660334558,0.6951167325762844,365.61081360978216,0.992428815035349,0.0681129747854507,bonafide,data/Bonafide/22386.png
113.88478252000276,0.5796469690838946,69.50922996723145,43.88644035574478,16.034696908082022,0.0574493408203125,513.0,0.0104122161865234,0.0785632240668701,0.6885238659583499,1949.302930077031,0.9971388081477184,0.0732524454882772,bonafide,data/Bonafide/22395.png
64.02258674602126,0.5577351345552385,44.378829563855966,65.65787846490448,26.35273641583556,0.0024929046630859,24.0,0.0009984970092773,0.193404991857098,0.7036142216844363,804.8413028663862,0.9836285238896636,0.0708131842449117,bonafide,data/Bonafide/22437.png
500.36442266194257,1.9731260511483832,81.83651224877526,47.14189456707052,17.188446838122356,0.0008764266967773,50.0,0.0002174377441406,0.1136510666091887,0.7931228337753623,1686.768460297439,0.9965050993833916,0.0670918499657022,bonafide,data/Bonafide/22448.png
366.05000288608426,1.4637435447590768,68.24766979772748,38.19225622056402,13.338716173803912,0.0079250335693359,252.0,0.005904197692871,0.12890625,0.7664705910748963,1890.472325654019,0.9956852620958234,0.078013600423083,bonafide,data/Bonafide/22453.png
60.5322079263633,0.6550219599539518,32.46407304312709,46.59507747612221,16.23930740478871,0.0544500350952148,739.0,0.0481729507446289,0.1275863115962613,0.7181144053772998,542.1572531541963,0.9777413923174988,0.0940875924452953,bonafide,data/Bonafide/22466.png
53.70143085561631,0.604927024459825,44.02744018283392,30.367787604987534,12.38772652546412,0.0,0.0,0.0,0.1349583229441028,0.6918206451708612,423.78768662089,0.995022660112354,0.0763216517866561,bonafide,data/Bonafide/22485.png
101.5621593794167,0.5853170674963114,61.86409302241619,53.79010350379245,21.775313191603807,0.0034875869750976,82.0,0.0005683898925781,0.080078125,0.6927036170613403,1407.7952557651809,0.9877935912686446,0.0981893361940206,bonafide,data/Bonafide/22510.png
78.33546972810291,0.9958610310214014,26.276648288192696,40.18624650298364,10.6079071735887,2.86102294921875e-06,2.0,1.9073486328125e-06,0.1219921624839871,0.746814101422743,178.03443711464598,0.9958433766737071,0.0770101538667436,bonafide,data/Bonafide/22520.png
157.42186954164842,0.7752657642910028,51.68479371517122,98.727048919216,38.53854269031519,0.0307302474975585,208.0,0.0198049545288085,0.0890788816143209,0.7581730720872855,1593.71622574018,0.9850389515002476,0.0810143586698954,bonafide,data/Bonafide/22523.png
439.4813666855917,1.9760856937275797,64.56227486773464,51.43074950357457,17.10141815134238,0.0330381393432617,35.0,0.0277051925659179,0.1164077246655753,0.7879985817176296,2101.527035446693,0.9945413774000196,0.0782568357289772,bonafide,data/Bonafide/22542.png
119.46707130945288,1.0628732666991043,75.28875859032556,42.02077263816079,15.669594118231425,0.3103923797607422,1031.0,0.1833209991455078,0.1105544663912883,0.6760144211476455,1043.0609584966364,0.9905930958105,0.0810531975779896,bonafide,data/Bonafide/22544.png
237.75915333043304,0.8749786606491203,62.37754323243201,33.448242177856336,13.411798480319648,0.0113086700439453,200.0,0.0023622512817382,0.1259765625,0.7719895548530096,2244.536775874394,0.9743237636804178,0.1154594955384229,bonafide,data/Bonafide/22569.png
112.97687979742383,0.8491926321854566,66.26657912442477,53.30333837738564,20.801690871316342,0.0032758712768554,297.0,0.0010852813720703,0.1509918481508449,0.7139837071505075,808.2400807677602,0.99397682862826,0.0765276189103312,bonafide,data/Bonafide/22573.png
87.80391900878385,0.6805214036608086,53.47032911193365,38.52250228384824,13.556064947080596,2.765655517578125e-05,8.0,1.049041748046875e-05,0.1088374415542832,0.6845336410121903,690.7089725203277,0.9830591874291992,0.0826113501667446,bonafide,data/Bonafide/22581.png
492.2952052491273,1.31246139132471,78.17888213619645,70.07010444331505,32.74815814226217,0.0961751937866211,139.0,0.079503059387207,0.2646268153067533,0.8024380431692141,3035.464737056256,0.9863625097974922,0.0932519887993868,bonafide,data/Bonafide/22583.png
86.74197193677173,1.0954057363254543,65.75096303329522,64.1687053692751,21.19486457779217,0.005904197692871,30.0,0.0027217864990234,0.1413858810001599,0.6607113271063945,697.0528894273293,0.9927084689006216,0.0725435983369864,bonafide,data/Bonafide/22597.png
62.5724896847596,0.5956487179648452,66.48124051911256,51.64911685007069,23.344894488302813,2.86102294921875e-05,14.0,3.814697265625e-06,0.080078125,0.6476965600446537,796.363500307366,0.995444037776129,0.0770059829232172,bonafide,data/Bonafide/22600.png
71.5683311054081,0.9310398788018828,55.450976070062126,56.22451877786205,21.759164520787103,8.58306884765625e-06,3.0,2.86102294921875e-06,0.1474609374999999,0.6664239077095812,802.1361273945934,0.985367879035426,0.096001913542864,bonafide,data/Bonafide/22621.png
552.424143671188,1.5422411695389635,53.17943776852534,57.68049910069932,22.155025335591965,0.0005006790161132,71.0,0.0002002716064453,0.2497442845023716,0.8432937165860968,3993.383010068957,0.980781787305814,0.0980721979799347,bonafide,data/Bonafide/22622.png
68.5095529210439,0.5784460329606382,59.62495268430108,86.22092615820499,32.965296905843175,0.0194692611694335,107.0,0.0083656311035156,0.078860067317275,0.6628309355729439,1000.6980402944336,0.9873151328981216,0.0830211888900903,bonafide,data/Bonafide/22628.png
129.95531896781813,1.121515547567395,52.8115199261529,37.93319425960433,15.038665835296651,0.0002050399780273,6.0,0.0001249313354492,0.0892179504465596,0.727104724055079,624.0738857199561,0.9962797495822424,0.0753024341354648,bonafide,data/Bonafide/22645.png
114.09722514910028,1.1527090884101974,56.66892884046682,26.82812420954508,12.363952889935137,0.16546630859375,493.0,0.0437335968017578,0.1010447288652174,0.7040446738786151,901.5771717099938,0.9966589635645424,0.0744501602999399,bonafide,data/Bonafide/22665.png
86.7666061681366,0.9627169939237916,53.50124876944509,40.92449000037807,16.1623516925244,0.0001144409179687,20.0,2.765655517578125e-05,0.0749762179498048,0.7270771136987765,517.5506966123344,0.9960797555904076,0.0774263642368601,bonafide,data/Bonafide/22693.png
107.18186699737272,0.9171890155172052,54.84307497369557,44.26937254427866,15.817857786530224,0.0001649856567382,24.0,4.100799560546875e-05,0.0800125970459349,0.7412343912466841,798.1538950352884,0.9934678385006288,0.0857806466583565,bonafide,data/Bonafide/22702.png
118.98796138838132,0.8259596679265372,51.29303947570462,43.561294655920975,15.8932139809934,0.0005998611450195,17.0,0.0005521774291992,0.0869140624999999,0.7680163078739989,1285.7639561523538,0.997265250306471,0.0757979218444729,bonafide,data/Bonafide/22766.png
100.06118853661518,0.8401119151808641,68.73910335376793,47.2061110907613,16.464725943562875,0.0022792816162109,82.0,0.0009212493896484,0.0730596684151097,0.7023239683436766,976.3432409224374,0.9944647147684722,0.0722331126660428,bonafide,data/Bonafide/22773.png
126.31487071908488,1.002966853068932,50.29405038989775,42.89250456239565,16.053345681865917,0.0622549057006835,29.0,0.0417947769165039,0.1579391726490932,0.7261386072601186,698.5158171506941,0.985257396035046,0.1019224519882841,bonafide,data/Bonafide/22776.png
88.86883937845414,0.7601821665743935,48.40684609117468,75.45648375907177,31.4300177628893,0.0001792907714843,41.0,2.288818359375e-05,0.0751953125,0.6881626693331626,926.231745145078,0.9934974253818591,0.0790361386227285,bonafide,data/Bonafide/22800.png
139.07172106875714,1.0773170984443072,56.23275465659411,53.98208884266183,21.11608068295343,0.0002937316894531,20.0,0.0001096725463867,0.1328124999999999,0.7733585183763799,771.09746602738,0.9957584537010392,0.0761618701360288,bonafide,data/Bonafide/22835.png
292.2074994068379,1.4549834107029576,47.63252308231732,43.33121232559754,15.059024614929548,0.0015993118286132,163.0,0.0003318786621093,0.19140625,0.8079407165476286,1754.2823489928574,0.9941232404667092,0.0723046417272288,bonafide,data/Bonafide/22836.png
100.04674871719088,0.8796008148007773,54.22539472707353,46.224175058689205,13.513990220222569,0.0011730194091796,48.0,0.0003767013549804,0.0830480141619894,0.6957679731883263,799.756694116657,0.995708546069672,0.0771787319958254,bonafide,data/Bonafide/22862.png
193.07617086218576,0.7003409494764743,54.389133453456765,77.79124461409099,36.07675467487957,0.0236320495605468,701.0,0.0055170059204101,0.0975829803260609,0.7580424006790715,1883.3499345522328,0.9921404777344291,0.0870686211819299,bonafide,data/Bonafide/22865.png
142.86134910583132,1.1750431004835986,75.85761957848565,46.94803355743528,19.1183615766377,0.0633049011230468,234.0,0.0543670654296875,0.1059581563160315,0.7212264995248533,1214.2733985938355,0.9979890095450245,0.0690985820076253,bonafide,data/Bonafide/22882.png
151.05860192357704,0.809354951116924,72.13062583318326,38.899770262417526,15.700736086573611,0.041935920715332,270.0,0.0115528106689453,0.0911086233569578,0.6957105723340928,1878.2445726554388,0.978320700509455,0.0801313744927859,bonafide,data/Bonafide/22883.png
168.78111125486515,1.2325432421012783,60.81726118233061,34.832160268091684,11.424389096799612,1.9073486328125e-06,2.0,9.5367431640625e-07,0.0800215358357346,0.7356003848560209,557.7569423699324,0.987869690011644,0.0799330966028294,bonafide,data/Bonafide/22908.png
56.92495267407139,0.6645354539395144,61.69872313825988,44.41319614202961,14.709635170285388,0.0025358200073242,101.0,0.0010442733764648,0.2030122884404106,0.6413595378575813,620.2319887463588,0.989191812670948,0.0874883013829777,bonafide,data/Bonafide/22927.png
108.6938554236758,0.5963070829469868,40.2738725322324,47.44782157552512,17.708957368267654,0.0260553359985351,69.0,0.0078344345092773,0.0696378768984651,0.7302649752033661,649.7854733545385,0.9892667977661288,0.0899259069160082,bonafide,data/Bonafide/22952.png
229.90004425127603,1.1921849887215323,76.80715994964476,36.24485647403967,14.05292787168003,3.719329833984375e-05,3.0,3.0517578125e-05,0.0829100987374653,0.7380994169659475,1081.50780978188,0.9950605444576044,0.0758741898336672,bonafide,data/Bonafide/22968.png
222.0842204392092,1.3324339290028722,61.50745809460595,41.45495515462692,15.408228027671868,0.1240377426147461,30.0,0.1117181777954101,0.1808935409143489,0.7463991445298874,1033.506573312664,0.9960672441987204,0.0807952141002524,bonafide,data/Bonafide/23023.png
117.92794990363473,0.8820476846539065,51.14452881135472,48.831357611526535,17.46464690438915,3.147125244140625e-05,5.0,1.430511474609375e-05,0.087890625,0.755841173917165,791.0929976257091,0.996656741203704,0.0705765467075574,bonafide,data/Bonafide/23024.png
96.02890630101956,0.9767454477625824,51.29006728039726,29.501379932387803,10.68912073822289,4.76837158203125e-06,3.0,2.86102294921875e-06,0.0732421875,0.6848255558605347,668.6871513585503,0.9815349552399224,0.0847620682032302,bonafide,data/Bonafide/23048.png
46.68770712449623,0.5458995640788966,56.229290561878585,30.515968863468327,12.466114566973754,0.035445213317871,62.0,0.0116958618164062,0.0535108132531151,0.6083485143454753,623.0964764122841,0.9898852542857948,0.1084589274603175,bonafide,data/Bonafide/23050.png
112.70993866346544,1.0089059371742348,57.22931606367369,48.30418394056003,18.832765677468707,0.0015325546264648,61.0,0.0008468627929687,0.1031279592378444,0.7085652557065714,1244.125210643923,0.9787455861318868,0.1035283460891684,bonafide,data/Bonafide/23063.png
41.898244931930094,0.6686122370989782,69.71433527516083,79.29346041616552,31.6916698474932,0.0061979293823242,13.0,0.006169319152832,0.0705088945554089,0.6190135902830797,440.5299308077917,0.993786913104645,0.0782944688001654,bonafide,data/Bonafide/23146.png
126.36897931923068,0.8541875665092618,60.29181452439305,48.748408650993824,21.325047593254965,0.0017166137695312,45.0,0.0009469985961914,0.1230468749999999,0.7246124807250002,941.8207813772326,0.9936423077649614,0.0897593822836301,bonafide,data/Bonafide/23154.png
186.40064282194,0.94598248401776,60.22409069270385,65.93312075858691,21.66380001757364,0.0136346817016601,361.0,0.0056228637695312,0.1259765625,0.7276915390323359,1539.447362738996,0.9956605524351138,0.0790275258219219,bonafide,data/Bonafide/23182.png
477.8771895929084,2.2698242700292144,61.15615651956845,54.79244265998953,15.565848718799462,0.0005054473876953,79.0,5.53131103515625e-05,0.17578125,0.8068962763494654,1377.85930504418,0.9978668767219134,0.0716061565325234,bonafide,data/Bonafide/23210.png
83.5559743576996,1.1780117425841177,48.91771636371082,43.55650218641537,16.436748711296573,3.24249267578125e-05,4.0,1.811981201171875e-05,0.0681812690943947,0.6869602676657687,243.36992552599892,0.9969025974979752,0.0747532539149192,bonafide,data/Bonafide/23231.png
168.35737418455756,1.198628845978392,49.25858134951327,72.14543850531682,26.10857148057053,0.0410003662109375,386.0,0.0135488510131835,0.1496309190183283,0.7475891879670541,947.4280251456424,0.9885422389104296,0.0659647061599441,bonafide,data/Bonafide/23238.png
104.87010611354978,0.5361208841983401,64.52563133222804,38.8483403008538,14.95239606992827,0.007939338684082,174.0,0.0062799453735351,0.0657314345688462,0.7179023956734348,1377.9989583715974,0.9879828858660876,0.0982475860422061,bonafide,data/Bonafide/23253.png
176.64364527887665,1.643105004679652,69.27091200712361,35.05791729640707,14.571611562866734,0.0213994979858398,194.0,0.0093774795532226,0.0832916791444215,0.7427665162142845,640.4003022576701,0.9967236425049112,0.073054033829518,bonafide,data/Bonafide/23296.png
270.1309918211108,0.8716020402486108,75.88010420827824,55.98940064474179,21.37999772334653,0.1270313262939453,174.0,0.1079683303833007,0.0999582203372402,0.7473284201971883,3306.084409563944,0.9971727204248144,0.0746375957246937,bonafide,data/Bonafide/23300.png
145.50825763344983,1.1573088437532275,52.73652986945614,43.93619303948565,15.116565802670427,0.0006036758422851,14.0,0.0003576278686523,0.1015812783120768,0.7310656907097831,1142.5081262705187,0.9967531582148196,0.0672873065390309,bonafide,data/Bonafide/23303.png
62.39466859948061,0.7539988954571846,63.13807805753723,42.61038795957941,16.624687802224592,0.0773420333862304,46.0,0.0533552169799804,0.0781738128757402,0.6401192629964282,643.1999091865684,0.994350804562334,0.0871133754282743,bonafide,data/Bonafide/23311.png
97.78637981030532,0.7675539744743687,78.63582971113571,53.91680171309332,17.07457272843678,0.0244884490966796,352.0,0.0139598846435546,0.146484375,0.6839572346256924,605.7100301705764,0.9945801331902876,0.0830621248776572,bonafide,data/Bonafide/23322.png
186.61186389010615,0.9564991246468284,54.62529013766597,41.4190887195316,16.691022874100536,0.0446577072143554,379.0,0.0150842666625976,0.1697604410053245,0.7497490595617923,1758.0165596668476,0.9908171778706047,0.0752505786065946,bonafide,data/Bonafide/23349.png
65.51028188083728,0.8787624593921695,58.6067921020048,40.29738330485337,18.011551217083305,0.0203886032104492,10.0,0.0203456878662109,0.0859374999999999,0.677124132439001,328.6530517052271,0.9946273344348068,0.0752841950059076,bonafide,data/Bonafide/23365.png
83.09736060570867,0.7539812963932635,43.726785794179456,27.2166944875057,9.039179180684256,0.0018520355224609,2.0,0.0018339157104492,0.0991800067381136,0.7403498066508467,611.7749213029658,0.9955087938095544,0.0725369723684101,bonafide,data/Bonafide/23368.png
153.8454490146214,1.247061669878783,47.03207082102667,82.29516293479396,24.56051763301532,0.0001707077026367,13.0,8.20159912109375e-05,0.115234375,0.76829926217122,696.2694554944715,0.9923651259396836,0.0782280184244569,bonafide,data/Bonafide/23376.png
56.45527434720134,0.7044979283703969,45.66538101356384,51.54473709336004,15.99729074111595,0.0241203308105468,58.0,0.013092041015625,0.0723348749702582,0.6802480802838734,475.2288340928757,0.9894133327869056,0.0807543218867091,bonafide,data/Bonafide/23380.png
119.05772096272176,1.1308124530731096,59.454320195107286,61.963197265759085,22.005804954449918,0.0665206909179687,204.0,0.0231809616088867,0.1053443457564824,0.6873726839883629,881.3873370920619,0.9954262140939554,0.0808024962651328,bonafide,data/Bonafide/23402.png
57.05845141174723,0.5296130303454036,65.29499549565014,44.46410078645418,19.43399350525305,9.5367431640625e-06,3.0,5.7220458984375e-06,0.1053443457564824,0.640669252405458,890.9192351285361,0.9680311570956558,0.0769320562018343,bonafide,data/Bonafide/23407.png
75.58472919431279,0.786850548106468,57.76861681044183,40.47444908271361,15.321548991995764,0.0234403610229492,114.0,0.0047378540039062,0.1164855277441284,0.6682941153233144,992.9862968047312,0.989389449998547,0.0924586655513462,bonafide,data/Bonafide/23447.png
167.43097890993522,0.8516341023257917,76.06178734218669,49.71980335325813,17.026524797533405,0.2472686767578125,629.0,0.2174701690673828,0.1682368069105654,0.7348559637898131,1247.894924374085,0.9942443945029328,0.0711544059462007,bonafide,data/Bonafide/23461.png
76.74949258932611,0.7199447067697429,74.72293168031489,39.65006104854115,15.452918406666406,0.0426197052001953,56.0,0.0244979858398437,0.0902171461162962,0.6369363927648546,876.7942148246824,0.9911565172966148,0.0888653834238268,bonafide,data/Bonafide/23480.png
324.403045764534,1.3170261485292605,62.91355730201764,38.676216042819874,13.611071468405736,0.0393018722534179,720.0,0.0226659774780273,0.084924448881475,0.7656438046329703,1119.9375555137767,0.9949623164090192,0.0711719384610268,bonafide,data/Bonafide/23487.png
128.1238373852893,0.881551911023673,70.19616868347097,28.857167173354323,13.03527576489302,0.3285713195800781,129.0,0.2672271728515625,0.1389089357955335,0.6869420094307848,843.1575686338678,0.9960142322832496,0.0717808225306211,bonafide,data/Bonafide/23488.png
118.162761148993,1.2415355638075394,38.68769878760681,33.11339343091662,12.307234520054058,6.67572021484375e-06,1.0,6.67572021484375e-06,0.078125,0.778219640109831,319.835936871792,0.9908738454954784,0.0873794737559037,bonafide,data/Bonafide/23552.png
67.3961808681488,0.6964881544032797,73.02736749520263,53.39237496145885,22.719911711817456,0.0163497924804687,38.0,0.0122575759887695,0.0870182398825994,0.6283305887775079,776.2205630216527,0.9951274523848784,0.0784274753751951,bonafide,data/Bonafide/23570.png
125.26794049910676,0.7823597869661316,73.74931272883231,45.45718021004722,15.745527124288822,0.0193986892700195,19.0,0.0120401382446289,0.246194485830848,0.6767920944544396,944.2755829397804,0.9706099157889472,0.0755289677542922,bonafide,data/Bonafide/23581.png
294.03857200121274,1.140341546228966,59.97699003223638,37.03053522690614,14.92698318449318,0.0400514602661132,91.0,0.0248994827270507,0.151686595962779,0.7660568269205843,1521.9749999174912,0.9852717430543538,0.0726936714224362,bonafide,data/Bonafide/23585.png
149.31277845243676,0.6408523136250663,54.46774130731898,37.600646891147065,14.53167963125639,0.0017652511596679,146.0,0.0004444122314453,0.1259917020941539,0.7694756643533062,2253.739120682941,0.987064181408787,0.0681518242859655,bonafide,data/Bonafide/23605.png
86.74801731094249,0.6540888095874049,83.45754779123696,43.49769025062709,14.7993261942413,0.0030708312988281,103.0,0.0006637573242187,0.0647557408207047,0.7007574459458784,872.2290450204575,0.9967950563527002,0.0752118703303741,bonafide,data/Bonafide/23606.png
318.7831087046716,1.4787731453477462,52.729612595060026,41.07273642179446,13.950391466421644,0.0614891052246093,238.0,0.0157318115234375,0.1645181776398151,0.7541465548425191,2286.6359561018216,0.9964312588932616,0.0686779565245055,bonafide,data/Bonafide/23612.png
106.47922596022454,0.8217368925322729,53.95205963438793,55.89195830634617,16.868118815329,0.0001392364501953,32.0,1.430511474609375e-05,0.0871086086359225,0.723048757630074,800.1976393237378,0.9920571419683344,0.0718078964832711,bonafide,data/Bonafide/23614.png
33.340253606205806,0.4055736278929019,49.17669573860158,41.69885088412904,17.827611105365104,0.0002908706665039,13.0,6.103515625e-05,0.0516055765258412,0.6872153450835622,480.83603252336025,0.9913615542106404,0.0949126417643386,bonafide,data/Bonafide/23636.png
137.74914029221597,0.8688473867662241,63.18965952286696,40.53518893913336,16.115485814771166,0.0126276016235351,386.0,0.0081233978271484,0.1548059491653103,0.7156321468451615,1281.910653060084,0.9974625536227494,0.0731020825655745,bonafide,data/Bonafide/23655.png
184.9120561695563,1.3534122131862558,66.30767894295539,37.57338957580164,15.225448870863945,0.0245742797851562,748.0,0.007476806640625,0.1738281249999999,0.7407914677742173,1194.2893585878503,0.9979536849782954,0.0704737153328814,bonafide,data/Bonafide/23687.png
217.33694090685364,1.1644856620245307,53.55738762539446,34.187927590053874,12.924916970017035,0.0360841751098632,97.0,0.0167083740234375,0.0981165907834291,0.7780369989427814,1272.2745843690204,0.9954268253188336,0.0796958622167495,bonafide,data/Bonafide/23691.png
134.32815489450877,0.8833180170860339,56.40424541938431,76.15698233248705,33.87735414983401,0.0054302215576171,30.0,0.0047607421875,0.1137014029517803,0.7489637803705408,861.7866755831334,0.995462815756708,0.0700091033273189,bonafide,data/Bonafide/23718.png
81.52413462872119,0.927452269623682,57.00039715932578,45.69799015268167,18.008060863527394,0.0008392333984375,36.0,0.0003089904785156,0.1018718995166616,0.6891237236707878,699.243729135053,0.994441023802325,0.0714706699542555,bonafide,data/Bonafide/23719.png
273.2357668083241,1.2750065835132298,60.92497425948963,41.0168915888154,14.168407462128725,0.0038061141967773,42.0,0.0025882720947265,0.1162581147673898,0.7904864273277595,1680.9977951398075,0.9943736768106176,0.0790651358473581,bonafide,data/Bonafide/23744.png
138.36996651995196,1.0613187493825231,48.00095267610319,47.34441129535985,17.457575573303213,0.0006132125854492,38.0,0.0002422332763671,0.1094730482681428,0.7375690193810529,915.8699810642388,0.9836613276601384,0.0774746954896524,bonafide,data/Bonafide/23748.png
94.92431825305904,0.6035680967400038,37.24416916859306,78.8840114833498,36.25911159727824,0.0208463668823242,615.0,0.003641128540039,0.118099478734842,0.7340564236405087,1384.5581694714929,0.9975663435278286,0.0732444215365535,bonafide,data/Bonafide/23756.png
136.7908494813273,1.3728893772129098,55.70884068324608,40.38322243423558,14.337980828334889,0.0371885299682617,115.0,0.0194664001464843,0.1005859375,0.7476855936514462,600.9224798416716,0.9928284512497896,0.0735257023642455,bonafide,data/Bonafide/23773.png
217.31856902746583,1.9896953698407915,46.32408534928405,62.45499993153389,26.248704103344085,0.0013923645019531,66.0,0.0008621215820312,0.1279296874999999,0.779511665161445,627.657231904099,0.9980744221242774,0.0687638280316664,bonafide,data/Bonafide/23791.png
83.75854284004527,0.9330433722378162,60.93352760926483,31.93936463513311,11.547122591225287,0.0593366622924804,79.0,0.0541572570800781,0.1372513343176402,0.680898297204203,659.7192377327619,0.9864555836522678,0.0789812718686907,bonafide,data/Bonafide/23819.png
50.34819757832156,0.6071817045353607,59.447770819123406,36.58333527978685,13.083342054277058,0.0008220672607421,2.0,0.0008172988891601,0.1319263289658818,0.6480576490400937,444.1679986457969,0.994031529827608,0.0851278710567552,bonafide,data/Bonafide/23823.png
98.2241887741684,1.0475646809494124,54.18973427118807,42.181063531856026,15.098959656994436,0.004587173461914,474.0,0.0009651184082031,0.083984375,0.7300397074942464,579.1284524757393,0.988387803737237,0.0823614429207149,bonafide,data/Bonafide/23835.png
82.58754916395992,0.6332949155964679,78.2084858300937,46.8425370344541,18.33408168614645,0.0219888687133789,89.0,0.0136432647705078,0.1267162754555705,0.6671573362531898,1270.2879015686044,0.9928098644054336,0.0727156109063787,bonafide,data/Bonafide/23896.png
53.96488153369864,0.4508994170537574,72.30621789330718,42.899165697134585,19.79883603312621,0.2555103302001953,759.0,0.0827236175537109,0.0888671874999999,0.6561804764838312,980.23608891405,0.9946512872971628,0.0816704543526893,bonafide,data/Bonafide/23904.png
61.56490790912267,0.7795985338347743,61.51065159588674,48.97955447669658,18.7323481887017,1.1444091796875e-05,2.0,1.049041748046875e-05,0.1016305548732166,0.6545338402481139,456.47161679020894,0.9955532884214334,0.0758520316379055,bonafide,data/Bonafide/23905.png
122.95332206658983,0.8144078823559239,66.92494642899734,39.28000597322166,15.064889171012664,0.0477714538574218,729.0,0.0197992324829101,0.0791015625,0.7322563094904678,1369.653703604693,0.9961590918164214,0.0718205810259598,bonafide,data/Bonafide/23917.png
436.2960703305207,1.5207839108318162,48.905580569739485,29.399578443684643,11.436581173897723,0.0014677047729492,91.0,0.0007028579711914,0.2265624999999999,0.8140660515837503,1242.358801316064,0.9957192472593116,0.0779783744213858,bonafide,data/Bonafide/23919.png
92.39068393869093,0.6738121605195924,66.68760629516608,48.3810480930809,16.810908964989515,3.4332275390625e-05,25.0,2.86102294921875e-06,0.1070884384739321,0.6776564748590365,1059.700373010804,0.9748151633419496,0.0828890277861711,bonafide,data/Bonafide/23955.png
50.28932011530469,0.5642767866104782,55.590245819977454,36.19118335714683,16.10715812116102,0.0030422210693359,18.0,0.0017976760864257,0.0822286501368003,0.6876459244237615,747.6608896405885,0.9904848025658284,0.0985682778435067,bonafide,data/Bonafide/23993.png
45.97421344130635,0.7320686619071565,67.9322280443193,42.31499982421379,17.725035880641222,0.0637054443359375,74.0,0.0405559539794921,0.0634765625,0.6117210828466882,713.062533336765,0.9937270816554006,0.0799943226124428,bonafide,data/Bonafide/24014.png
53.40572924818844,0.6021499721688114,57.692391024542005,71.84889205479834,26.48817295534816,0.0225238800048828,11.0,0.0145654678344726,0.1812793050292414,0.6828006383998301,680.3163794980999,0.991711932640846,0.0843404863624564,bonafide,data/Bonafide/24018.png
80.59040637139333,1.0235297593459036,57.291150598910114,58.425030984019685,26.24948615944139,1.811981201171875e-05,5.0,1.1444091796875e-05,0.1015624999999999,0.655718593027214,480.06730591874174,0.9789497886243752,0.0799969582921561,bonafide,data/Bonafide/24038.png
57.11545085886519,0.7545746648325143,48.52801958336891,33.96699155629639,13.822210442088164,8.58306884765625e-06,3.0,3.814697265625e-06,0.0734729437821677,0.7032396893576237,356.1504573951473,0.9947100010500816,0.0812244061081848,bonafide,data/Bonafide/24044.png
164.18360602923983,0.9646226925613453,84.59529746738106,47.53497772657775,19.06197019268645,0.3897418975830078,87.0,0.3880329132080078,0.0585367561353347,0.7022148069340554,1457.0042009312572,0.9975223781852725,0.0634848374409622,bonafide,data/Bonafide/24054.png
88.50289583610629,0.8420292132014567,54.450187895996585,30.529808694544485,11.519570490787844,0.0010910034179687,14.0,0.0002031326293945,0.1531444926408413,0.6995777232609319,953.9935482324532,0.995009493236776,0.06996050232337,bonafide,data/Bonafide/24059.png
76.61271273694001,0.5724483519720525,41.79718215806079,35.69876287195073,12.440051346976391,0.0004663467407226,159.0,6.29425048828125e-05,0.0827633117847992,0.6702197117238137,1027.3146718049263,0.9925791672621336,0.0920277370193373,bonafide,data/Bonafide/24067.png
104.4794778330097,0.7113933616083244,60.89455376725552,42.4661152714333,15.81928174162628,0.0762195587158203,112.0,0.0205440521240234,0.169861530682238,0.6585952154255251,1248.3819829409856,0.9759610051677882,0.106220049029826,bonafide,data/Bonafide/24098.png
56.23688125566332,0.6704463395446708,58.0707935048289,46.20055938435248,18.20847763915155,2.47955322265625e-05,7.0,8.58306884765625e-06,0.0746096306441955,0.692623084295981,491.2716094966704,0.994570709267119,0.0820287935057968,bonafide,data/Bonafide/24104.png
404.016229319328,1.2587836463970885,63.95390229200369,97.5267977813274,31.774621970014422,0.0037784576416015,155.0,0.0015668869018554,0.0859374999999999,0.7719846450546266,2222.658075004524,0.9804324667209324,0.0811855888870693,bonafide,data/Bonafide/24107.png
120.77793373486836,0.81075727652846,58.86811521799234,59.35151205075841,20.02306474854269,0.0002212524414062,21.0,2.384185791015625e-05,0.1163093727015267,0.7219244678252859,982.5108656345276,0.9850746968839909,0.0802829203265614,bonafide,data/Bonafide/24138.png
508.107024741489,1.7394616795522595,61.379111899544704,51.04775920340284,18.551020429809213,0.0271978378295898,714.0,0.0063209533691406,0.1474609374999999,0.7859011959909151,2931.328648909688,0.9900799338395176,0.0617856577257809,bonafide,data/Bonafide/24156.png
140.1544763141055,0.6738647577219932,51.60915046077479,77.05290571557242,21.75377496771352,0.0196514129638671,47.0,0.0137825012207031,0.1132812499999999,0.7704618284444845,1205.8021003139293,0.9953939741026832,0.0819092418089391,bonafide,data/Bonafide/24176.png
99.79590296277364,0.9653358546288776,62.05699356545009,41.76499193688265,16.069447793945304,1.9073486328125e-06,2.0,9.5367431640625e-07,0.0837455725567122,0.7178050940518833,487.10346920611767,0.993420806921108,0.0712774559440225,bonafide,data/Bonafide/24182.png
59.67650695411339,0.8146822677616038,55.23024331860705,28.644983317813008,12.606734146156088,0.000213623046875,14.0,4.9591064453125e-05,0.0799887553895516,0.6837493912434217,623.7493693614764,0.9961414531629,0.0772700410669083,bonafide,data/Bonafide/24219.png
115.67611694204606,0.8455038283897092,64.0456188468957,50.883337982439286,17.96817780909615,0.0031414031982421,29.0,0.002328872680664,0.1042317505009869,0.7047544788384515,1049.6977916897083,0.996797336255252,0.0659881256515419,bonafide,data/Bonafide/24221.png
66.56628629280021,0.7944605433374672,51.594137177577856,55.90871364221932,19.589609952342443,0.0838384628295898,176.0,0.0301589965820312,0.080898640262602,0.6791318538468274,641.3213170763579,0.9958765506649052,0.0738368236724134,bonafide,data/Bonafide/24224.png
101.60359477400104,0.6579482043095699,52.31703291223708,57.35661337684459,19.326801560047244,0.0001173019409179,3.0,0.0001144409179687,0.1025925269842671,0.7240431755202507,1180.8398602419031,0.9833500269350732,0.0975329217210876,bonafide,data/Bonafide/24265.png
40.991080888183205,0.6134711700041847,67.83755900938158,43.85096474672404,14.474140694826296,0.0010223388671875,94.0,0.0005598068237304,0.0705427004232742,0.6466833573412534,349.58421655845416,0.9932132081585624,0.0791310428844597,bonafide,data/Bonafide/24270.png
75.24991890238653,0.9269706952382027,46.44729341325488,48.434813866939,16.560018136614147,6.008148193359375e-05,17.0,7.62939453125e-06,0.0709202252162707,0.7281608951450004,452.157588110744,0.99750884942068,0.0730709261487749,bonafide,data/Bonafide/24285.png
83.46463837841202,0.6313906168844534,50.29161966650559,102.28256328887625,45.088028168748615,0.00262451171875,87.0,0.0013160705566406,0.1874453146979066,0.7137737576922182,1334.950520796153,0.9974181605781518,0.0717267365259505,bonafide,data/Bonafide/24301.png
323.9588956625512,1.811298658606076,49.73827117094981,37.25625526243402,12.865424451909634,0.0004129409790039,55.0,0.0002660751342773,0.1572265624999999,0.8007124993486762,831.7489873714845,0.99702705894681,0.0696901540005886,bonafide,data/Bonafide/24316.png
154.8932584246786,1.16480524502619,65.32493595144352,42.83055421400681,16.31194649211862,0.1316337585449218,143.0,0.0846385955810546,0.1044921874999999,0.7140601846162105,1229.9182431136346,0.9952533507075564,0.082537849886904,bonafide,data/Bonafide/24323.png
68.30021239645066,0.6727780155248616,76.51979156188135,28.95897822345648,12.632235945098929,0.2523660659790039,347.0,0.1169948577880859,0.0814859339271417,0.6814154771695314,657.6775015569011,0.9831435617701992,0.0782496145947962,bonafide,data/Bonafide/24328.png
60.03058112356575,0.7943579487943813,56.95961336239405,38.1539125535281,15.989651002705871,0.0013446807861328,5.0,0.0011310577392578,0.079720045437338,0.696544120750503,353.47988677121737,0.9959291550267928,0.0751762272412144,bonafide,data/Bonafide/24338.png
46.7109064233955,0.6517333348730481,51.4810944782387,37.40551949753948,12.848979430314776,0.0043849945068359,246.0,0.0018930435180664,0.0929788023058086,0.662048885720508,365.2148210684529,0.9922285787057388,0.0877910553321463,bonafide,data/Bonafide/24371.png
62.780692741882376,1.0007771695362868,50.51988666272911,45.33260970548972,13.889267196742953,2.193450927734375e-05,6.0,9.5367431640625e-06,0.0751953125,0.6938818356957572,336.4444210352912,0.9903744757741264,0.0801354040963505,bonafide,data/Bonafide/24387.png
113.46294454867892,0.8167211593147427,42.74000108898188,74.35997412690065,31.18065319587704,0.000340461730957,53.0,5.14984130859375e-05,0.0791015625,0.7496318392701644,1029.4558581764943,0.993394838956294,0.0850822043709142,bonafide,data/Bonafide/24400.png
72.03953073600769,0.814088899322353,43.888463813488364,36.23801659471852,10.822794548116288,9.918212890625e-05,27.0,1.239776611328125e-05,0.0969431975490049,0.7050836514353886,492.2002547132444,0.9811054568115508,0.0765323492170199,bonafide,data/Bonafide/24436.png
44.6817081970512,0.69869063725514,67.369757952696,29.421807465243077,13.27613005144003,0.0174531936645507,149.0,0.0132474899291992,0.0632583388308658,0.6303829991834581,534.7551480144116,0.9767207559091472,0.0987940602244523,bonafide,data/Bonafide/24454.png
75.9253091812052,0.962366012592182,61.29195322306495,55.99997513190011,19.97513903408201,4.482269287109375e-05,6.0,1.049041748046875e-05,0.0615970232058519,0.7240894879181572,407.8919730075081,0.99737421573085,0.0740289529498504,bonafide,data/Bonafide/24462.png
827.943371510496,2.8760590249319997,47.13679491955209,72.86295941224886,24.510459014251,0.0019464492797851,748.0,5.054473876953125e-05,0.166015625,0.8463313800749542,2267.712277638416,0.989502267206309,0.0689279039621117,bonafide,data/Bonafide/24467.png
236.51991829914917,1.1733519904322651,56.318289966926415,65.8272047343172,28.632314506389548,0.0652189254760742,563.0,0.0210199356079101,0.2259766469046946,0.7376242944163621,2681.8746341786928,0.9653559206359874,0.1310404272511761,bonafide,data/Bonafide/24478.png
248.4214419260451,1.354382761563635,73.78655257794524,46.30202986419757,17.780103637434586,9.918212890625e-05,20.0,4.482269287109375e-05,0.1622872353545811,0.7344870344702193,1524.685956310175,0.995306149719014,0.0795876469150377,bonafide,data/Bonafide/24492.png
81.05311821551004,0.8836937970986232,58.97490843081165,55.51256419605287,19.43443186684746,0.0022001266479492,14.0,0.0019750595092773,0.0756568122978381,0.7031816919091609,552.6254323402998,0.996512242814694,0.0790494118975414,bonafide,data/Bonafide/24539.png
452.7819613479078,1.4004291123984445,67.88943069683984,57.40849224643463,20.488261546861956,0.0030841827392578,393.0,0.0006866455078125,0.1140134104821682,0.7829794252887241,2057.8967842844186,0.9985926168175692,0.0704021600221753,bonafide,data/Bonafide/24546.png
198.4257545176515,1.3695525546955856,52.830124360727964,77.84148099943617,31.617381271888863,0.0057411193847656,277.0,0.001103401184082,0.0658944547181146,0.7377276009075686,1433.5362813896272,0.9981430318745452,0.0734681228315913,bonafide,data/Bonafide/24569.png
61.7500562539999,0.666697738929464,46.40598364662868,68.54789843349697,26.80628669164599,1.049041748046875e-05,4.0,4.76837158203125e-06,0.1001274250703607,0.7193849172756005,450.6300198700926,0.9956005881517632,0.0740521072004996,bonafide,data/Bonafide/24576.png
131.51093063781445,1.296906818658847,49.70904856523296,45.998703571685446,20.29067832099058,7.43865966796875e-05,4.0,3.147125244140625e-05,0.1171590134647571,0.745425074240924,803.1398925696597,0.994517883159419,0.0682488714476693,bonafide,data/Bonafide/24593.png
104.12129270759397,1.1759376529031365,67.67440855671401,50.24654029740832,19.07836929948607,0.0012178421020507,36.0,0.0010175704956054,0.0904072216626512,0.6728805724473985,422.8960756420262,0.9955809209090868,0.0713324814618532,bonafide,data/Bonafide/24614.png
49.02612737846266,0.7934705959919021,53.790551914481895,37.197342747073066,12.19711537421816,9.1552734375e-05,14.0,3.24249267578125e-05,0.0818712399616698,0.6836203140344891,313.8955492416886,0.9930342308514464,0.0820828856097378,bonafide,data/Bonafide/24647.png
89.12127694809806,0.8523298653187658,63.91029675087014,33.71338673994969,12.030170640950304,0.052560806274414,8.0,0.052321434020996,0.0820312499999999,0.6817318182305856,1006.1353280224388,0.99728547130707,0.0741759551047765,bonafide,data/Bonafide/24654.png
269.7741937637101,1.5453878021723213,64.00156157061495,32.792966464377606,14.457572555256927,0.0738487243652343,251.0,0.0388460159301757,0.1904296875,0.7498910550826013,1682.5536541172453,0.99465870807683,0.0714652372190644,bonafide,data/Bonafide/24658.png
113.48408071497396,0.7523407836507037,52.71802747035084,55.64507345803762,22.0702830241984,0.0046405792236328,86.0,0.0018787384033203,0.0863167457503109,0.7083805216776412,1194.1639665222665,0.9948149369368676,0.0726911742957722,bonafide,data/Bonafide/24659.png
63.516602494323706,0.6480295318750952,66.81972544371463,50.3840378955023,20.28047962885455,0.0033187866210937,27.0,0.0010099411010742,0.1457828252611166,0.6439300105663872,889.1875232520346,0.9859466173720308,0.0772405554764077,bonafide,data/Bonafide/24664.png
218.6597260756971,1.2558574020414703,52.49385701017712,46.60299008666608,15.623508066737754,0.1771354675292968,892.0,0.1453981399536132,0.0795194162134735,0.7447816668562269,1553.8294584878067,0.9917870149518248,0.0747975628944881,bonafide,data/Bonafide/24668.png
115.72186565214996,1.0531873818828597,56.12672944022333,40.48380173746911,17.369122575675057,0.0207910537719726,467.0,0.0115509033203125,0.1520586525037938,0.7126317403729963,649.187468331542,0.9920642203746952,0.0708201551459427,bonafide,data/Bonafide/24671.png
27.26465768928665,0.4538596596010414,52.452075573378245,36.27799141936468,13.033461256078525,6.67572021484375e-06,3.0,3.814697265625e-06,0.0869360049549065,0.6314553170755839,399.52827057978175,0.9890210213877544,0.0809422363699718,bonafide,data/Bonafide/24684.png
100.70507774309954,1.246369106715613,33.26180161583646,64.03844719074895,24.113765214532343,0.0026836395263671,103.0,0.0014219284057617,0.0759963924154051,0.7400203973079903,534.4957420635261,0.9908971124915522,0.0792427530834205,bonafide,data/Bonafide/24711.png
87.06164000111221,0.9459826840071226,61.71973154016972,45.06116669763135,16.701731795866596,0.0040454864501953,200.0,0.0018558502197265,0.0754074473216821,0.6620145835817368,731.3607155254244,0.9959259025404228,0.0720482810253471,bonafide,data/Bonafide/24737.png
93.8817815687862,0.8248297280270537,53.53848729602026,58.492683630454536,20.69119558013889,0.0008649826049804,134.0,2.002716064453125e-05,0.1130726966287635,0.7018772347832495,870.1339297123225,0.9959484357148288,0.0661287924268234,bonafide,data/Bonafide/24745.png
82.65712022806747,0.5631616459238376,54.00595960764326,40.48353076438941,15.72015145389708,0.2242727279663086,578.0,0.060551643371582,0.12890625,0.6909180878124722,865.5698436867308,0.9926651688257048,0.0905849961854021,bonafide,data/Bonafide/24781.png
41.46061693409865,0.9294441636765766,61.78656662973642,32.105782755051415,12.537671936156745,0.0304155349731445,44.0,0.028299331665039,0.0885823474253794,0.6295946334960568,290.04891293975857,0.9926012260722236,0.0805587996296681,bonafide,data/Bonafide/24802.png
52.66935262936386,0.7930562180323039,51.83752093278369,45.53977538044151,17.685833362132776,0.002389907836914,20.0,0.0018186569213867,0.0830078125,0.6457444848381366,659.3496157364066,0.9852515830062704,0.1000159455049178,bonafide,data/Bonafide/24821.png
159.1307190737825,0.8236185924462975,75.5608791017691,49.872177112989405,23.558423303677827,0.0441341400146484,693.0,0.0219278335571289,0.0755338109584071,0.6782553130824649,1210.462044842748,0.9941174353435466,0.0779544404057744,bonafide,data/Bonafide/24823.png
63.89822738108978,0.8510829316420792,36.61822762791418,29.920971411534104,11.31251058684618,7.43865966796875e-05,10.0,3.147125244140625e-05,0.0684743731377756,0.7238620606130275,436.2185420765452,0.9928798525649264,0.0758311260084531,bonafide,data/Bonafide/24838.png
58.89102542270848,0.5987089551934994,44.914028015521374,83.71249529903378,33.067609642943246,0.0003318786621093,40.0,5.435943603515625e-05,0.1460883318054431,0.71596523871614,645.1009270077857,0.9919093266464278,0.0867935255291835,bonafide,data/Bonafide/24869.png
139.039361484869,0.9463626637963296,64.72717648944442,69.54203874522725,27.94286406070632,0.0,0.0,0.0,0.1396484375,0.7245294324638389,984.3808558627012,0.9891327826631148,0.0726791766627388,bonafide,data/Bonafide/24874.png
325.4978548085455,1.5499295606001566,51.48142665647909,66.04237676743648,28.51054737794029,0.0033502578735351,69.0,0.0015230178833007,0.1904296875,0.808815413950768,1760.1401948619855,0.992178970749281,0.0805043845969008,bonafide,data/Bonafide/24881.png
74.06135777730015,1.0755791908820929,58.99199633742772,42.77809072441248,17.77881738409786,0.0007667541503906,4.0,0.0007610321044921,0.0670138221261631,0.642005060245078,319.6369739005601,0.9941196985807604,0.07742322518881,bonafide,data/Bonafide/24889.png
34.1409077843673,0.3995873462979923,86.7030929294297,34.078500399705334,13.621089458224487,0.1884975433349609,4.0,0.1131782531738281,0.1132496756913213,0.6183363413401401,423.1757235090196,0.99440612660856,0.0855821325479367,bonafide,data/Bonafide/24891.png
187.43199238457504,0.8926905185708645,53.615388564579256,26.234497323293485,10.911025966416512,0.0197954177856445,136.0,0.0108499526977539,0.1004887083172411,0.744107147993128,1548.100707168866,0.9907215655988236,0.0748008845821348,bonafide,data/Bonafide/24902.png
433.8106885605365,1.801009605871806,48.41128186423183,39.51249150817846,15.44905074547152,1.430511474609375e-05,5.0,9.5367431640625e-06,0.1489457914323207,0.8170006125526584,1319.050401547699,0.993724926337417,0.0825650503374008,bonafide,data/Bonafide/24932.png
191.74534318045968,0.9769300379443916,55.408367567922376,50.52956311590455,17.206825654860754,8.487701416015625e-05,45.0,8.58306884765625e-06,0.1026134402865502,0.7875924468598696,1361.033130295537,0.9972656003375538,0.0715051674377533,bonafide,data/Bonafide/24940.png
135.17137626156546,0.9461820734017748,66.08677191273982,51.83787207593208,23.62398799361925,0.0492267608642578,90.0,0.0388879776000976,0.1669921874999999,0.7015493714945752,1061.9653249472371,0.9881573906088708,0.0704403841778153,bonafide,data/Bonafide/24963.png
122.51249111149446,1.0289560707251402,62.51552321499416,31.304235323147594,10.58787911114698,0.0080671310424804,138.0,0.0042181015014648,0.0807422914398218,0.7239249878763726,724.9015087975122,0.9909139979426982,0.0643283432795056,bonafide,data/Bonafide/24966.png
135.9190663797626,0.8819082920680765,67.78888710879424,49.58919559738384,18.713906067610317,0.2592897415161133,914.0,0.2316427230834961,0.1850901554137969,0.7154996683598204,1020.92330517719,0.9901816958992888,0.0751036281327653,bonafide,data/Bonafide/25000.png
92.35962568570449,0.6846065863735075,57.55804190427654,37.85317259708681,11.965591264086424,0.0139360427856445,117.0,0.0042781829833984,0.0620174855832321,0.6571957912569881,738.7445246755017,0.99041013517601,0.098181053954134,bonafide,data/Bonafide/25040.png
73.27029990753726,0.7199131084504299,77.89435519415692,52.83705827158976,21.068212364807124,0.1196203231811523,131.0,0.1052017211914062,0.1101071512087859,0.6564983765020391,949.3252755140968,0.9868002515444976,0.0763220222338681,bonafide,data/Bonafide/25048.png
100.31779218611972,1.467588140268399,48.14557412028708,41.53767152944837,14.079305862535266,0.0004224777221679,20.0,0.0001287460327148,0.0879394395691619,0.7171563071986077,376.31115191800336,0.9935869234387156,0.0770513818445535,bonafide,data/Bonafide/25049.png
108.9624024748764,0.9726814639223336,65.12869209774004,37.51134032360096,15.975777911639018,0.0127086639404296,793.0,0.0049810409545898,0.0939354651478813,0.6743375571843473,792.9747920500616,0.997346707345581,0.0756249184581378,bonafide,data/Bonafide/25062.png
157.01690851977037,1.2154483513635883,36.87927357308361,52.30489709996154,16.747951900810147,0.0010042190551757,37.0,0.0005130767822265,0.1572265624999999,0.7831533003677199,911.6607138684464,0.9943996375418164,0.0801176505892654,bonafide,data/Bonafide/25064.png
356.8241784064729,1.9923702275674449,62.62825030792877,62.52538716251597,27.57409825996451,0.0182228088378906,505.0,0.0071210861206054,0.1499985376922537,0.7477426167102805,1202.1484180805292,0.9942722003148804,0.0712864113721548,bonafide,data/Bonafide/25084.png
203.95941023816607,1.631374428618749,48.85518943856152,47.04749344996614,13.011406827493028,0.0001201629638671,26.0,2.574920654296875e-05,0.1325195672324011,0.7683976928602434,999.3699695112532,0.9938579800715098,0.0732075056743785,bonafide,data/Bonafide/25119.png
62.39901351783192,0.8299028581916904,61.59327195725957,42.17901854552634,16.09870523284189,0.042245864868164,351.0,0.0376415252685546,0.0847445835419424,0.663865522191193,519.3842283483461,0.9954345337536278,0.0714585910607975,bonafide,data/Bonafide/25124.png
151.5227145425415,1.1436083724693311,64.29536435643863,38.12294854440788,13.91905967638588,0.2960567474365234,581.0,0.193878173828125,0.118524678939967,0.7152586011437851,959.743617000716,0.9955825405360248,0.0797430695435112,bonafide,data/Bonafide/25127.png
145.9738225363899,1.3320809477776352,59.82763051405444,56.570414460993575,23.236869097561925,0.0047550201416015,145.0,0.0012035369873046,0.1132812499999999,0.7011688959723901,767.7970216618378,0.9951084792962684,0.0807084900777033,bonafide,data/Bonafide/25128.png
148.25605116382576,1.519211594461951,37.96164197000126,52.90744199098816,23.384869134715355,0.0007448196411132,88.0,0.0001688003540039,0.1736991489563047,0.7432137150423898,968.807932946616,0.9921889473239696,0.0892498661218949,bonafide,data/Bonafide/25133.png
922.4540731108418,2.4219309796061603,63.11998108529995,48.635270809527285,17.716448937533077,0.0515699386596679,849.0,0.0105695724487304,0.15625,0.8145723359438434,3376.038171102252,0.9857093068524408,0.0660230267309724,bonafide,data/Bonafide/25148.png
48.32270320183943,0.5396938941530608,55.62884454481883,54.23971447451598,20.89458492031929,0.0091934204101562,49.0,0.0039529800415039,0.0694699134746389,0.6601847172107446,580.0751628726678,0.994546335052964,0.0802764530780334,bonafide,data/Bonafide/25162.png
150.18972910556113,1.3095263474371317,70.64354886696655,46.199424190421055,15.138998383929442,0.0032205581665039,25.0,0.0029430389404296,0.0904783970460974,0.6514296766398194,2006.4986118973943,0.9917783092086542,0.0615186430486836,bonafide,data/Bonafide/25164.png
195.3055571685099,0.8946744130492497,66.06748958797614,46.340834633040046,17.959432141504823,0.0375957489013671,277.0,0.028055191040039,0.1142578124999999,0.7402245695122428,1456.331308079376,0.9942796366837284,0.0758201041954771,bonafide,data/Bonafide/25170.png
131.51858062454173,0.6754768719750439,59.39438606636891,29.93345932295704,14.083382709678624,0.1667327880859375,558.0,0.1065483093261718,0.0927734375,0.7249433194264812,1020.9267228739376,0.994034535411005,0.083049612737134,bonafide,data/Bonafide/25184.png
40.98118977475588,0.4969763662610661,62.10657708954042,28.10282454283962,12.38861249651741,0.0,0.0,0.0,0.0981748923032756,0.6156179482649764,850.4885131839349,0.9842214041552988,0.0831881625324827,bonafide,data/Bonafide/25225.png
132.13529728527283,0.9729634489237976,51.98951465173712,47.25815263950104,16.08354973045514,0.006789207458496,54.0,0.0016393661499023,0.1002963443474044,0.724054451651903,972.6027992931972,0.993799942739072,0.0773178848349964,bonafide,data/Bonafide/25258.png
30.601191430446303,0.417852774775802,41.8062343993591,24.24173919774683,9.790712324018711,0.0001478195190429,5.0,9.5367431640625e-05,0.0751382189909036,0.6585795497195814,489.86351472821946,0.9924734249943388,0.0906121488810862,bonafide,data/Bonafide/25296.png
82.94434243311753,0.6899928998801957,66.41695401537532,32.66291314997991,15.743734902942585,0.0086708068847656,197.0,0.0006542205810546,0.1059243991369294,0.6924771642654842,901.1324219445904,0.9900861222469164,0.0664772581014223,bonafide,data/Bonafide/25301.png
209.6614329000867,0.915315515167053,74.64104994789614,34.6399912176629,12.424095310296336,0.0001087188720703,22.0,3.814697265625e-05,0.1116019111497004,0.7298708773960089,1362.823525541208,0.9926787053140614,0.0945207345291942,bonafide,data/Bonafide/25312.png
593.2236404418035,1.5175492828788526,86.72494453923794,42.35663420158111,17.41574373661819,0.3371353149414062,432.0,0.1635007858276367,0.189453125,0.7879866347763249,3146.0114195519523,0.9951742294772814,0.0780002792913122,bonafide,data/Bonafide/25320.png
71.51698158722047,0.7358386613841764,56.52985343397688,48.12022356341891,18.20713799577127,9.5367431640625e-07,1.0,9.5367431640625e-07,0.1118622398558441,0.6762515764845225,554.5984098028373,0.9961152436596988,0.0760056184140819,bonafide,data/Bonafide/25331.png
227.9058535431977,1.4642461180276436,50.80925046261022,44.59523566760219,17.36028231167184,0.0040445327758789,143.0,0.0005779266357421,0.0973848768521167,0.7672736509031729,1310.317919964365,0.9971768719672548,0.0738096726997828,bonafide,data/Bonafide/25343.png
145.97127934958553,0.9253573810489758,68.8236466656789,62.21191259119486,21.03395143096563,0.0005702972412109,43.0,0.0001535415649414,0.0973261020883148,0.7254115237847054,1303.2036356431297,0.9842111950468256,0.0661925414482113,bonafide,data/Bonafide/25372.png
145.69647502866337,1.6802858270641778,56.96768221091311,57.16025435585222,18.52005255218942,0.0001840591430664,12.0,0.0001220703125,0.0852746542801415,0.7271286201098478,490.5604341389683,0.9768706105261652,0.0710006092432613,bonafide,data/Bonafide/25377.png
93.24070345690416,1.1375990920977064,59.28291423234109,43.318958929982784,15.759588815162967,0.0001811981201171,4.0,0.0001678466796875,0.087890625,0.6813039055867124,579.0222437320178,0.9957224040951688,0.0712278179347557,bonafide,data/Bonafide/25396.png
74.31430689831086,0.7896148010782664,67.73793308322664,58.13746885658958,21.513021393119747,0.0445137023925781,195.0,0.0166511535644531,0.0888671874999999,0.6892686412286196,747.896584805042,0.99708011122175,0.0753729963533032,bonafide,data/Bonafide/25409.png
95.30817949665652,1.0620021130350072,38.7807515060264,36.58244249536356,13.349394513769596,3.719329833984375e-05,6.0,2.09808349609375e-05,0.0758016342590821,0.7038014570861311,464.86854203754353,0.989871662528526,0.0804764598391286,bonafide,data/Bonafide/25436.png
257.8144959376914,1.2672065983876275,53.50289385801156,52.3206363914994,19.57214567157245,0.0011854171752929,113.0,0.0002479553222656,0.1553701423505597,0.7763753085271953,1914.716677843945,0.9920544275447596,0.0865211026650294,bonafide,data/Bonafide/25438.png
103.2143244838362,0.7914223049387145,49.25630397311704,45.94188294568924,15.67856855373793,3.4332275390625e-05,22.0,3.814697265625e-06,0.09978156073785,0.6943502695576543,1350.201056253391,0.9899867114213218,0.0711127975006023,bonafide,data/Bonafide/25449.png
53.79207574063548,0.5207073040332092,50.883666251808265,43.83080846856255,17.539374716525842,0.000732421875,173.0,3.910064697265625e-05,0.1079443967876589,0.6515693420454235,1210.7566140888473,0.976515545250688,0.1009708340159995,bonafide,data/Bonafide/25462.png
45.530589062435865,0.5975338176980366,57.74169549176275,51.01956575434672,18.879650462064724,0.0693502426147461,678.0,0.0422830581665039,0.0965266702589966,0.6324756869586639,635.3744327717542,0.9799966225754876,0.0816808632323268,bonafide,data/Bonafide/25467.png
125.06350920931342,0.9554375811094022,64.12528898381923,39.60547176177372,12.30105401916438,0.0941953659057617,1279.0,0.0384349822998046,0.0863167457503109,0.6944608072945925,1274.509895381976,0.9865249651679864,0.0700593999987606,bonafide,data/Bonafide/25493.png
267.84094787015056,1.1959751871241893,78.86267745699912,45.78719498122056,20.099569256243274,0.0775060653686523,2460.0,0.0246458053588867,0.0976391586606269,0.7365093404349192,1040.9173882055866,0.9913353822357392,0.0740828994590559,bonafide,data/Bonafide/25512.png
42.82491642770674,0.5390413288624388,72.58324445370546,38.93014323467056,14.401565997699093,0.2622051239013672,79.0,0.2180738449096679,0.0898994604788302,0.6230185620857724,508.5655610698903,0.9341510118502816,0.0938646045364046,bonafide,data/Bonafide/25527.png
130.76155558485243,0.839444750666762,66.52629640401288,56.99067650031763,18.51105800333451,0.0330638885498046,172.0,0.0184268951416015,0.0815707404990686,0.6978970480745728,1583.1470625790898,0.9941975045292796,0.062176018233593,bonafide,data/Bonafide/25566.png
96.03130330062412,1.165809991584598,66.95999721597093,81.86492633198006,30.91668603336204,0.0326213836669921,93.0,0.014754295349121,0.080078125,0.6653867997103271,573.2273768658787,0.996801325682584,0.0769880204567527,bonafide,data/Bonafide/25574.png
94.79347036530726,0.7264815590802768,64.05441849616243,87.12728971083361,37.942712311438825,0.0003385543823242,22.0,0.0001211166381835,0.0918176505745559,0.6912734063805792,985.1019786769732,0.981496002046996,0.0968393149444423,bonafide,data/Bonafide/25583.png
95.46009797934312,0.7967842197431484,49.24218133517064,42.994824372963706,15.450710189180237,7.62939453125e-06,3.0,3.814697265625e-06,0.0955759877777743,0.7197876356407716,645.1541592942544,0.9959222174209594,0.0823948981199983,bonafide,data/Bonafide/25606.png
331.1430902036872,1.297844568780737,48.46421681621978,42.7052309015909,15.289485680497153,0.0162105560302734,203.0,0.0093345642089843,0.3035719574995802,0.8332404962046991,1952.86010343748,0.9990164078273556,0.0648876684022552,bonafide,data/Bonafide/25607.png
91.64959807055766,0.7070215941388186,58.56457341371676,56.71358448124276,25.62222261352572,0.0006523132324218,47.0,0.0003108978271484,0.1133338543001056,0.7032037719747043,667.3432986576163,0.9946614294371596,0.0785607595133723,bonafide,data/Bonafide/25628.png
130.38015440100477,0.7867781519571561,60.17720423431224,49.30494315493396,22.143167853916808,0.0880422592163086,184.0,0.0514116287231445,0.1277861044193225,0.7003745550323481,1208.7721731154747,0.9944444556355284,0.0733823707173953,bonafide,data/Bonafide/25631.png
44.87730838575135,0.5656547133197598,76.34822295171959,43.114813251253295,15.938606205203886,0.0001773834228515,2.0,0.0001745223999023,0.0630204466080162,0.6241034322107918,529.2900512957349,0.9769770117072872,0.080835507673738,bonafide,data/Bonafide/25640.png
51.75397290329784,0.5299890103473557,52.50396142792012,29.655129976843437,10.440319094345869,0.0058794021606445,74.0,0.002044677734375,0.0820690249705645,0.6930471437538136,1087.412246644819,0.9851891628185536,0.0723691455286594,bonafide,data/Bonafide/25642.png
60.01553498672729,0.3975338555213735,66.0635272829721,32.037621038063776,12.991249871546442,0.0765018463134765,270.0,0.0723705291748046,0.232587995387003,0.6336759184631275,1396.6837942044588,0.951566162226146,0.1003784137407128,bonafide,data/Bonafide/25648.png
142.6090254571609,0.8192722236258596,59.71613433331355,50.04015355722602,17.956991986276382,0.0334529876708984,476.0,0.02520751953125,0.0885204214899135,0.7778709999505162,1851.5969516038597,0.9964408090301308,0.0764605054747234,bonafide,data/Bonafide/25684.png
174.53161136044852,1.112689617010934,66.38391108658466,37.679756369093695,14.216196011539106,0.0661077499389648,67.0,0.0643348693847656,0.1507358304729798,0.7215023802797607,1243.0401214348958,0.9883466491496568,0.0918753424746743,bonafide,data/Bonafide/25699.png
103.01836852101312,0.7326400315165058,83.68346470264389,35.27417562124509,13.497895606520434,0.0474491119384765,96.0,0.0460195541381835,0.1091830067138569,0.6918463181774877,1397.3662389112585,0.9904623691852592,0.0854153199802851,bonafide,data/Bonafide/25710.png
269.8179916908984,1.2954370968320676,64.57009591748249,53.92675517993966,20.887544276416616,0.0,0.0,0.0,0.08984375,0.7661999722897338,1420.8281720687355,0.9963792518277912,0.0742620878483162,bonafide,data/Bonafide/25717.png
275.1557131262806,1.984919223879824,64.52132146652941,55.5607260035531,21.012338737730765,0.0131587982177734,847.0,0.0099925994873046,0.1355206994718945,0.7708852113358434,1567.7198686938136,0.9985733347803326,0.0688812997894824,bonafide,data/Bonafide/25746.png
101.50488918121027,0.8361043283409085,49.69004374439875,34.33921602914887,13.211324373110722,0.0025768280029296,17.0,0.0021333694458007,0.1423119974575626,0.7460467487971784,669.3500299877651,0.994578014403148,0.0772922353319194,bonafide,data/Bonafide/25750.png
46.12034604546716,0.5978122028909713,59.77395047345424,53.29198850569,17.635475917578876,9.5367431640625e-07,1.0,9.5367431640625e-07,0.0576254628591091,0.6429429730774743,473.8227211678487,0.9755134769410676,0.080914601963116,bonafide,data/Bonafide/25784.png
58.75802898046004,0.9369671635347836,58.64758286084413,44.3098712606428,15.635529772783206,0.0011854171752929,69.0,0.0004835128784179,0.0640114185160698,0.6325187597517417,543.7292212098566,0.9961730989551756,0.0717595707244576,bonafide,data/Bonafide/25786.png
49.96281441303199,0.8338684472654705,38.25619878200303,39.85199216387806,14.264563756994445,0.0070667266845703,83.0,0.0018739700317382,0.1112274249885345,0.6695372203542002,402.57291912664334,0.962658443676096,0.0815185771153808,bonafide,data/Bonafide/25800.png
180.6428403853633,0.8383342097354645,54.16142185687898,53.35061107778349,20.07641630540541,0.0029067993164062,234.0,0.0012998580932617,0.09765625,0.7687672930953363,1608.3293599249464,0.9978037472358152,0.0709454011837273,bonafide,data/Bonafide/25829.png
346.9071607586438,1.3688025945853088,58.023356720291225,46.67256070660637,19.605143392836624,0.0198907852172851,285.0,0.0106563568115234,0.19140625,0.7863980096870651,3195.934039925287,0.989419949807646,0.0967706735279408,bonafide,data/Bonafide/25837.png
57.963064967297214,0.8754084377896496,47.43697996827559,41.36786010748559,19.87782997602645,4.57763671875e-05,13.0,7.62939453125e-06,0.109019109188311,0.7177386365849189,358.6095791793599,0.9856143906124514,0.0877475034502427,bonafide,data/Bonafide/25863.png
88.67665595990547,0.8174639198079606,34.501751923591364,40.45873052530112,14.63584948159986,0.0016670227050781,37.0,0.0011625289916992,0.0649101928042338,0.7394285046231983,381.9702437573052,0.991290429576228,0.0899490209268302,bonafide,data/Bonafide/25866.png
432.8677726835013,1.442249288019823,61.06877978254383,31.967877234774605,10.904332770028596,0.0040216445922851,346.0,0.0017299652099609,0.1859319605923805,0.774232408033586,2315.871015944773,0.9948113113944131,0.0644923332762265,bonafide,data/Bonafide/25892.png
55.28196959983961,0.6997065832178616,61.30435601082463,82.36023703110894,32.550438303070884,0.0298004150390625,82.0,0.0095901489257812,0.0776259696764741,0.6315394128030201,1073.9659142815403,0.993284861113624,0.0820801564185893,bonafide,data/Bonafide/25956.png
99.34476863440705,1.5267301945541778,39.39421944571843,37.23123453889568,14.55665261986344,1.430511474609375e-05,8.0,3.814697265625e-06,0.1027782738017808,0.724976749472906,333.10900352275894,0.9946356266511148,0.0743023838148955,bonafide,data/Bonafide/25963.png
201.38987864169397,1.1358069874181893,53.24819823997408,48.81834176848326,17.604206494984133,0.042372703552246,533.0,0.0303144454956054,0.089514086078367,0.7779044575537049,901.6891256427774,0.9789805697596377,0.0805119218469366,bonafide,data/Bonafide/25981.png
138.38926363022983,1.5539819450573662,67.24126600564819,69.69219351019942,28.30746253580852,0.2597122192382812,1530.0,0.2494783401489257,0.1020145625770321,0.7079534152553179,542.8279649438284,0.9970357503351344,0.0707401450433679,bonafide,data/Bonafide/25991.png
271.6584050504025,1.2291568222219944,71.24023300508279,64.9826707352107,21.46565467991364,0.000284194946289,167.0,1.049041748046875e-05,0.1425781249999999,0.7572289474458866,1388.818081084085,0.995005530267736,0.0701027921637726,bonafide,data/Bonafide/26013.png
98.78912875916284,0.8766509717003559,57.31809345428727,54.083686469527336,19.824525812284456,0.0165061950683593,128.0,0.0107507705688476,0.089506095295073,0.7120492746531084,1250.324629907512,0.997132886509108,0.0698574458442161,bonafide,data/Bonafide/26036.png
314.1537139713172,1.111035305002345,52.80402690603359,44.94054535111852,19.685380218220608,0.0144367218017578,92.0,0.006138801574707,0.2031625566241537,0.785338357531129,1489.586187557461,0.9974725810834872,0.0744339189429888,bonafide,data/Bonafide/26041.png
151.25981522420534,0.9975515411046464,66.84011257436504,36.42301867085809,13.9979510932108,0.0061779022216796,189.0,0.0028562545776367,0.1026180871082569,0.7306355038351031,1078.9070937190925,0.9918226898228883,0.0822544819529352,bonafide,data/Bonafide/26055.png
170.56800220906734,0.9562801362946276,76.63387543540136,54.707472779581664,23.504032995844803,0.1013259887695312,251.0,0.027008056640625,0.1201529100844328,0.6950730720606002,2074.337868854625,0.9840747812565324,0.0797534712107453,bonafide,data/Bonafide/26062.png
1573.7869258655555,3.1902235147971294,77.39142682667317,65.16633967265858,29.80610166061359,0.0492773056030273,843.0,0.0309352874755859,0.1598835926982857,0.8203184938374362,4848.805978131988,0.9954987483824604,0.075556461355617,bonafide,data/Bonafide/26077.png
247.7693948894157,1.124385594912083,51.5289595279457,34.00725684132031,14.151525697627504,0.000349998474121,3.0,0.0002813339233398,0.12403881548363,0.8058649200997182,1276.6965255030857,0.9900773232138184,0.0804423467396337,bonafide,data/Bonafide/26117.png
357.71703781728763,1.7856554225474086,67.63483169480948,51.47454286127048,18.065375324086517,0.0003042221069335,115.0,4.1961669921875e-05,0.1865234375,0.7844422666005898,1113.5978052748242,0.9984355905345692,0.0670403845037413,bonafide,data/Bonafide/26139.png
201.80111502667475,1.0127953303008108,42.48834843880732,45.18514746466062,14.848740303858746,0.0831632614135742,898.0,0.0679349899291992,0.1393527655549837,0.7778054892785544,1317.795203756389,0.9785106981707432,0.0892737887462095,bonafide,data/Bonafide/26142.png
191.2314814756355,0.7136584411307226,66.58054802774727,42.353664832555936,16.975051035234856,0.0045576095581054,622.0,0.0005121231079101,0.2188992672227886,0.712023268756131,2895.7039654708847,0.9657330709492,0.1235285033405805,bonafide,data/Bonafide/26151.png
310.73413897762555,1.58150408117898,53.50590478656886,50.1875290442065,16.15369698701619,0.0121097564697265,110.0,0.0093288421630859,0.117044997992976,0.7830291192576958,1058.9508852877098,0.9973873740276994,0.0694525526940348,bonafide,data/Bonafide/26154.png
103.81134413182735,0.7970266068507897,43.27246651662229,75.83106825353582,33.49722227926902,0.0084972381591796,255.0,0.0034265518188476,0.097587866682456,0.7366755029974403,815.3306575151311,0.9935669422467498,0.0840102250005633,bonafide,data/Bonafide/26180.png
132.35507376839814,1.6238004314730432,47.63850973581712,26.340394074736665,8.73377063133878,2.09808349609375e-05,16.0,3.814697265625e-06,0.0628727289172651,0.7470855955268955,430.9049970338919,0.9758309940054468,0.0706658419304764,bonafide,data/Bonafide/26186.png
93.0899556453287,0.5828391992919575,66.58423391905605,72.20143450574407,31.072417633586863,0.122049331665039,189.0,0.036813735961914,0.2356906837768295,0.6796862377117328,1190.976727019134,0.9907190978875264,0.0858082768303348,bonafide,data/Bonafide/26224.png
60.18786427412124,0.5609295646462915,48.57760587450818,105.3273173756797,43.253072954281215,3.62396240234375e-05,4.0,2.6702880859375e-05,0.1040600548992492,0.7130348175064631,705.4654128593206,0.9865587007525488,0.0897555204752459,bonafide,data/Bonafide/26235.png
524.4422946108061,2.3185538781439123,49.944306061607385,35.45435662620418,11.53956169817515,0.0160703659057617,89.0,0.0046033859252929,0.150390625,0.8081283933371209,1652.830737154547,0.9720934849324868,0.0688326609252685,bonafide,data/Bonafide/26259.png
663.6043907899547,1.6414824909797392,66.47828623593243,47.26438591123709,16.7437504796552,0.0002851486206054,26.0,0.0001697540283203,0.2547499504051871,0.8235801358184229,3231.825152755414,0.968651717159858,0.0732236253644301,bonafide,data/Bonafide/26313.png
34.08167447078449,0.5203347238504238,63.43247200023114,63.944667972870825,25.27761929360462,2.09808349609375e-05,2.0,1.049041748046875e-05,0.1211350893398967,0.6435703329277312,356.6135165763272,0.9946414588934868,0.084785780258806,bonafide,data/Bonafide/26314.png
78.5649529244838,0.6236618279719865,60.607058335833166,44.92770936694179,16.120108610558407,0.0254983901977539,67.0,0.0048398971557617,0.1293217292246674,0.6625216803488414,881.5934744029082,0.9942860638596408,0.0702895498255694,bonafide,data/Bonafide/26316.png
49.35155992043201,0.5501189396539944,68.49184385127019,49.687766329125296,21.08769247322769,2.002716064453125e-05,4.0,1.049041748046875e-05,0.2417115487700947,0.6318496018943606,1081.3563281542877,0.9961414839052032,0.0703611272510815,bonafide,data/Bonafide/26317.png
84.7809979764279,0.7173268460114706,60.83163164860902,57.067119058304726,20.99048369358992,0.0014886856079101,17.0,0.0014123916625976,0.0791979543864859,0.6922051143401815,865.9645620854377,0.977062540927734,0.078988900489495,bonafide,data/Bonafide/26321.png
102.89935016413708,0.8975142620001638,51.41541630790854,47.85024046391749,20.520575350327743,0.0010347366333007,30.0,0.0003128051757812,0.0865374344984878,0.6995228040445666,502.9019849367992,0.983887309549365,0.0849248922230181,bonafide,data/Bonafide/26333.png
171.04939954296788,1.1401169581746085,66.87812189635551,60.93377659926483,20.279113179536782,0.0162725448608398,506.0,0.0058097839355468,0.1463361880661927,0.7120478438321399,1311.3935022250562,0.9945668855389038,0.0745134907564439,bonafide,data/Bonafide/26341.png
388.2182473418205,1.12338924790691,56.292956253296026,45.47125482885845,15.252920057079733,0.0079965591430664,424.0,0.0024576187133789,0.1040600548992492,0.7693082426635117,3123.4285939707843,0.9936505521951532,0.0781750336838748,bonafide,data/Bonafide/26345.png
89.16777620748235,0.7953410965016133,57.07218606698145,32.750306425161504,13.836606908059652,0.0407361984252929,267.0,0.0299272537231445,0.0889315529267145,0.7039781708714339,715.3932905180213,0.9870680248006156,0.0777978607522947,bonafide,data/Bonafide/26348.png
84.9815708296228,0.8496648070708867,52.307976865905744,35.09123389831665,13.096500119653337,7.2479248046875e-05,16.0,1.71661376953125e-05,0.0693428143596747,0.7150715452567297,545.2923544400967,0.9960851479061168,0.0767310176368248,bonafide,data/Bonafide/26370.png
284.7817817302048,0.9262949311815027,67.6738674311061,93.3476683600316,34.01777427922058,0.0034904479980468,30.0,0.0024967193603515,0.1083984374999999,0.75289339404556,1912.0466495664928,0.988915442679215,0.0697263775137627,bonafide,data/Bonafide/26374.png
90.79514938137343,1.5257382473149852,52.76793405400952,52.317584379704925,14.55775441800647,0.007399559020996,72.0,0.0040874481201171,0.0494202380034374,0.676544067446652,464.23650771772407,0.992840596828692,0.0827299319133107,bonafide,data/Bonafide/26400.png
138.47481373556366,1.007574208007746,51.74886058543788,43.770636749633226,15.006870702275036,2.86102294921875e-05,6.0,7.62939453125e-06,0.1189423458938342,0.7581272650050628,694.2202474310143,0.9695673841972842,0.0997708074830984,bonafide,data/Bonafide/26405.png
109.91161145060325,0.6379726667909668,80.0154019045909,65.17493320680208,24.68381323119528,0.1653947830200195,69.0,0.152714729309082,0.1437123788448717,0.6782649243216193,1168.2524321732249,0.9527297705746453,0.0919234073182706,bonafide,data/Bonafide/26433.png
177.32830868777725,0.9590957865326504,58.58821186453233,39.733843734470334,14.57821852945686,0.0015201568603515,13.0,0.0012435913085937,0.114324566504088,0.7448587531975022,1487.455031672607,0.991551438390338,0.0805866351248167,bonafide,data/Bonafide/26454.png
266.1110903819635,1.275631550271794,78.0012992037384,37.18491411431127,13.421439200010044,0.0357589721679687,1337.0,0.0186662673950195,0.1153377780241616,0.7352073211893451,1297.5819281177496,0.9913692030635282,0.0778652160215728,bonafide,data/Bonafide/26456.png
81.24575224377622,0.5584036989948797,68.57830620138077,30.3703140096408,12.116064806358654,0.2179670333862304,287.0,0.1067047119140625,0.105308127836032,0.6788195446028181,659.7186415296933,0.9866020009995148,0.087231362767272,bonafide,data/Bonafide/26467.png
76.23965800625501,0.6385314370704636,68.57932829782969,33.43157484374467,12.035071664913616,1.71661376953125e-05,2.0,1.52587890625e-05,0.0890762050858701,0.6795964837552088,680.9308295244655,0.9932454915308464,0.0782055785085391,bonafide,data/Bonafide/26537.png
61.30974580345992,0.6909022515125764,70.97682417081988,53.93979086320922,20.5602780776105,0.1206436157226562,28.0,0.0810432434082031,0.0914116751862231,0.637918554446299,741.9958919315402,0.9958575458740704,0.0773515197038923,bonafide,data/Bonafide/26549.png
57.47721192921654,0.8234414018709095,61.22795339232916,38.24128650779347,14.27859534004281,0.0068206787109375,30.0,0.0016145706176757,0.1332998869589965,0.6317949948378144,405.1630968503621,0.9946502093480386,0.0761303936263236,bonafide,data/Bonafide/26556.png
57.17023467375839,0.6537176293301586,59.46598244247737,52.18665709061361,14.491174500813802,0.0006780624389648,32.0,0.0001554489135742,0.0716293782066103,0.672682789498694,936.9130972608496,0.996423241834948,0.0766375312947251,bonafide,data/Bonafide/26618.png
135.167657114579,0.7796347319094303,64.61419348093813,38.507437832723184,17.039559022710257,0.007354736328125,66.0,0.0028610229492187,0.1284021868272937,0.7077032762443344,1621.91389749786,0.9739663473374915,0.08312554896422,bonafide,data/Bonafide/26626.png
962.9603108992294,2.6609712652621096,62.89487005290742,42.91021051937793,13.100512344638558,0.0162458419799804,2677.0,0.0016841888427734,0.1904296875,0.8376229940225056,2589.430918044085,0.9961350935225411,0.071312451358918,bonafide,data/Bonafide/26632.png
266.4867706867508,1.7296821997142524,36.99742338016639,21.281938458210565,10.155398716180636,0.0032949447631835,38.0,0.0026741027832031,0.1126099790660397,0.7954425352749503,919.783262713278,0.9902018947143058,0.077100712804478,bonafide,data/Bonafide/26634.png
102.3882627189223,1.2721959330092758,35.178209462307045,44.77171927017967,14.409239940855516,6.008148193359375e-05,6.0,3.62396240234375e-05,0.0605035442228419,0.7603762220857686,299.38722595198067,0.9802085671088332,0.0835553280410856,bonafide,data/Bonafide/26635.png
84.13847826750042,0.6755396686349443,52.72114503715933,42.83039245506135,11.643824818504129,2.288818359375e-05,5.0,9.5367431640625e-06,0.1658201974749306,0.7281926429711114,801.2166543146019,0.9929828871472528,0.0848547083395193,bonafide,data/Bonafide/26660.png
28.758828851612638,0.502965447707054,56.79302705401272,27.89896680830041,11.826974134248353,0.0,0.0,0.0,0.0849805787282384,0.6168301282336539,506.04830711652585,0.98543330801514,0.0910097452096378,bonafide,data/Bonafide/26669.png
71.48616119226699,0.9645214979437984,55.305268072362935,67.45536163779654,26.34819320166453,0.0131473541259765,48.0,0.0126838684082031,0.1128700950460877,0.6781962648116074,517.0581820770046,0.9930780922679966,0.0703277873901368,bonafide,data/Bonafide/26685.png
65.2423358794149,0.6433723795849585,55.2716646901257,44.57438522019731,15.911425320090569,0.0082473754882812,101.0,0.0060968399047851,0.0761718749999999,0.7000219729400895,732.0577064541724,0.9966947687145672,0.0732094824750935,bonafide,data/Bonafide/26688.png
86.4754058769322,0.9564079294974188,64.82106977731753,31.602137361685173,14.049534947351932,0.0093050003051757,91.0,0.0024166107177734,0.1191406249999999,0.6904578692443835,452.0420818678299,0.9920003038477884,0.0792161451185891,bonafide,data/Bonafide/26698.png
48.58772848150693,0.4236244677844911,67.28100872766461,40.28389845172584,17.008360698207014,0.0602331161499023,180.0,0.0532798767089843,0.0884773170152706,0.6580619765334799,754.1125782426292,0.996011856519364,0.0842483246062249,bonafide,data/Bonafide/26725.png
117.4738043119105,0.8595962788245768,67.8302730690408,60.28899270300441,21.122973632316068,0.1017980575561523,39.0,0.1004095077514648,0.1480788868136531,0.703739194927729,1037.2850127780737,0.9932136795485014,0.0779340508387222,bonafide,data/Bonafide/26734.png
165.72770976881927,1.2669882100035148,54.12800774241825,50.60555666187148,18.36374563844249,0.0015335083007812,88.0,0.0003318786621093,0.0728865061553989,0.7219925945203644,1140.597865141399,0.9963591866057728,0.0789143851901138,bonafide,data/Bonafide/26762.png
58.52269678148059,0.7274905054153024,68.25590335910893,32.100651117390086,12.726957954754932,0.3235969543457031,101.0,0.3196363449096679,0.0789899627489967,0.6361138084180306,661.8056137958292,0.981089914815085,0.0839327898304417,bonafide,data/Bonafide/26765.png
179.07907150376923,1.117446364003715,49.76383655881036,47.31693353266074,14.9693779581332,0.0019598007202148,102.0,0.0012826919555664,0.0913098993055059,0.7473607793235045,872.4855849618315,0.9974281163274004,0.0713220034446344,bonafide,data/Bonafide/26771.png
70.030172322,0.7122349168467361,62.19471263186453,50.91956836993944,17.845504075146746,0.0020456314086914,48.0,0.0008459091186523,0.0712087518520864,0.6980888185272863,603.7769514926747,0.9916955417797788,0.0767239783241849,bonafide,data/Bonafide/26795.png
322.79257186409086,2.0295794484414795,53.702079343245366,76.30208282971743,28.010445356855456,1.811981201171875e-05,7.0,9.5367431640625e-06,0.0884126209000945,0.7870765246189843,1390.66752134455,0.998161312502436,0.0691814125659471,bonafide,data/Bonafide/26844.png
86.32548997601316,0.5832263786982229,60.00068576844522,75.90185089884848,35.06555577006915,0.0441665649414062,197.0,0.018524169921875,0.1357000271757094,0.6825950565008776,933.4501896285482,0.9915611308073388,0.0875296720316585,bonafide,data/Bonafide/26845.png
86.98180031745778,0.9021306164603012,54.99166753459499,38.19530673154904,11.699424685494916,0.0003108978271484,24.0,6.29425048828125e-05,0.0829129743153292,0.7320656435555214,582.5623315077522,0.9962990478407552,0.0753265369218124,bonafide,data/Bonafide/26859.png
144.03494452904852,1.524752899724763,63.63966944496565,45.26145822491718,16.2792150397248,0.059539794921875,121.0,0.0307207107543945,0.1923828124999999,0.6913071743129745,940.4778781720742,0.9976777038532724,0.0728406143966513,bonafide,data/Bonafide/26860.png
113.03257162755108,1.250706076036002,40.395988589253726,46.97091585093031,10.163102157707206,0.0,0.0,0.0,0.1015624999999999,0.7538138597752168,422.6803308315519,0.9964807239914848,0.073709344500884,bonafide,data/Bonafide/26868.png
81.85767873142322,0.7424529095780908,68.04463118077533,97.20975951687888,42.50730229371816,0.0016031265258789,38.0,0.0006589889526367,0.07667415029517,0.6873475076979267,1320.740628319272,0.997793922294286,0.068342965084342,bonafide,data/Bonafide/26881.png
2245.038248949996,4.305288205479969,68.85110751657997,47.877136963026864,16.398470990696516,0.0103273391723632,1167.0,0.0014276504516601,0.1865234375,0.8626985385820777,4800.4685424359495,0.9957346666379926,0.0645723789522117,bonafide,data/Bonafide/26887.png
90.80383643083042,0.5789788046229788,70.24602188055033,49.99637412039103,22.796324930480644,0.0048227310180664,184.0,0.0013513565063476,0.0942774873917747,0.6987734151657644,1385.8670099393084,0.9933162340529932,0.0790831781470793,bonafide,data/Bonafide/26907.png
213.31901244245452,1.160902052633585,60.688697129769935,40.0921229313452,14.801507089684735,0.0,0.0,0.0,0.1052560427419319,0.7656798071534391,1224.319129135764,0.9909054819661453,0.0793622311264172,bonafide,data/Bonafide/26920.png
190.20362510129684,1.4865887296436426,63.61321776725561,41.69634963795107,16.326941116860016,0.0306243896484375,564.0,0.0205650329589843,0.1613723361787548,0.737141524024036,1357.7650944856052,0.9929538330559406,0.0775862126719172,bonafide,data/Bonafide/26922.png
214.44884299091063,1.1680934701283685,53.75737132371406,54.78226207556381,20.8667500210974,0.0007286071777343,52.0,0.0003824234008789,0.1174415378008368,0.7458883967536258,955.668454774082,0.9936962763413022,0.0916482292069602,bonafide,data/Bonafide/26928.png
145.1813659514264,0.8531502216847271,66.52447174641847,57.88081428159801,24.860432336107817,0.0079231262207031,61.0,0.0033912658691406,0.1299910703673299,0.6962811788789266,987.8204580552424,0.961999955369985,0.092973021206733,bonafide,data/Bonafide/26987.png
141.32810771118602,0.8968356980923855,58.81137592098545,48.08021418828744,20.75319720108029,0.0659151077270507,90.0,0.0481863021850585,0.09765625,0.7467572261413475,798.2067907750343,0.9950867142259484,0.0751402044259161,bonafide,data/Bonafide/26990.png
64.80623337947236,0.5872311656871002,60.76273760515809,70.01118605829552,30.3696672262632,0.0122203826904296,271.0,0.0017585754394531,0.1429872261157456,0.6803738464619669,942.6542407900164,0.9899741354360904,0.0866217397352863,bonafide,data/Bonafide/27028.png
189.3956697467356,1.2924396562633138,47.14938655108198,51.74916426085685,23.60642584028623,0.0109500885009765,49.0,0.0094184875488281,0.1523437499999999,0.7358053960419965,605.8457552039749,0.9942941062489836,0.0817255480231962,bonafide,data/Bonafide/27038.png
68.1253363495407,0.8357931448924845,67.65052610490973,36.92958564968344,16.514500425723465,0.0019636154174804,21.0,0.0018768310546875,0.0806713922971225,0.6407427654816261,555.2892401768662,0.9946578679984583,0.0790521755888641,bonafide,data/Bonafide/27041.png
113.6609122351365,0.6552095499762024,68.88503669532342,67.11863074024832,27.66667914602358,0.0033140182495117,35.0,0.0015802383422851,0.0844514853347419,0.6964312145455773,1112.5900953836494,0.986258594642332,0.0791036705827966,bonafide,data/Bonafide/27048.png
108.47930970719516,0.6827234865339435,73.67021843938552,72.49377334185158,27.27686870916857,0.0309696197509765,167.0,0.0266933441162109,0.0949352364888678,0.6859988706763167,1268.54357614663,0.9817448582075284,0.1067603130336921,bonafide,data/Bonafide/27065.png
319.6627376957175,1.228714845730338,56.46778863379822,55.54367045033799,26.08842826265549,0.0328559875488281,388.0,0.0109729766845703,0.1110729840878935,0.7907682074893633,2794.874311150999,0.98750605169348,0.0848143094830082,bonafide,data/Bonafide/27078.png
40.73953987994173,0.5370644340117495,82.0390549588981,44.98705566477892,15.707962300923269,0.031193733215332,224.0,0.0206794738769531,0.1027318685827809,0.5877726841421136,930.7146768920592,0.9872414394781792,0.1069403086596417,bonafide,data/Bonafide/27100.png
55.24958228423202,0.7285792475060612,60.85630846960936,40.6316868617481,15.328018137153633,0.0088615417480468,81.0,0.0069942474365234,0.1168309190820839,0.6571267241073594,516.5096044970311,0.9962347217782224,0.0773818336001053,bonafide,data/Bonafide/27130.png
44.52291885633804,0.6452542794883461,81.63832790858837,53.21556639867914,17.53575324383871,0.0001955032348632,11.0,4.1961669921875e-05,0.0719780225060188,0.6092698691735934,604.806551477556,0.990946363220232,0.0878196740355899,bonafide,data/Bonafide/27142.png
86.46543021200978,0.9367521749698378,47.67360507411943,38.29733754232713,15.53300420449002,0.0030288696289062,736.0,0.0001535415649414,0.0963412439426844,0.7509723409642055,387.5483471078297,0.9754535911726328,0.0795630513701101,bonafide,data/Bonafide/27173.png
96.592614582416,0.7158375252271425,83.73467686427041,53.67915269126043,17.462238295783123,0.1463880538940429,38.0,0.0703001022338867,0.0908255626842689,0.6735029292852737,1232.44908799303,0.9817518873764182,0.0697795997611677,bonafide,data/Bonafide/27203.png
191.89201641062292,1.001052954867506,63.56001412603779,35.866961857895795,14.310940202138246,0.0073795318603515,402.0,0.0049762725830078,0.0937499999999999,0.755540847145115,885.061524763342,0.9946278378338076,0.0745746751300306,bonafide,data/Bonafide/27208.png
771.2233493470665,1.8111094686689235,66.95221284030542,41.82869698656754,16.14576295529227,0.0369577407836914,970.0,0.0175466537475585,0.1552734375,0.8147814535315775,2895.8810786889285,0.9816193109395944,0.0682903043668726,bonafide,data/Bonafide/27302.png
49.07241722159961,0.7077829536427714,41.481731628116464,52.19668796764915,20.13541746007657,1.9073486328125e-05,7.0,4.76837158203125e-06,0.1279296874999999,0.6838169057976059,398.3154757004253,0.9767232479817192,0.1070087988500648,bonafide,data/Bonafide/27327.png
83.08501869724478,0.7967426219556984,52.17183371643636,44.08840493210622,14.787635038363652,8.487701416015625e-05,42.0,6.67572021484375e-06,0.1039431398918004,0.7159443861022806,554.7901982604864,0.9960549951475464,0.0745350100049073,bonafide,data/Bonafide/27330.png
99.45049579773968,0.7691468897485962,32.89782694551506,28.719704644689838,8.356650458219235,5.7220458984375e-05,7.0,4.291534423828125e-05,0.083984375,0.7647820356453732,485.515063464717,0.9785574224317404,0.0750929657192319,bonafide,data/Bonafide/27339.png
164.3145547946333,1.068227781897117,43.203012209092456,36.61879618045674,13.452018318185164,0.0033206939697265,108.0,0.0011749267578125,0.1328124999999999,0.768790834081397,1211.5983615511786,0.996150895182618,0.0740110736380972,bonafide,data/Bonafide/27378.png
101.71720614886634,0.56315744614722,79.69239750956442,35.73834014694147,15.146832805054352,0.3179817199707031,428.0,0.1876564025878906,0.1915220572017108,0.6548989341359251,1830.0700563279256,0.9911288747316548,0.0876486298695418,bonafide,data/Bonafide/27401.png
88.73956374019235,1.2764601062016274,52.249176935859325,39.5934851790405,15.32548050898918,0.0175724029541015,38.0,0.011545181274414,0.0790231575161871,0.6627010201990344,438.2738640597692,0.9785525219126002,0.084169997623214,bonafide,data/Bonafide/27402.png
119.47180552687496,0.8579471665394192,85.34916450059961,46.29190687315845,18.174137939858912,0.2370204925537109,279.0,0.2338666915893554,0.0628954772972836,0.6814209244430498,1144.9646953879017,0.9908164877139108,0.0717076041876584,bonafide,data/Bonafide/27404.png
69.33262464569634,0.8460661984777352,65.26243456506083,47.79739114596101,17.36016103192177,0.0,0.0,0.0,0.0945829896178421,0.6650089404201096,620.4542640983412,0.996007086658742,0.07535217608171,bonafide,data/Bonafide/27415.png
72.05224915860163,0.5384531601466191,47.30836910823983,46.28349683139295,18.524990553940544,0.0032291412353515,56.0,0.0023307800292968,0.0779814354738642,0.6719417336790288,734.1244465671873,0.991038689726223,0.0784021115254068,bonafide,data/Bonafide/27426.png
227.6667179338828,1.064006806407117,57.44709994122307,40.17939078320874,15.96961953707446,0.0480995178222656,416.0,0.0143442153930664,0.1153377780241616,0.740473595347146,1709.9304804277076,0.9709688175669284,0.069719430955001,bonafide,data/Bonafide/27484.png
247.29800734257785,1.0721631725771237,70.62573795699782,54.49304201335858,25.483131235563217,0.1047000885009765,81.0,0.0541744232177734,0.2047011043308213,0.7346054650152937,2091.304681588413,0.9802999469443262,0.1099224838914814,bonafide,data/Bonafide/27498.png
444.4529233328784,1.4638293401956926,40.4638742174137,48.99244655855574,14.817738928930234,9.5367431640625e-07,1.0,9.5367431640625e-07,0.1933593749999999,0.8711901668518853,3977.03916699268,0.997247143143453,0.0718688595259066,bonafide,data/Bonafide/27511.png
184.60588822986665,1.0245357058404885,51.48247660623349,40.470694798991374,11.201635667063938,0.0022802352905273,32.0,0.0010204315185546,0.1005859375,0.7716445774492849,1032.8476402489678,0.9951507444675496,0.0762777601224876,bonafide,data/Bonafide/27558.png
76.60539213945958,1.0323386908065315,69.87015755129501,35.83816549692412,13.195371220158409,0.0314931869506835,355.0,0.0166816711425781,0.059710228871482,0.6800770590248513,416.41976112602913,0.9881213141178276,0.0905169665615403,bonafide,data/Bonafide/27560.png
123.63237076706626,0.8718874250692414,67.85835345717855,43.18822204118266,17.673592399114156,0.2633476257324219,798.0,0.1811370849609375,0.1607565445820995,0.6907655133608535,1163.1263942663163,0.9627924251801572,0.1265573062551009,bonafide,data/Bonafide/27571.png
52.50369929302451,0.8181704822265224,67.02816961430477,49.956663635661656,17.40427074235353,0.014810562133789,105.0,0.0070352554321289,0.1025390625,0.6351620464345822,675.498721200579,0.9931150017854382,0.0836713403341748,bonafide,data/Bonafide/27582.png
73.48417374084147,0.6051462128013886,61.66612889382929,36.88938632357127,13.974572193973184,0.0070657730102539,91.0,0.0054998397827148,0.0859374999999999,0.6873520401889627,471.2880985886077,0.9910655876989394,0.0852677556715496,bonafide,data/Bonafide/27588.png
155.32074260327406,1.6156832632181342,52.441301933632936,37.80688695610496,14.10289764773979,0.0370397567749023,35.0,0.0368146896362304,0.0989007615047564,0.7169781784212835,637.7145013006613,0.9959248757606396,0.0748549247022854,bonafide,data/Bonafide/27596.png
61.46495423174565,0.5991111338019703,68.66850623944512,56.17960079020504,23.055216699832545,0.0012378692626953,10.0,0.0011577606201171,0.0898994604788302,0.6489780523625737,946.8120677058477,0.9925800219330868,0.0820137675023962,bonafide,data/Bonafide/27605.png
217.8433751756738,0.9239136578393524,47.41755785771517,53.77020406759925,18.299376658708823,0.0006895065307617,58.0,0.0001745223999023,0.1504809616061387,0.7735860665869727,1916.9207673462,0.9933351183944656,0.0820358966428917,bonafide,data/Bonafide/27606.png
49.31635084023219,0.6472119753602122,56.01767786717077,44.56401399696188,15.428470953049398,2.288818359375e-05,4.0,1.71661376953125e-05,0.054604603745876,0.6985138608923098,259.0372279934695,0.9939191221445054,0.0799572034068177,bonafide,data/Bonafide/27630.png
170.8144405795237,0.9000907249603488,59.0829881066872,34.81319772774042,13.44918805996515,0.0391502380371093,332.0,0.009535789489746,0.0851907362795483,0.7434009244211615,1198.889004367328,0.9803900096142966,0.0683542899600296,bonafide,data/Bonafide/27631.png
108.50129858705624,0.6957439939845225,66.90264001282507,40.384256145901446,14.009492249719235,0.0565242767333984,256.0,0.0339088439941406,0.1161432149047382,0.709482909017121,1128.9354546057716,0.9924565012975984,0.0757515758393106,bonafide,data/Bonafide/27637.png
74.31458125574045,0.7434878545302727,62.48779502621391,106.45386959002302,48.68389894116903,0.0469579696655273,94.0,0.0207300186157226,0.201791937306509,0.6763416963347704,932.3634205275108,0.9891896815492952,0.0953005513477499,bonafide,data/Bonafide/27659.png
165.5497396615683,1.2554236251136863,65.03814111476795,63.66752356166806,21.10661648849113,2.86102294921875e-06,3.0,9.5367431640625e-07,0.1230468749999999,0.7585605723882441,662.4102403730669,0.9944580743341866,0.0751715971097764,bonafide,data/Bonafide/27664.png
150.3148433041897,0.5182274359352278,67.93080379712126,40.89760224737383,16.979014876003422,0.040283203125,247.0,0.0125322341918945,0.1242999501210585,0.7218089329462628,3176.610505625116,0.970990215960801,0.1360664880368661,bonafide,data/Bonafide/27674.png
174.0487935505662,1.302493521507001,59.09510702242373,32.64213978569771,12.43501190989418,0.3462791442871094,397.0,0.3214797973632812,0.1134326843416531,0.7641462431538819,623.0550419121439,0.9978094757771648,0.0716673627217862,bonafide,data/Bonafide/27699.png
36.0531242156203,0.4979317154468772,59.04641207263085,73.14253998567555,28.23967452580386,0.1910610198974609,303.0,0.0821981430053711,0.0805797219109867,0.5992488560412021,560.8067665467712,0.98833049852025,0.0842812666116426,bonafide,data/Bonafide/27708.png
125.00581341933866,0.6393153953724061,57.05486060695616,53.14106907710277,19.55542488960193,0.0344181060791015,26.0,0.02203369140625,0.1214240706435121,0.700608345485462,932.5155625419184,0.9904780125565004,0.0879422004643224,bonafide,data/Bonafide/27709.png
388.3095589396679,1.9842922572276327,56.57621116701359,50.46696441448595,17.43245775491066,0.0121288299560546,246.0,0.0069208145141601,0.1558833589002727,0.7731935258682828,1663.1260611129496,0.9979693785564346,0.0673312194436411,bonafide,data/Bonafide/27735.png
61.3902428450383,0.5515020660867073,82.82711928689831,44.12846124920409,17.21671401977299,0.3259267807006836,100.0,0.3216981887817383,0.0673367992805829,0.6307472968713889,841.8803764771218,0.9825707602088164,0.083967479520184,bonafide,data/Bonafide/27764.png
42.81055816471053,0.4540158512933417,54.590797937578,57.265347969435,19.594421614099044,0.0494194030761718,46.0,0.0288658142089843,0.0691396594653627,0.6363258638583018,607.8443565752777,0.989417747477801,0.1054902176770829,bonafide,data/Bonafide/27783.png
53.61779766902328,0.5761517549912799,67.58009167404816,52.09675056889,19.209696195345195,0.0084266662597656,23.0,0.00750732421875,0.087890625,0.6692176286276587,684.9877863910592,0.995733567384638,0.0753602994468988,bonafide,data/Bonafide/27791.png
62.46342547341192,0.8841895707288566,45.37575192409016,55.26007845222045,18.190347368971008,0.0012092590332031,5.0,0.0010766983032226,0.1022853072935441,0.676296980184392,527.9092945792984,0.9941142651497844,0.0752412601916368,bonafide,data/Bonafide/27793.png
113.48580920566746,1.2398580530328724,70.44964712181611,43.1692804347583,13.978565250767092,0.0622320175170898,588.0,0.0520830154418945,0.0843752260558314,0.7170127545223091,554.2903889374386,0.9594184373074864,0.0852570531275768,bonafide,data/Bonafide/27808.png
128.98430490597093,1.161370427721123,63.68536252418677,48.53738640853993,15.56823390075693,0.013411521911621,50.0,0.00732421875,0.1008132292407172,0.7322782169451146,846.1673510927367,0.9959797988369242,0.0746026422772571,bonafide,data/Bonafide/27854.png
240.929342688184,0.8995833519470764,79.60593880548238,38.00338879654317,13.636991291092947,0.000319480895996,127.0,1.71661376953125e-05,0.110972052552676,0.7499721488406005,1531.4519592523643,0.9963632185580272,0.0752343487396992,bonafide,data/Bonafide/27871.png
74.0901665781821,1.27463880307515,58.77327530668666,82.39384569962375,27.566750067534056,0.0259113311767578,85.0,0.0208635330200195,0.1227714240806906,0.6476767343345773,231.4645121389563,0.9892568138301848,0.0755146621157457,bonafide,data/Bonafide/27879.png
93.28234548203818,0.7418473417877128,63.98976729156968,43.992581542296506,17.90214731342872,0.0008716583251953,10.0,0.0008554458618164,0.0935106400744263,0.6648964118911149,840.3872337551308,0.9923415738785348,0.0795598700509345,bonafide,data/Bonafide/27896.png
175.7319429761119,1.4050992639971591,42.36345565819418,24.31276734336384,10.43268315543696,0.002425193786621,32.0,0.0011577606201171,0.2012121660198371,0.7661227023918732,682.3029694866661,0.9917730347335926,0.0778513372927258,bonafide,data/Bonafide/27909.png
173.68701135317315,1.5607255863689735,51.150140730043454,41.50044932744647,17.020530747519693,0.000645637512207,23.0,0.0001201629638671,0.152482971741577,0.7443562342111567,1230.4875104398568,0.9955010296443308,0.0744752208083343,bonafide,data/Bonafide/27921.png
106.23043488573968,0.9033779501157134,47.21694936379752,49.77500542314728,18.0671913737156,9.5367431640625e-06,3.0,5.7220458984375e-06,0.1243651481061979,0.7187287606055451,585.9973185971078,0.9941179489991568,0.0712038804247577,bonafide,data/Bonafide/27927.png
93.65926520373614,1.2171210623935496,45.78862489071624,42.36927480637026,15.387540597180658,9.5367431640625e-07,1.0,9.5367431640625e-07,0.0844260732287147,0.7465569474790316,387.808838888057,0.9950457134217564,0.0748490237955559,bonafide,data/Bonafide/27951.png
215.83125096187,1.7211142554357266,56.38060075729194,28.172707794928524,11.151069101295974,0.0001277923583984,2.0,0.0001258850097656,0.0917968749999999,0.7505651252493323,838.0320503079183,0.9963889850237893,0.0793293392930227,bonafide,data/Bonafide/27962.png
126.08911011273447,1.0677466074903637,64.12299975665744,37.19686061680851,14.216576253398252,0.00103759765625,126.0,0.0002613067626953,0.126161897341552,0.7177500808768393,769.2155560341386,0.9795493609550494,0.0785634331324083,bonafide,data/Bonafide/27976.png
581.1433517652292,1.3148352650604391,72.1673510631268,44.2959695486187,19.82049814117291,0.0675077438354492,575.0,0.0569210052490234,0.1259765625,0.8193399972109516,5551.97351041255,0.9900503063962875,0.0742802379714834,bonafide,data/Bonafide/28001.png
258.8416022667625,1.3745312898810087,48.35741436790045,42.50507672013717,16.85716874983452,0.0001640319824218,11.0,3.719329833984375e-05,0.1272569981057801,0.7824037806280466,1840.4805806918357,0.9973887679762122,0.0691489526530907,bonafide,data/Bonafide/28014.png
72.75815375454022,0.9197936769775368,53.581937461260566,95.72155515100889,38.14352625037196,1.239776611328125e-05,4.0,4.76837158203125e-06,0.0806625255225847,0.6711864725607828,898.3320671625512,0.9888339213081404,0.0813901633083665,bonafide,data/Bonafide/28017.png
103.5315376427088,0.4501744556138234,65.07779303246969,56.3335722922232,24.023387788096173,0.0097599029541015,88.0,0.0033836364746093,0.0900346138407508,0.6525435908946963,1977.4350810874432,0.9858115790846926,0.0944375693431394,bonafide,data/Bonafide/28021.png
98.41759340407498,0.9936675476908644,66.97240147896044,56.01898460826619,21.845708697423863,4.76837158203125e-05,10.0,1.1444091796875e-05,0.0844260732287147,0.7075268516924835,504.8927026913236,0.993228264074772,0.0770566002944554,bonafide,data/Bonafide/28024.png
151.68032561309155,1.215515747778832,67.6698675761127,86.02848728510938,31.33673887769537,0.021367073059082,59.0,0.0210132598876953,0.0968029123167676,0.7256514136677147,1244.7377661792234,0.9958421162099768,0.0725414008355588,bonafide,data/Bonafide/28046.png
179.11267275598584,1.6248305766805191,63.33308479117032,38.26707309620314,12.103965374097578,0.0005416870117187,22.0,0.0002021789550781,0.1246734167573315,0.7416353070802825,597.3352638405622,0.9938966437798592,0.0730512201747397,bonafide,data/Bonafide/28051.png
64.25347268219048,0.6623169719386348,76.531477131078,57.215314320713205,20.450567293180026,0.0302371978759765,214.0,0.0129804611206054,0.0883235863640235,0.6530669549374845,1056.174269955427,0.9955094724423448,0.0762814963515197,bonafide,data/Bonafide/28090.png
682.7719648942439,1.8764273944654892,49.5053554976958,61.1714660301229,23.10990395019154,0.0006837844848632,147.0,4.482269287109375e-05,0.1291298516424652,0.7669207951024856,1151.7904400230382,0.9877693473174884,0.0850978733497938,screen,data/Screens/00962.png
927.856909511937,3.4434864439630903,46.41513125319744,35.900855813521886,12.063392401650589,9.250640869140624e-05,38.0,1.52587890625e-05,0.5310206198559131,0.808360832339139,1426.722653878117,0.924127106111082,0.093791023439528,screen,data/Screens/00998.png
985.2521624571368,3.651230394243788,48.48645077081565,47.96765071962261,19.56811365531503,4.1961669921875e-05,36.0,1.9073486328125e-06,0.3657777385714224,0.8096908332259442,1413.3438506586294,0.9733135901292748,0.0719076964871195,screen,data/Screens/01012.png
1030.7430755039677,3.042358779593271,55.52487766294287,51.80787700878668,20.843399950585415,0.0006837844848632,299.0,1.71661376953125e-05,0.7119140624999999,0.758514641999894,1236.4798051392097,0.98775781262074,0.061733251278474,screen,data/Screens/08794.png
685.98754409092,2.851781316242124,46.56909930993475,46.00691438001913,18.73003275625122,0.0020666122436523,806.0,0.0001153945922851,0.2231717750395788,0.8581870273332305,3626.820361559216,0.9917069034492336,0.0740503881646889,screen,data/Screens/10673.png
240.751156370472,1.9968037917500372,63.482961084475725,48.503457382312654,21.643637402303963,0.0003519058227539,49.0,8.20159912109375e-05,0.1166736782328508,0.7738098389041791,1151.466377322476,0.9934234973900732,0.0762310640898931,screen,data/Screens/10684.png
395.2434844625495,2.0032120509003293,62.0787704108281,53.882470196326544,21.05000893690977,0.025461196899414,830.0,0.0065994262695312,0.3111459004917504,0.7710619868736711,2868.787307837764,0.9793598873215104,0.1392241793504091,screen,data/Screens/10696.png
330.9052173407363,1.5714356167118124,58.87893417270302,59.65110742514264,24.06881850968613,0.0180139541625976,231.0,0.0140562057495117,0.254454973475881,0.7729570331402199,3174.009587655557,0.9615528226833716,0.1138931691283015,screen,data/Screens/10712.png
154.80517057122412,0.9900197417144788,60.06364255968164,53.339020741224985,22.14271303549641,0.0072183609008789,451.0,0.0031452178955078,0.1470983227808577,0.6979540001182235,1345.2605214172129,0.9551915867127484,0.1689934129593457,screen,data/Screens/10728.png
478.1853814199193,1.7525295844818083,60.28414120445184,54.18065322315333,22.074604759413795,0.0151472091674804,945.0,0.0038661956787109,0.1191406249999999,0.7957344390513106,4673.713529287606,0.9873350149919746,0.0803531131482278,screen,data/Screens/10741.png
248.95243324694093,1.1672163167833889,64.07822898812168,65.93950084071,21.415946580502847,0.0046758651733398,31.0,0.0035743713378906,0.1781791738480231,0.7336984176538661,2782.338548561147,0.9821197423451936,0.1281767982356569,screen,data/Screens/10744.png
88.93965487762762,0.7305731414525833,41.87606806326458,56.81473022508227,21.515582778068257,0.0,0.0,0.0,0.09530369452153,0.6948934984123505,1459.497542528723,0.9632678049215184,0.1751082724963614,screen,data/Screens/10881.png
51.41479690763572,1.1939590943584029,65.78139906551273,49.89034238657965,19.408110886300868,9.5367431640625e-07,1.0,9.5367431640625e-07,0.114341248915749,0.607649763725102,403.6905389864154,0.9857783578277834,0.0827169702657897,screen,data/Screens/10889.png
187.8316469187693,1.7011557170129563,48.18356700671062,123.6200640978398,52.34999405707866,0.0,0.0,0.0,0.2356461703152175,0.7605980241393956,1701.947584352568,0.9876438765910156,0.0815565463299385,screen,data/Screens/10954.png
128.34082291813593,1.4503302582000757,49.37638646395243,49.48714217713779,21.07074248934629,0.0,0.0,0.0,0.2630934410469478,0.7127133968559175,929.4166644635856,0.9783755913818752,0.1022816737364113,screen,data/Screens/10960.png
187.43396938099977,1.1191340742358815,65.95336207327274,43.64342365328428,20.581881220092285,0.0327367782592773,259.0,0.0201969146728515,0.3563155264572837,0.7117550536309228,1891.596550263217,0.9787933430303656,0.1443913349499172,screen,data/Screens/10970.png
288.14494835672303,1.3035282664698202,61.997149328695805,50.03083197740006,22.238071698279843,0.0031013488769531,141.0,0.0015897750854492,0.2334004805088408,0.7438843152137472,3497.515711515176,0.9808543241071688,0.1201469438285612,screen,data/Screens/10972.png
439.8413333474746,1.39675730769853,68.07513157966567,61.01310508461286,25.533294443957928,0.0323982238769531,481.0,0.0051918029785156,0.2230777431847348,0.7832716643510436,5291.180931484656,0.9626465466018136,0.1549712896359673,screen,data/Screens/10992.png
227.45351013153777,1.0988195547474335,79.13678451203415,88.30037800002496,40.57053698031374,0.021916389465332,255.0,0.0051326751708984,0.2252548893303679,0.7069790859303546,3328.027240808491,0.9853158089199824,0.0995645900868566,screen,data/Screens/11040.png
749.1820257976033,4.736824452443835,64.65372144552872,64.90091434745639,28.87997463181543,0.0405473709106445,975.0,0.0258216857910156,0.3210982941911568,0.7345985435283228,2524.0222955334348,0.9667834259204154,0.1666587271730259,screen,data/Screens/11053.png
919.017814483405,7.544667705713159,58.30429538424728,40.56511492016138,18.907256705680293,0.0,0.0,0.0,0.0578402066209408,0.7228225854853895,438.1008637450235,0.9959669559480556,0.0757799606771474,screen,data/Screens/11099.png
1068.5843308283363,8.375727702357665,64.50502014008251,29.407636540905205,11.765837510596446,0.0,0.0,0.0,0.0672694925753692,0.6848103100641342,291.4387493782505,0.9810323152431352,0.0847616862558686,screen,data/Screens/11117.png
1158.7672329786585,9.56391650363292,52.88363112687962,30.92454876979268,13.87764214488698,0.0004873275756835,62.0,8.296966552734375e-05,0.1026947293096316,0.7825258504305782,1305.0923573926166,0.9856766067845112,0.0746666900016638,screen,data/Screens/11130.png
