noise_pstd,noise_pmax,prewitt_energy_pstd,prewitt_energy_pmax,hf_energy_pstd,hf_energy_pmax,orientation_entropy_pstd,orientation_entropy_pmax,perpendicular_ratio_pstd,perpendicular_ratio_pmax,chroma_std_pstd,chroma_std_pmax,label,path
0.2171439744943166,1.5107503556189674,673.3350304222362,3155.140471337586,0.0825330922643579,0.8362978788606514,0.0405066454235408,0.992492499792872,0.0322776983535313,0.2169736741030479,6.517208648667497,32.06744218723156,bonafide,data/Bonafide/00962.png
0.2020209155727242,1.2411304544907529,736.4344871048474,3251.7867027548336,0.0690276798991122,0.730576987805483,0.0515838223199837,0.99419358178381,0.0386821272774044,0.334547765742558,2.828346862028284,15.237255253559123,bonafide,data/Bonafide/00998.png
0.6171530196632212,2.5241012020513725,629.7612089483202,2327.6401903043684,0.1037003830610718,0.8843445911861965,0.0440466222461138,0.994583187866624,0.0183165827873556,0.1678701915027006,4.319502823590223,18.74741681136358,bonafide,data/Bonafide/01012.png
0.2700611777836302,1.7349774859638354,704.0717586929499,3421.546184609945,0.1032045644767281,0.7979799541422847,0.0798602424343843,0.992030468304556,0.0714263581158178,0.4446944014109945,6.885815040232374,29.428552646885333,bonafide,data/Bonafide/08794.png
0.9266628806817764,3.899212695639754,2969.040885716863,10122.113269532409,0.1337623894679801,0.8982268363453673,0.0313543600928352,0.9953986596107304,0.0209554214125042,0.1735155930125588,6.2384279354334025,26.71114522083893,bonafide,data/Bonafide/10673.png
0.439392184246427,2.241929213002197,669.8379768079371,3145.156477926748,0.1327360350189872,0.9066023188904956,0.0357911176672924,0.9952159035342152,0.0195453915981608,0.1581780965007529,9.421128665657506,43.27717956818613,bonafide,data/Bonafide/10684.png
0.3465626011745615,2.2189696811132293,508.9734405616045,2238.9364604020693,0.0557916968375723,0.8006931733168858,0.027772032865086,0.9941711423026958,0.0217403553500035,0.1736710691012599,3.326575356343896,15.692725058378514,bonafide,data/Bonafide/10696.png
0.2035572307334807,1.2149342206850589,826.0687943404369,4308.008839768429,0.0830518664369047,0.8683758784590516,0.0234128469996749,0.9889508276663984,0.0139955364849282,0.1174403301246444,5.614526632105538,32.50757734611992,bonafide,data/Bonafide/10712.png
0.2478094115719667,2.00532103995961,375.0301775133267,2388.5877501520663,0.0659893428382222,0.7641023706685995,0.0651373755676258,0.9888245236789912,0.0302764123162162,0.2014714977336754,4.715733560982884,22.702979178183504,bonafide,data/Bonafide/10728.png
1.0004383354602089,4.3234311639286425,2530.243489311057,10218.205500959262,0.1248702873917852,0.8766232546861699,0.0581845927126484,0.9943265032642012,0.0576089188160608,0.4358618149825144,4.256255196125187,21.917716798964204,bonafide,data/Bonafide/10741.png
0.621066483089685,2.886164467679238,1072.6466992802066,4280.222131059971,0.1062450836470777,0.867943911113927,0.0542303162810591,0.9967783875258238,0.0347860599385531,0.2913669785018949,3.2199011714446675,19.2094081376173,bonafide,data/Bonafide/10744.png
0.147093234493017,0.9311701953272504,848.0238674183199,4152.167329405084,0.0877318942018392,0.7333015235166083,0.0415744856594224,0.9886674142547868,0.0255138992346445,0.1772408696001086,4.696051071427833,21.345859370557267,bonafide,data/Bonafide/10881.png
0.1888258203622764,1.114622775916295,558.2607381840751,2249.0860785051163,0.0909267489322605,0.8260399692692739,0.0570410650651869,0.9963494682644974,0.0548667334793679,0.3913091092753195,5.879269952094174,34.00010835394966,bonafide,data/Bonafide/10889.png
0.6588203874945568,3.731785736735961,1547.0446066192403,9693.51910131734,0.0722321430939999,0.8834520850611959,0.0601700066414249,0.9945648093140436,0.0373478468185705,0.2805754567090283,9.924385437259138,38.52354912392608,bonafide,data/Bonafide/10954.png
0.2107277186340763,1.6615859278683258,579.5904525131502,3532.637390582806,0.0942758441692049,0.7606271221008222,0.0674714989291094,0.986459208146721,0.0327369609659668,0.2337905793827218,4.530917678476222,29.32385308444347,bonafide,data/Bonafide/10960.png
0.5132902954680214,3.1255356789434194,907.1791526590464,4825.402526936344,0.0993043090942907,0.7994832719984573,0.0427863123501534,0.995528012445062,0.0317234096488957,0.2258050956379814,4.169101516222271,18.278105524746184,bonafide,data/Bonafide/10970.png
0.4530918287132141,4.135557722185046,1519.52825356783,6401.963822435915,0.0750426676207783,0.8214071013277163,0.0562022480364741,0.991272532176027,0.0172121513606255,0.145663236662226,4.355360294993379,18.07201502469681,bonafide,data/Bonafide/10972.png
1.324700284167256,5.9188489050522,7735.557178819312,41161.51640070069,0.1120372703650503,0.9197450086552306,0.115787578985885,0.9919408471211464,0.1366824676709334,0.6148538348741225,6.042531680283108,29.534165113304415,bonafide,data/Bonafide/10992.png
0.7775840737299772,5.255798675818584,3330.187582685777,16948.93509467231,0.1388849790145096,0.823072697048591,0.0647504419200074,0.9918674147651726,0.0457494025390262,0.2631774935049829,10.201940760490258,52.90738899278829,bonafide,data/Bonafide/11040.png
0.283923201740469,1.3160745769203013,421.76526751508254,1942.841390613044,0.0931255523518398,0.7533875162934025,0.0479013027127376,0.994914639081744,0.0440387126776673,0.3250691348076918,5.123588839652136,22.463096460076468,bonafide,data/Bonafide/11053.png
0.3511689317234597,2.098632787900334,682.1079406444815,3621.502792176712,0.1033208843955568,0.90693041232954,0.052671209945329,0.9930684252146444,0.024064925330621,0.1926694890766619,7.33902428317865,32.40093712538681,bonafide,data/Bonafide/11099.png
0.2617293786495598,1.3407314037168208,342.71184605309446,1687.0510207066718,0.102623364095333,0.9069712181156502,0.0447270950109681,0.9962870491104734,0.0351135773401334,0.3013625278295711,4.946365239139662,25.26448181411174,bonafide,data/Bonafide/11117.png
0.9961301258164944,5.139816857135917,975.7930114710052,6478.835152129679,0.1921072761561614,0.8943453287678796,0.0841994020410581,0.996987613646826,0.0547959953603485,0.2682831260070576,3.7765367117288,19.875411889693563,bonafide,data/Bonafide/11130.png
0.7674648656194228,3.991063980520492,899.3493495904518,5610.330207432908,0.0814511673620569,0.8608806732365905,0.0599484764113799,0.994545489683303,0.0604904700337362,0.4545479556109666,3.4766791160580643,16.76776447081509,bonafide,data/Bonafide/11154.png
0.3995256937578169,2.053490006289417,245.7977212126788,968.5727186556657,0.1094423989042785,0.7736685949945261,0.0495045131746623,0.9968254326172608,0.0353916125175747,0.2821613940687292,2.87273581464637,13.588409194328587,bonafide,data/Bonafide/11166.png
0.7352122684645656,4.346219650594369,1722.7304032749998,6262.019490390916,0.1665053394226711,0.8770881452916386,0.0808533499840038,0.9876023777622632,0.0332896447091223,0.2157258052809695,4.458967070535487,18.046145381772707,bonafide,data/Bonafide/11174.png
0.3039748176214251,1.7878041452957592,696.5818900976499,3130.234969856648,0.0832984854149168,0.8588296399404289,0.0238657479309431,0.9916019699544816,0.0196695081864668,0.1744635308612353,5.326139293790743,20.644086161338446,bonafide,data/Bonafide/11185.png
0.4570397231110739,2.1583538854613806,1283.142406456803,5642.276524324402,0.0674121975798037,0.846481394520494,0.0297854867894431,0.991481585702705,0.021989138160426,0.1788369031749155,4.347764199395403,17.095215044993775,bonafide,data/Bonafide/11193.png
0.3287368768981696,2.0942250840706467,750.0254990700254,3127.0156857640923,0.105306783735159,0.8473146758199624,0.046092103961027,0.9936842253202616,0.0246409697608111,0.1879536215476444,7.817340444815312,32.651926607519755,bonafide,data/Bonafide/11196.png
0.2473360118076298,1.5814578194420703,517.0231605478588,2945.082128343578,0.1007222107897362,0.7665489403354329,0.0401013577273775,0.99769130006345,0.0439461479842546,0.2435201079283947,4.140221151576117,16.872633439478836,bonafide,data/Bonafide/11233.png
0.4061494636923828,2.654819224582546,794.5464914800659,3887.680843133454,0.0818749502673377,0.8543100275057235,0.0414312884610512,0.9937709748778724,0.0163367289838614,0.1533686374839681,3.824201105604685,18.200983480110303,bonafide,data/Bonafide/11237.png
0.5358001212212277,2.609071206027852,997.142150482906,5103.883409254643,0.076018396439533,0.8102806864135965,0.0546730978627726,0.9927101549703654,0.0361320973763232,0.2327276179652622,4.199139694641343,17.742452904821278,bonafide,data/Bonafide/11261.png
0.3867015178048139,1.885352551842928,1411.1168884698995,5502.0121157779695,0.1381205461260902,0.793063625781979,0.0805632241492329,0.9946389544519244,0.0789035906771181,0.4628145513144244,3.755089131715736,16.5569770455255,bonafide,data/Bonafide/11280.png
0.6262761288068519,2.931938800883662,1730.1698207343668,7538.118966318136,0.106819467295107,0.8743049461784892,0.0186250026117823,0.9943923830141084,0.016670718864507,0.1426794503311708,3.5438605757441213,15.259323139090828,bonafide,data/Bonafide/11308.png
1.2875586544869064,5.893889459783792,1489.062324293356,5708.517280758228,0.2215347560066766,0.8923925091339469,0.1047219289680092,0.9931800467104428,0.0970840962243937,0.334403193031207,3.7507280548376456,13.623526885077071,bonafide,data/Bonafide/11311.png
0.468716014318773,2.505246755520203,1866.5758166219432,9067.51757242712,0.132181360350678,0.8173160090032103,0.0479204648044125,0.994740696522456,0.033633596532403,0.2101078587351281,5.26518472950672,31.862108424538608,bonafide,data/Bonafide/11312.png
0.2348642218851393,0.8958559353902933,689.1025855342981,2992.4506547868527,0.1230621737862185,0.7117028619050122,0.1407195655677741,0.9908262010190906,0.1122633203050581,0.636290636008445,4.112296426052459,17.933606204886694,bonafide,data/Bonafide/11322.png
0.6574984674007995,3.643736918741133,655.4434980489037,2832.6313234640083,0.0849293880530907,0.807562534172261,0.0414588268895431,0.9928037757165452,0.0215443320033358,0.1848171343351462,6.592929311615406,29.957207410189724,bonafide,data/Bonafide/11326.png
1.2044567726439732,5.158223954621686,1055.4720283773206,5458.11975034502,0.1132111323245541,0.8771535336148305,0.032480391825229,0.9933549508777332,0.0188643241681969,0.1746388196658063,2.443062241341297,14.774468018216874,bonafide,data/Bonafide/11358.png
0.5598554663821291,3.179980689233706,450.4519631624319,2389.668793517791,0.0982035065248283,0.8870426792010685,0.0416287754489981,0.9927297052402771,0.0353315270544009,0.2116308476079635,7.969966263852233,36.42161713098314,bonafide,data/Bonafide/11359.png
1.7044059922821029,10.215860160652449,4231.79545782127,19536.60474677697,0.1519402270231415,0.8945354808646953,0.0648356408768686,0.9976590944208296,0.0304293775135016,0.2112302654592762,4.241959059773523,19.437299188806247,bonafide,data/Bonafide/11373.png
0.3836873169256958,2.5686387467185114,220.29933391764476,1031.538019207515,0.0793741477298016,0.9243998478025774,0.0232594127223327,0.9897711286150228,0.0118108543794907,0.1345471960435192,3.5150826341720083,13.415769073418913,bonafide,data/Bonafide/11413.png
0.2223425450944308,1.3590727145782655,981.2324809825876,3136.3780823742104,0.1163113704937425,0.8011673391764004,0.0315335374962489,0.9902393102417034,0.0284391902109275,0.1756445217459601,6.1835604261286505,26.334749438161197,bonafide,data/Bonafide/11443.png
0.399683618969184,2.0415694699619644,764.6207745773876,2862.8932155996245,0.0861620557304047,0.7660274452328214,0.032722066081637,0.995898125745086,0.0152405555549809,0.1466328907544197,11.469308065893925,63.0702499972376,bonafide,data/Bonafide/11463.png
0.1729866043741898,0.8626600047565587,423.5057323140993,2207.5448994318635,0.1180726054436323,0.7927791730185766,0.0503436485690909,0.9771669895222236,0.0481719170596593,0.3368114342329833,6.599646524963812,33.33233449749464,bonafide,data/Bonafide/11483.png
0.4655778143644905,2.2674017939403304,1059.189904259864,4586.302125351274,0.1847225886561977,0.8106357268614004,0.0831768673613729,0.994504331713341,0.049463108313499,0.2459535388124692,3.1908569541767857,14.859141271489856,bonafide,data/Bonafide/11506.png
0.2329704609473449,1.2114212149461738,516.4574161227351,2317.706417701665,0.11996973320962,0.8096873858919765,0.0347504159077697,0.9896454676216816,0.0644360540749348,0.2977879118168589,7.330141024909006,33.75666866221869,bonafide,data/Bonafide/11507.png
0.9197767007699282,4.253342094374182,830.2880406253757,2877.430862823763,0.109823455848098,0.8885730712751314,0.0440836674383548,0.9975715347095686,0.0412263289515272,0.2141453082075451,4.900200525327932,18.36429327069049,bonafide,data/Bonafide/11513.png
2.5254311766081146,12.085134461510666,4390.792917673119,18791.112017064203,0.1704629779062986,0.9171587050700288,0.0782945581693787,0.9873106796846252,0.0340401664483855,0.2494419424979686,4.804940395246868,19.140639732510877,bonafide,data/Bonafide/11519.png
0.3138348898554485,1.7361616452016615,693.0029516704218,3240.0357790426087,0.1080293481371933,0.8301926389217332,0.0903385554083859,0.9896886490066642,0.0922836920688162,0.4694926045545707,2.984324780175313,14.102862823718556,bonafide,data/Bonafide/11541.png
0.3566204569897711,1.8291049880461725,792.5972008797038,4665.602675403979,0.0822821603644186,0.7600150779912553,0.0348642154826669,0.9943806086499076,0.0237035679581079,0.1848299378184101,2.0816501151525357,12.74551484616802,bonafide,data/Bonafide/11567.png
1.325145639245796,6.294174754143722,750.7621647954171,3152.5558246137807,0.208911246781358,0.85832558877673,0.1420025026361892,0.9929302281449764,0.113349048887388,0.3689312704707004,3.773781172894253,13.373515731628611,bonafide,data/Bonafide/11634.png
0.7434248737710849,3.4100365144936533,1400.3068794009266,5866.809940083283,0.1477434929239779,0.8738608346853524,0.0539682162544528,0.997631669495882,0.03415555342819,0.2276573416975054,4.289715370060437,18.31551978837349,bonafide,data/Bonafide/11644.png
0.38036485088904,2.183721207800596,503.7970745453181,2246.5641001801787,0.1267603410414811,0.852109895850451,0.0450828837793017,0.9919845034804208,0.03280902140003,0.3100762715591036,5.084100163934059,21.48524388376949,bonafide,data/Bonafide/11728.png
0.4364419503991416,3.1425744146432555,467.0188167778127,2353.9634672242946,0.0966976972467199,0.895361806189084,0.0209449990517636,0.9943020327839148,0.0216648136941122,0.1529077088998323,7.334789970576701,38.40421207171067,bonafide,data/Bonafide/11781.png
0.3685707315464669,2.353463855880583,319.0471636902071,1255.7621788119664,0.0964963736384746,0.8620655031280625,0.02427394336557,0.9946521578984772,0.0134553033902811,0.1452288487524301,7.700343023046304,27.873827826694274,bonafide,data/Bonafide/11786.png
0.2841275992029631,1.5111977046643683,333.5130847677098,1419.518871491815,0.0885866331835843,0.7670279440428832,0.0332902546489261,0.9882040344005156,0.0170649594451393,0.1507261784702618,4.579075861760874,30.11841914773112,bonafide,data/Bonafide/11807.png
0.2158672074421428,1.622429729070865,196.8969134008172,823.1567385024986,0.0798427074052263,0.831393921523722,0.0430623650019111,0.989875489228202,0.0184516973793652,0.1627277851501513,3.122442983314103,11.91662864674478,bonafide,data/Bonafide/11810.png
0.3995660883382758,2.565323100852597,732.8533496713145,3289.226167644957,0.0745782203876165,0.7934481723998484,0.0333035687927733,0.9918063486914762,0.0155229725113727,0.1342677378509309,4.511876993753875,25.7187288513508,bonafide,data/Bonafide/11838.png
0.5331840526405257,3.1352457846935966,998.4812251636538,5161.762574675249,0.0936642754717501,0.8467171627113569,0.0349559594896789,0.9939352869112258,0.0262973638307712,0.2131540284224382,3.942669665599606,17.578172287559482,bonafide,data/Bonafide/11886.png
0.4659274877968867,1.9331267984267924,305.90590520834394,1661.7444491058495,0.0904243090068712,0.7742476965411149,0.0824341919252308,0.9945046649556032,0.0968372398949619,0.5444911206283032,5.718652795919381,23.2147390330182,bonafide,data/Bonafide/11953.png
0.1508478535611679,0.8213591620061457,1875.5923416598123,8326.504765084806,0.0945908404310633,0.8058817262531948,0.042864123483743,0.986271547388722,0.0307574762635291,0.26917782858848,13.82973072954943,50.08130337058491,bonafide,data/Bonafide/11957.png
1.1760541664574584,5.299928343414916,844.7501941166162,3203.005892393144,0.2357207810952309,0.880324023388352,0.2436807810439929,0.9974665773587263,0.1928902624557603,0.7009732258089819,8.86662128454648,34.76277617269296,bonafide,data/Bonafide/11981.png
0.4653916694568646,2.1860500543016546,1154.3675855060528,4223.563746232159,0.1667019023748724,0.9260641723066704,0.0789767746732649,0.99753477156153,0.0879887716788211,0.4218406378968413,10.29954496403424,45.57498001782291,bonafide,data/Bonafide/11999.png
0.3068437558757284,1.534986148019815,434.6403632056512,1927.410748882046,0.1116537752873392,0.7791544280426417,0.0376182608449015,0.9900768777272028,0.0168040986466597,0.1490239163067673,3.0753645307449866,15.577516716805553,bonafide,data/Bonafide/12009.png
0.7824665664377052,3.794296187168332,2963.4536250270035,13455.095407979526,0.1037348805013932,0.8604205992759786,0.0304127766730939,0.9964690641574904,0.0275314266802846,0.1863813005185744,10.19713913078254,53.40204556588176,bonafide,data/Bonafide/12022.png
0.3121200262572561,1.5595771881920106,650.2482690197646,3136.840404833708,0.0905015937656559,0.7925429355348604,0.0453848301979412,0.996555251705782,0.0312413974269412,0.2091332083127781,4.061052313612135,21.57419603922621,bonafide,data/Bonafide/12024.png
0.6099884933992695,3.651947089456729,1036.699603753238,4358.492393049524,0.1455158819214622,0.8304787750951154,0.0667194509195559,0.9937705377559156,0.061137584130834,0.30737665997966,7.022460857190328,40.73957819547156,bonafide,data/Bonafide/12030.png
0.8067739228951742,5.216168813325993,388.85843748091736,2086.03490038087,0.0862766759507284,0.8769630380662374,0.027914164941408,0.9963360171919604,0.0192039783798851,0.142206528660975,8.620480233634574,35.04624024554888,bonafide,data/Bonafide/12062.png
0.276864724715512,1.921693083119335,229.04244924360037,962.7166178436904,0.1020340596656631,0.8344353929335843,0.0517076956172018,0.9921130333733532,0.0420231516674726,0.3916451252314598,4.333471834393428,26.303957322310232,bonafide,data/Bonafide/12103.png
0.4154852985020552,2.0633448426131062,1413.448481085488,6065.991477173724,0.0963518485488783,0.8398736858136698,0.0286140826029236,0.9951458723928024,0.0147592420596382,0.1431912784618043,4.34023253463325,22.303842649058826,bonafide,data/Bonafide/12122.png
0.3129190196498165,1.5155659365194614,404.9085611653162,1690.499265793021,0.0984052158922362,0.7771702154702793,0.0265163189163633,0.992363028166474,0.0265719204053036,0.1963264341474117,3.9797484977006303,20.306553594533536,bonafide,data/Bonafide/12145.png
0.3402068842719057,1.9682568558156437,280.5349603032498,1254.592822754979,0.0731073268548826,0.7049763657952033,0.073223051107793,0.9924233623449944,0.0317335769467445,0.2327798479148796,2.1646354575493647,13.46440574920203,bonafide,data/Bonafide/12163.png
0.7642512206567594,5.337334618005366,729.3820929301382,2777.1391971243725,0.053401276907708,0.8531084690646791,0.0486637316057128,0.995308507854102,0.0195168527305207,0.1560881405967291,3.687049245659671,15.757122500225048,bonafide,data/Bonafide/12174.png
0.3592304762373052,1.93928442646349,1267.1953850423104,5683.027235622729,0.0759322835178979,0.8967644452094071,0.0248005650548664,0.994360082146348,0.020302309567529,0.1660028471311805,5.2486518165317895,19.82624941558827,bonafide,data/Bonafide/12188.png
0.7032308605849962,2.8399033134548186,1098.553419677561,6901.9123304366185,0.1398073656869938,0.8540775136244043,0.1112328346902401,0.9909271129210424,0.0999184113590085,0.5446668946590303,11.386071294297608,47.83026621896557,bonafide,data/Bonafide/12189.png
0.1828873195622674,1.1395427492101091,1143.384733294944,3916.818714783194,0.0679232534916309,0.771755144954865,0.0400505698204801,0.9942993285311672,0.0214082068683918,0.1942560712944779,4.243150466745637,20.039239348268843,bonafide,data/Bonafide/12207.png
0.460204366415424,2.733842117720164,1474.1781405182128,7595.827218135626,0.1293658060509869,0.7887117945480988,0.1321453873069052,0.9959764033034,0.0515124037885652,0.3326369084891549,8.597115062347116,36.79929258737683,bonafide,data/Bonafide/12214.png
1.0970303273316453,5.787880893348596,888.5303536545541,3896.727922500893,0.1221002057840882,0.9100543096241672,0.0582409799255823,0.9887475786238648,0.02237675781259,0.1730504433406368,3.778321657968904,15.158884790323302,bonafide,data/Bonafide/12249.png
0.7021536548373449,3.876661040821593,2085.37630018819,9081.101877929006,0.0766957016023336,0.8654179036227826,0.021613541072063,0.997469409018498,0.0134653941320923,0.1373465797527847,16.25466801192394,58.22951346012564,bonafide,data/Bonafide/12269.png
0.5476988513975963,2.7289344355456167,580.4990613415857,2582.22119328569,0.1020455647670059,0.8996961010735237,0.0276433594973895,0.9926385542789552,0.0235509939719589,0.1793308851373529,2.6646166357341183,15.883403702689492,bonafide,data/Bonafide/12278.png
0.638923640859461,3.011645874914246,1130.81987964615,4337.420175069368,0.1907550386896505,0.8061389663999127,0.0594060491465343,0.993029543118796,0.0631012369716243,0.2733454821564165,5.022845002254636,19.70247741452926,bonafide,data/Bonafide/12302.png
0.5825067406036925,2.9263337804912832,1233.9398473067438,5254.839397039836,0.1097092915257012,0.8191980434858411,0.0517980510041602,0.99229466958654,0.033240905923076,0.2291867738898578,7.936651946435543,35.89552369760701,bonafide,data/Bonafide/12320.png
0.6376745640408868,3.210071491199362,779.3828486207127,3541.777574743156,0.0844100879581649,0.8459552204813146,0.05797080197544,0.990714574540451,0.0228970304670464,0.1925815467201417,2.815136648357461,11.064498790501954,bonafide,data/Bonafide/12332.png
0.5168694825741201,2.149893725573354,372.0509218551956,1387.8752257535448,0.0924109946396655,0.9469922537043388,0.0615391757869814,0.9951982612880736,0.0540389912529838,0.2773265305741748,4.433196767255203,16.477403132743266,bonafide,data/Bonafide/12349.png
0.4274936423305412,2.240350334018429,504.3638563032752,2448.244575316152,0.1018975794868545,0.8021352273245641,0.0472193436551112,0.9966091504967832,0.029840618810939,0.1961048036243005,4.350286844864808,20.39642091423609,bonafide,data/Bonafide/12357.png
0.1625482439697168,1.2333413181708277,484.7972523639769,2037.2939317313544,0.0755121115475197,0.7609059843628196,0.0557367697673372,0.9885918716605018,0.0253451324731075,0.176814031149897,4.607038727964117,19.707880427738644,bonafide,data/Bonafide/12368.png
0.2695080393676226,1.3538624139318294,863.2239385023789,5111.19289842216,0.0934664264902269,0.9177566403076546,0.0342624864051342,0.9951622699986086,0.0363664754670628,0.1972550890009997,9.040844047169704,40.35869215925933,bonafide,data/Bonafide/12383.png
0.3936218265582151,2.239060916181685,401.1755686902887,2046.5945658107069,0.0792412155274545,0.8489935236907735,0.0505580984361751,0.9915982285813572,0.0506209584906351,0.2643823674096828,4.016166673444541,16.71330468181012,bonafide,data/Bonafide/12385.png
0.8118028504556225,4.44491274440477,385.3087672508663,1771.9244033158798,0.1540837400059171,0.840399232119957,0.0742209104380919,0.9968482472295116,0.0455478639677245,0.2686737716062924,2.766586288460317,10.52860031254508,bonafide,data/Bonafide/12412.png
0.8625747038119107,4.239263756768912,1156.7405652507864,4914.460037021085,0.1008139816811494,0.8397918347859864,0.0553517202999672,0.987259592137753,0.0234109750414926,0.1925147824444692,2.606309695628115,13.928439830588031,bonafide,data/Bonafide/12444.png
0.1714715124311309,1.1912773505782597,424.7579380395196,2191.562816360273,0.0833887181676614,0.7962238677757784,0.0532792846489594,0.9933790648111972,0.0254710193559517,0.1972969921568386,3.474565119076558,18.215683503154334,bonafide,data/Bonafide/12461.png
0.2393648156009569,1.874760905326814,1547.625560120648,7319.047407020827,0.0624252894952071,0.7656854255108041,0.0582173566523018,0.9923472379712118,0.0343033660817078,0.2178256804117778,5.439951464528824,28.49879081544079,bonafide,data/Bonafide/12465.png
0.8180979904950118,4.136636622823954,460.3680929298567,2016.9400125478733,0.1896694333904882,0.8150465017447225,0.1213181111209284,0.9924968124639616,0.093137396903282,0.365779758010675,3.675551926457545,17.47938188722334,bonafide,data/Bonafide/12471.png
0.550591117528861,2.626188885676876,597.5130150485406,2770.5070507555583,0.0986893219109307,0.8333891146211889,0.0727089856520598,0.9814240169255224,0.033254514934666,0.2162137156944851,5.791921122327778,37.77430570081992,bonafide,data/Bonafide/12481.png
0.7106504333017072,3.82480802352966,2843.062939543437,20507.500773030784,0.1320224297317266,0.900536508627562,0.0381934114681021,0.9964945510105856,0.0340667338267555,0.2352069260588331,10.575612644205531,36.98964107312958,bonafide,data/Bonafide/12482.png
0.2884462167849478,1.7674629210548742,393.0598951230761,2183.6066454896018,0.0477835465067165,0.84284170136948,0.0186544610824253,0.9962920601046756,0.0171038372762766,0.1633067615161823,4.79006008964201,22.936726653483177,bonafide,data/Bonafide/12533.png
0.5568976212828598,3.118325464917543,665.8837957608581,2730.748499730922,0.104883287964298,0.8831078603164106,0.0581256108169737,0.9929215005526528,0.0505172080334305,0.3073099617839625,5.518367626803622,22.650027512053125,bonafide,data/Bonafide/12562.png
0.7108020746838929,3.342684168511058,1126.911080599278,4353.313304137308,0.1066775476961271,0.8212271317543043,0.0588171062870332,0.9938137587968232,0.035842385903267,0.2813316419555953,4.983797412426741,26.83234540880648,bonafide,data/Bonafide/12569.png
0.5163658903862642,2.914176412316265,459.3697691989987,1735.9100959522946,0.1136517931997801,0.8281337027510816,0.0596573831480206,0.9887519297032265,0.0418769853783958,0.3124602575307754,6.590093370633507,35.49564483092553,bonafide,data/Bonafide/12605.png
0.5123188292867077,3.256372117398376,5559.316270137226,19978.77587614955,0.0619928378108194,0.864244028643146,0.0167734165443467,0.9942556484302572,0.0137503346204722,0.13582079348613,6.606842990176512,25.26993427303137,bonafide,data/Bonafide/12616.png
0.2376318249827456,1.6391263743242177,1861.238478246514,9241.70162717914,0.0737880074298686,0.8120110414938698,0.0422819460256225,0.9937285534023472,0.0182725052058658,0.1964662137408512,9.585846258536645,46.524936991011366,bonafide,data/Bonafide/12702.png
0.3073154836463779,1.911246167176733,601.2776146735819,2229.6735534133068,0.0944306196124634,0.7968268938207757,0.019295595357285,0.9953919328397308,0.0114683253070307,0.1289881699437018,6.617174410452112,28.04852417663702,bonafide,data/Bonafide/12705.png
0.2932277633723411,2.003202710656388,461.1831463075928,2138.700890432961,0.091599061372397,0.8006306212815697,0.0345263996278072,0.9928666433447402,0.0182822440388563,0.1978848207254986,4.0041538202192335,18.52547165325585,bonafide,data/Bonafide/12714.png
1.117472146381691,4.727887330270694,1088.4593315680286,4397.398747163896,0.2185919388097276,0.8699667129334103,0.1269409017588622,0.9924949960884548,0.1819350655317207,0.603650394034997,7.096037817655868,29.702301536904216,bonafide,data/Bonafide/12735.png
0.2271786106851886,1.279799832268218,406.4141447360208,2630.039726296929,0.1576559518766837,0.8068350622373947,0.0741469790043188,0.9966782698237776,0.0897971127018234,0.5789597051109684,5.659803509585867,22.059463223763093,bonafide,data/Bonafide/12770.png
0.5572354892319523,4.440268208727518,590.329654847429,2122.773773308456,0.0986062806501695,0.9155239377853842,0.0482234230885383,0.995537515866404,0.0241964127732735,0.2322386849897016,4.799443583123704,16.427441822168717,bonafide,data/Bonafide/12818.png
0.2807963836079297,1.6304030679388966,979.6074575442924,5145.378581132643,0.0865848692757891,0.8235527542082034,0.0260034492311414,0.9913850087932046,0.0183419873055627,0.1377070134727172,6.921096072572743,30.09315576367728,bonafide,data/Bonafide/12871.png
0.3063120646231173,1.6266795450021754,1118.373439297628,4421.666413305481,0.1089622350765412,0.8550509409818887,0.0358882682488689,0.9903400660071549,0.0346253109485405,0.2263743238842048,3.2330813395335416,14.460137510892958,bonafide,data/Bonafide/12872.png
0.3002662635329267,1.80863219055664,892.798099232412,4208.508869507871,0.1144488514140547,0.8656466943309165,0.07832376645022,0.9923751022272056,0.0415915276595859,0.2399303656707456,3.999483411063771,15.63261055839748,bonafide,data/Bonafide/12880.png
0.4592608066575401,2.256428585003139,850.5798138532934,4027.210198475797,0.0982651868857357,0.8200780432069589,0.0298435616225416,0.9924992046341128,0.0123600460206924,0.1179089958880646,4.029265615067703,25.94880023764091,bonafide,data/Bonafide/12934.png
0.8055378238471544,3.5213869548239325,397.6668199117299,1507.4881310186286,0.1289416877700694,0.806721173756398,0.0423999854361693,0.9961715354276028,0.0315296994570919,0.2361889768737296,3.158952154483951,12.275697368197344,bonafide,data/Bonafide/12979.png
0.2402151274592288,1.1889879760517952,659.3983543185745,2661.777999583177,0.0892152473635887,0.7910621947791703,0.0249902323590747,0.994151294968406,0.0295256293059533,0.1917795589509726,11.650225395158929,73.68910709657175,bonafide,data/Bonafide/12994.png
0.2562527327779708,1.5391701773268018,432.1567580748505,2714.20446718365,0.0620447242817835,0.7611857649515087,0.0545531826884685,0.995359262494188,0.0345708141063814,0.2354540728472499,7.393068725126622,34.48874082047398,bonafide,data/Bonafide/12998.png
0.2336426312012021,1.6426130654133733,706.0156597201272,3231.7236303905247,0.0820358745167538,0.8166253158367441,0.0350396907280802,0.989830603144786,0.0233501213488893,0.1919500571481868,3.4461852439261733,18.497789701555657,bonafide,data/Bonafide/13013.png
0.4497955045720904,2.5570339861878124,1508.953821325476,7268.79149378541,0.0929443380731524,0.827835990227242,0.0893173711107527,0.9924263287005924,0.0658781809519427,0.4131633765937236,3.3214428535897604,21.99149041832752,bonafide,data/Bonafide/13037.png
0.197048109794246,0.8728043022272719,747.5521422555591,3453.137282272673,0.086120206288849,0.8107832785503155,0.0867737443703779,0.9961256187388434,0.0907848485100899,0.4321435835074383,12.585768220048656,51.55544987911995,bonafide,data/Bonafide/13045.png
0.1897640801597811,0.9616162450642548,1023.5773611870734,5770.028620044148,0.0854738951449634,0.877606896355713,0.0292444806241689,0.9961530758921496,0.0201951957650573,0.1508406681997308,8.487967635833696,41.0597632970776,bonafide,data/Bonafide/13046.png
0.2039072967453683,1.2961807017248173,1248.259124829097,4710.692841597692,0.0766706849544378,0.8090224980883828,0.0444727925042752,0.9945825109056424,0.0300147838590385,0.213269353026011,4.125008986644351,19.32327886221186,bonafide,data/Bonafide/13079.png
0.2267447423153885,1.552564334039105,1837.7271133829715,7310.519955418445,0.0820009652205856,0.8818880918766809,0.0470735639742057,0.9867535814184611,0.0427263453082444,0.2468630154215295,3.958348800930605,19.749366708415007,bonafide,data/Bonafide/13121.png
0.1351792270297767,0.9105921392388,458.5870679433918,2080.894733812125,0.0800987353255782,0.7592873291103932,0.0508128367581809,0.995230560682753,0.0218539717430595,0.1622582899005522,4.677333902684354,22.370100048916413,bonafide,data/Bonafide/13124.png
0.8784220140518318,4.796858027211652,2343.7721333333416,13145.52662191425,0.1047170192225194,0.8469908750497106,0.0251642714850273,0.992511870749114,0.0287168879073331,0.1976954901767299,6.781259553888168,27.109517213561077,bonafide,data/Bonafide/13152.png
0.3815875573130715,2.35187181957195,759.9790076188029,3774.8089040558057,0.1705695178204659,0.8125125549524115,0.0492896896679739,0.9950483034822812,0.0515569202401594,0.2470251385846751,5.638518728880155,23.72470079087043,bonafide,data/Bonafide/13157.png
0.4748553582604305,2.5601522721807557,764.5737214040064,3516.0972434873893,0.0826796086869853,0.7937264880412098,0.0952127990053827,0.9921116844797478,0.1226513720278422,0.6136364028978939,4.500359742110098,17.203766735270474,bonafide,data/Bonafide/13247.png
0.3690670734703857,1.7899487892487116,742.2815743884757,2641.2896566067902,0.1617708008943849,0.8055145892900116,0.1033942040698505,0.992437455560797,0.0676864713429735,0.3158206115554193,4.334848824921036,16.822393741073306,bonafide,data/Bonafide/13257.png
1.4881525086125875,8.348796290371507,807.0127858033796,4394.184093135978,0.0918321310687674,0.8671297086147977,0.066517680383748,0.9915978793066804,0.0244729390649649,0.1693828105337743,12.998457904358522,63.17455422029414,bonafide,data/Bonafide/13328.png
1.0939667513899003,4.23584285230408,1120.7204568445134,5931.957294666872,0.2133459612561473,0.8143113555786077,0.109507276153717,0.994167932249614,0.0853751574527544,0.3483643933124051,7.270899358837436,38.40827310639656,bonafide,data/Bonafide/13344.png
0.642805792345787,3.3276979754901213,700.9072022789569,4071.106014745737,0.0928090454930868,0.7942022409538024,0.0748429878293859,0.9941272651897998,0.032501815268232,0.2336436236767377,5.846876108256272,31.905194773677305,bonafide,data/Bonafide/13345.png
0.3368350438479007,1.912864518135096,312.35256331246336,1457.2581817742005,0.1593664764586126,0.8098191939381387,0.1091055370396329,0.9928787306173116,0.0882882288988124,0.4044187733645454,6.621872852394303,35.655874448745124,bonafide,data/Bonafide/13355.png
1.3222508229458525,8.300495750793052,2751.469706177705,10054.402897784945,0.1057738046781003,0.8655875457993103,0.0371257232503328,0.9926866194297056,0.0240504668073227,0.1820235626514615,2.60680272723958,12.33199750356736,bonafide,data/Bonafide/13357.png
0.3824669798684833,2.164827289294832,727.8118153955232,2999.0165004646324,0.0964970017891853,0.8747489987952658,0.0577968833365359,0.9884117679793932,0.0234077928238845,0.1775582377202082,4.870463951886109,24.73694841704281,bonafide,data/Bonafide/13363.png
0.2071790840711762,1.105215288638007,469.9843027205319,2966.0024857435583,0.0756404122871608,0.801451284520431,0.0232511760433169,0.9931645729730064,0.0188779670512955,0.1892508935582096,1.7424316727952311,11.685278503374994,bonafide,data/Bonafide/13382.png
0.9317266655248104,5.475420742460794,349.1006303050618,1404.9761591764502,0.0823052398797031,0.8026379337754608,0.0406870981751535,0.9917264648369144,0.0216519379884673,0.1935987868163614,3.893165435638576,22.74693189816408,bonafide,data/Bonafide/13386.png
0.589655884888732,2.8945193689683464,630.7281795855247,2693.721991385429,0.0693271672480234,0.7335288699466151,0.0561545791994105,0.9906136710044025,0.0184476164466277,0.1598038526259376,7.604464373535041,38.788665963985935,bonafide,data/Bonafide/13388.png
0.9158998591719272,4.09844090874162,1138.822687765137,4804.201257559118,0.1308899228623351,0.8738557480200618,0.0233600853374281,0.9972939321559708,0.0170438463110578,0.1466405481934563,5.801807140934017,32.89024663863848,bonafide,data/Bonafide/13396.png
0.2355393156796427,1.8338679396472075,1430.2045119749257,9215.35414739679,0.0799144733566365,0.8521428050894921,0.0602952671661094,0.9858696346652532,0.0507597244308694,0.3027253535007137,2.953202753988938,13.654604908738904,bonafide,data/Bonafide/13410.png
0.5599051721355306,3.186519879691481,862.8523650973679,4052.197172375827,0.0753542173559584,0.8641188604088993,0.0276759715016864,0.9957897134647992,0.0151419564050868,0.1469939589641254,4.465601303970472,16.867480083660432,bonafide,data/Bonafide/13414.png
0.4188327759576114,2.580414552472452,381.0393187373756,2040.127880966744,0.1111568071430981,0.8037640299748976,0.0743113529421184,0.9948605716216664,0.0705906538805257,0.3774791770260512,4.076842292083126,21.261140229937965,bonafide,data/Bonafide/13461.png
0.2203594250513471,1.2143947703656046,204.40575769375332,810.2751871317319,0.0555532253359888,0.7946029644421034,0.0195998127555419,0.995117849633536,0.008792486799322,0.1149827699570948,4.004016998350079,15.713005852973216,bonafide,data/Bonafide/13478.png
0.231719520912013,1.0438495254688682,1023.7501508146388,4515.053512226051,0.1742878620437691,0.7681551295113446,0.1822599021667257,0.995415273796663,0.0570011284820588,0.3835929320631858,10.355710507253166,49.86004909939395,bonafide,data/Bonafide/13497.png
0.2442827633791641,1.302667262883133,1060.511733437541,4174.423576956348,0.1211176391397366,0.8697413023020467,0.0683475370213614,0.9871098324431326,0.0576747697624661,0.3085650017735262,10.826005550758817,44.66930796455022,bonafide,data/Bonafide/13502.png
0.2583948077348331,1.7010052731630816,849.9012478731341,4952.402432521778,0.0696435658590354,0.8246425061092606,0.0271036426583343,0.994930488714128,0.0129032299208483,0.1444908823077941,2.840898508723672,15.922863888845436,bonafide,data/Bonafide/13530.png
0.3297022515625585,1.8680901416203917,739.7072435682595,3666.5887647415143,0.1105680805600016,0.7749890615322333,0.0674403145071748,0.9908628141807224,0.0317506807119102,0.1902081433728114,2.382490000771628,11.0382482020137,bonafide,data/Bonafide/13537.png
0.6933305287725002,2.575401611698987,583.2010920949459,2023.15158897047,0.2107288693807213,0.7540292498467649,0.1361412858150444,0.993289651840348,0.1187230366923034,0.4493072367767989,4.952603627318643,18.220964051041705,bonafide,data/Bonafide/13562.png
0.4133301292469676,2.3495298157460263,626.2718809571844,2565.9850604296807,0.1437749538145714,0.8524517254818439,0.0984376817339061,0.9929706597577616,0.0549017627005256,0.3308104018674484,1.9852867253247777,13.799504881324523,bonafide,data/Bonafide/13568.png
0.2283276995185088,0.9741814903100796,1115.0353638645065,4609.559762094017,0.1656633245658864,0.7858298459680753,0.1226175265525448,0.9940978238451348,0.0826867897484091,0.5069739319913129,6.245706863608675,26.398704973103676,bonafide,data/Bonafide/13582.png
0.6143802052007589,3.2772133199841216,1117.6920342585215,5110.536806201616,0.0868608244503875,0.7997546550399559,0.0284586661641735,0.995288068155754,0.0213445599492944,0.1724077308988959,6.102233179402824,27.38457348687241,bonafide,data/Bonafide/13583.png
0.4656679672198466,2.925004890679945,677.9313420097042,2757.4192902180257,0.1008752557904927,0.932879851649715,0.0271559472082079,0.9924726805491036,0.0184456195820944,0.1829803583222416,6.499775540075763,25.17100199777073,bonafide,data/Bonafide/13597.png
0.3461242452008239,2.49635240391164,855.3686958284675,3850.707876061096,0.0851635120299771,0.8253331696575965,0.0183882876704943,0.9954391387608312,0.0150489685721072,0.1531741032776344,4.8066196571511055,22.19295116095464,bonafide,data/Bonafide/13610.png
0.2538761852542286,1.473686171475,442.7817279343475,1909.9597965717385,0.0870408191651455,0.8487235995474031,0.0291991366180103,0.99117285081993,0.026331493016249,0.2576748505416164,2.9865682051190023,12.72795610235601,bonafide,data/Bonafide/13620.png
0.2425421591584223,1.368756505678713,1960.0517862861795,7536.277065981911,0.0980117709750306,0.7947413087260687,0.0481496128689227,0.9937415569541066,0.0416680418659864,0.3350375997805958,5.709770263159045,23.55954194252006,bonafide,data/Bonafide/13638.png
0.2892056110714709,1.7164256579045547,369.4053747720183,1276.654592036078,0.1163794954528412,0.8623022596933675,0.0855823992191649,0.9930935928354016,0.0676221706264661,0.35315970396792,5.681122245790856,26.21478238224355,bonafide,data/Bonafide/13640.png
0.1641655922049837,1.0528228210266195,397.0938331331096,1375.0854167055936,0.0917578728492542,0.8596366421805289,0.0659810265361394,0.9957809685594112,0.0485814179796068,0.3380447343007803,4.51526374416406,19.788420377991724,bonafide,data/Bonafide/13695.png
0.8693059687121871,4.298248044137534,540.4846315850032,2115.108046437383,0.1104377490237632,0.8445172624868531,0.0382048275484413,0.9947595678801948,0.0274949045742718,0.237108638822411,4.87766898887208,22.095456160665115,bonafide,data/Bonafide/13715.png
0.6812428713140127,3.907001831959679,1017.936967109802,5080.646490232035,0.0773299374821655,0.86589996542933,0.054783755065553,0.9950591198833608,0.0205976103949342,0.186505935176761,6.284636390602231,33.79681192709416,bonafide,data/Bonafide/13719.png
0.8419377866143618,4.686757532743522,712.8071589422864,3069.085304616631,0.0856653468954005,0.8257383664626436,0.0426002921006514,0.9887140950769464,0.0217261857223951,0.1734826679346051,4.871613349645043,28.687576989619096,bonafide,data/Bonafide/13753.png
0.1787193830026667,1.1473582001797635,454.66609701665874,2446.3126169587163,0.0786992603627986,0.8478827672922568,0.0403643526809602,0.994703176791636,0.0253782942679659,0.1984957068691228,12.19898761883437,43.39503275063576,bonafide,data/Bonafide/13777.png
0.5214547846268942,3.719338907413919,976.1828220938152,5176.802025643077,0.090995576985938,0.8516800596361606,0.0501285925775851,0.9884284783231264,0.0369776728522205,0.267174947796662,3.670399296875898,16.697435367902564,bonafide,data/Bonafide/13836.png
1.4574681747721598,7.858725411134603,1553.5728112703125,8867.150360259984,0.1321725457945684,0.8536556539110821,0.0522943849152035,0.996554362195135,0.0435312856135545,0.2807998478813722,14.6667913978343,66.74861828749886,bonafide,data/Bonafide/13871.png
0.540558097991299,2.536442772774497,1233.9419771368457,5494.0957482404565,0.1206754583267082,0.8953136082940767,0.0330369421917327,0.9956105937365534,0.0256681438708686,0.1924735458083914,7.118419562638271,29.47382801676701,bonafide,data/Bonafide/13890.png
0.2634183187054538,1.5499460263910223,917.1559860576184,4195.439615603897,0.082075196152504,0.8112442368931212,0.0512353955465785,0.9870540791824768,0.025215015730528,0.1795812159064682,2.2675938122533634,11.919519112764505,bonafide,data/Bonafide/13925.png
0.8499943179576512,3.92355374663952,903.8156337377228,3529.946698970402,0.1102508335610952,0.8813584037850533,0.0458424550590683,0.9930171384063938,0.0203555248402082,0.1632394568517042,3.793782812522811,17.70765987105529,bonafide,data/Bonafide/13993.png
0.3605067512901628,2.219101254361877,971.541234239692,5078.016486887498,0.1266187542034023,0.8864548757113865,0.0256219088011805,0.9966172215407996,0.0161537120471701,0.1556333709771255,4.931614024233061,19.411202169260747,bonafide,data/Bonafide/13999.png
0.2559233322880462,1.5040138052882217,711.1998439187838,3849.195990544893,0.0755975935138227,0.7982080244595402,0.032213214455929,0.9929347785976678,0.0202469076272648,0.199390092846759,5.735344939480214,23.52902845574894,bonafide,data/Bonafide/14019.png
0.4976250763365413,2.5244827644724497,1981.764361722961,8900.522208468634,0.1448570311180955,0.8508872935623963,0.0667605252937322,0.9921770202702848,0.0342273541333526,0.2323081234516417,3.292372833857787,15.296514936462543,bonafide,data/Bonafide/14036.png
0.4629972496829907,2.286361499070418,813.8693046377895,4133.403752933516,0.2049352593519604,0.8640932504988842,0.1287510786004369,0.9912751871285972,0.1753865205356157,0.7426196516600226,3.8402536571181214,19.84045470268365,bonafide,data/Bonafide/14055.png
0.608536678286101,3.1940327121892467,872.2035796886466,3484.7409801146714,0.0728184244412205,0.8665112605634198,0.0224512725937722,0.9968687679010904,0.0189043054574671,0.1481237961570744,5.301757537163027,20.38851442512856,bonafide,data/Bonafide/14062.png
0.3012408652880214,1.5056847855460431,1344.282081074065,6306.314722338064,0.1010229203663339,0.8498028001834387,0.0463536857512642,0.9931602213906622,0.023294197986517,0.1637756742788944,7.183603327291239,41.49649156593229,bonafide,data/Bonafide/14066.png
1.5858989685559923,8.742884484720143,2158.197911557864,9662.638004851036,0.1233950973242566,0.8386128745451094,0.0744844644444795,0.9931059906057258,0.037374536140739,0.2940190387662031,11.825240298103065,81.66523977948941,bonafide,data/Bonafide/14067.png
0.2705037592618831,1.388860898072033,462.40500672186846,1551.7094513027514,0.1454028493420688,0.7591516774325886,0.1579984240996417,0.9948375831082216,0.0789538297824504,0.5162528746177928,7.037742074478204,29.81033447279681,bonafide,data/Bonafide/14083.png
0.2596447937725234,1.7546345293117542,689.7248315221404,3261.999505042276,0.0740696645354367,0.8834930631513657,0.0357337438333074,0.9940568227249484,0.0175109596749952,0.1615241140698921,5.785902560152881,30.055114300250523,bonafide,data/Bonafide/14088.png
2.022667712703869,10.098312620310878,1173.763326343444,6217.562811431184,0.1207784559768766,0.8561248613637735,0.0287337013190722,0.9935017514870788,0.0242506630439845,0.1767861735770231,4.645604853595326,25.161729493886405,bonafide,data/Bonafide/14164.png
0.175585751376677,1.1173858141378898,642.9768453952744,2977.918966812341,0.0706489255273547,0.7779211582304763,0.0670451370744617,0.9967950425150482,0.0484733680967223,0.2717530993288883,5.81412973817345,23.148087081741654,bonafide,data/Bonafide/14201.png
1.0017149099706817,4.622760304601436,1016.0405854825844,4751.244534836777,0.1663184798152873,0.83997615058302,0.0743691272878498,0.994655535574614,0.0649564078144364,0.3851980440024781,4.61385417994289,21.51050045093902,bonafide,data/Bonafide/14215.png
0.419384095187656,2.311478832237204,1627.4182908172015,6893.39358047974,0.0706256429814507,0.8271221536931147,0.0410479444717582,0.9924555941095682,0.023924612794397,0.2059948595217747,8.046803844633732,42.80295027944502,bonafide,data/Bonafide/14220.png
0.2073203793702553,1.537564983693304,453.5228252927892,1987.8591536721035,0.0792361973074334,0.856466396832404,0.0259500427766752,0.9912502145610576,0.0188324554681743,0.1639548010620369,4.096392004702328,22.921002103545028,bonafide,data/Bonafide/14224.png
0.4514190907855345,2.960056004119608,1641.880004960561,8627.69740312815,0.1241768554043353,0.9394944333684698,0.0856565003497254,0.994195397419302,0.0705350407080989,0.4130137290843846,6.647782089032366,37.179811694981225,bonafide,data/Bonafide/14261.png
0.4811238208114088,3.507584921040822,962.664366115763,4338.591021248431,0.1088255209542982,0.9366979817125028,0.0644463865933557,0.9935238508556684,0.0602640871475764,0.2836215244525401,7.620230738249284,23.254558987814427,bonafide,data/Bonafide/14285.png
0.6578479021413861,3.329132123900378,1137.9850753954847,4441.957674167892,0.1763860601273248,0.8980982717709534,0.0963202349841721,0.9940151096612708,0.0798017474166928,0.3675035822305585,5.151304268961156,19.366025506950084,bonafide,data/Bonafide/14392.png
0.5716117246159688,3.145995319108087,1694.7563429873856,7645.427157818964,0.0898212064257497,0.8481873583949469,0.0312243391498949,0.9935080499810156,0.0281878819766683,0.2178197366635293,4.413854921807554,20.01963497637417,bonafide,data/Bonafide/14394.png
0.1627028847072331,1.0258371477290418,826.1026351357336,4396.751246873928,0.1134985934055234,0.7889073108405092,0.0740457697926367,0.9832129573109344,0.0421684659394851,0.3346837061899403,4.175877815664619,16.97524346824335,bonafide,data/Bonafide/14397.png
0.2635113103727519,1.609167145607209,636.9780856761259,2529.215807861722,0.0967776003199099,0.8326486815361875,0.0563816143593802,0.9802779957690498,0.0221457550026115,0.1893364707344895,11.509391575408348,53.33306421911124,bonafide,data/Bonafide/14407.png
0.2745163200177007,1.3809928178029194,947.57397189223,4247.363574967858,0.1102684901680521,0.7924095591398174,0.0839610460795055,0.9927527919494092,0.0596413605859964,0.3754387984454023,5.886244171066637,23.971511536804627,bonafide,data/Bonafide/14413.png
0.3981156889074008,1.8103821147636496,1063.6398607262256,5162.362159771597,0.154693724580086,0.8412196678993337,0.0294050610462019,0.9917662195981038,0.0383156314450944,0.2136801351481284,4.936077182031114,17.26073860654025,bonafide,data/Bonafide/14416.png
0.5897513556543532,2.136052219815649,605.518422405705,2253.5380603222548,0.1619399938148722,0.8235105551726293,0.1335849430297032,0.9900017340187248,0.123860331066272,0.522055327497208,4.8456146188847535,19.367258742975828,bonafide,data/Bonafide/14419.png
0.1870577855492178,1.3856110388304426,308.27074470521245,1426.1886419894172,0.0793790929268962,0.7253046071660423,0.0476638573512615,0.9841537594288556,0.0251321432576661,0.1858452292440339,2.7567330423185656,11.139382506753112,bonafide,data/Bonafide/14439.png
0.244501819909026,1.3607700094858168,976.5311339619724,4405.293344417083,0.097748553270574,0.8119904500108927,0.0416253309608834,0.992165528444476,0.029144795733066,0.2188337181978302,5.338585465866285,27.68078479501635,bonafide,data/Bonafide/14511.png
0.6869012489414457,3.0996025916350205,511.4854815526739,2202.1321471288743,0.1436658224271993,0.8872556424374841,0.0410185427973252,0.993700772850469,0.0476284402704599,0.214410971726142,4.297983174686045,15.179212858001474,bonafide,data/Bonafide/14512.png
0.2978722310859809,2.341095970507729,245.02193751570587,1146.681128300959,0.0749532930333205,0.8285927230076993,0.0316278325304097,0.9895758071873372,0.0140336746797265,0.1521425908663985,3.795263743046484,21.33537852673573,bonafide,data/Bonafide/14515.png
0.0942505315613736,0.6947593821576348,901.1516041864516,4636.898225997188,0.0983531638475412,0.7694267795953609,0.0552602910499297,0.9874732292722372,0.028342485608934,0.1773674380498182,2.391184374014415,14.47289127243969,bonafide,data/Bonafide/14540.png
0.2450728577304909,1.4620550962945715,308.86902264600417,1178.4353893196558,0.0986405456914962,0.7935586917988802,0.0429362847405796,0.9904293387303172,0.0212114011445783,0.1577881612954979,5.110360017660908,22.043669488203907,bonafide,data/Bonafide/14555.png
0.574526185586334,2.385186166129467,814.5213298080787,3735.063887372439,0.1409120745464167,0.8783698244830461,0.0289596878163844,0.9897013062657136,0.0237337601602261,0.1806556805717576,5.957102609219531,32.114037555057,bonafide,data/Bonafide/14593.png
0.6065695004264903,3.082616485234644,920.0014544818108,4992.976134612716,0.1338831812060683,0.8338864556260254,0.0449040214505796,0.9916924143355336,0.027148945685638,0.185123130831521,3.7726115559850455,18.99073882915499,bonafide,data/Bonafide/14619.png
0.3764505652701956,2.0468587145575894,969.0430702337104,5123.017078387563,0.079785491667992,0.7760597550403165,0.0262579403818147,0.9923385387823966,0.0229830491940238,0.1718218261943354,5.444367809446607,34.66912719059064,bonafide,data/Bonafide/14663.png
0.3308521322187204,2.1750373733898685,602.7523682082708,2962.273902641089,0.0750831396655497,0.7518538782445566,0.0428715310216351,0.9906785537998548,0.041377503298941,0.265811747165971,3.648469041904303,13.252265513258372,bonafide,data/Bonafide/14678.png
0.5420684728673646,3.573739950460725,540.3671780420733,2240.486299780173,0.1073531230286988,0.8423470709622677,0.0711294419673645,0.9933360209390878,0.031915788428402,0.2405576229705676,4.676001568978994,25.071443059051067,bonafide,data/Bonafide/14686.png
0.3352505132811146,2.041411582063588,627.4519130705714,3028.5382494879705,0.0987112962656978,0.8357655866149153,0.0463202661832897,0.9946500778256748,0.0246232771498045,0.1800273138414735,4.395043096374493,20.77663405178648,bonafide,data/Bonafide/14701.png
0.7620574770243924,4.191581611459101,958.860273345812,4629.924524599748,0.0727974091291294,0.8572964976836684,0.0333683240378983,0.9944773050412724,0.0320397621382739,0.2108064974778807,3.4336985778600013,13.386870329510456,bonafide,data/Bonafide/14708.png
0.3611398249012885,2.083896584051827,1857.7123897700176,6708.071395664508,0.0880118436274178,0.8411671567716511,0.0393531164033449,0.9845751892747604,0.0300460179851413,0.2088949144897353,4.580119202049905,20.882739819222877,bonafide,data/Bonafide/14713.png
0.6365809289241209,3.912935785473676,585.5612401892462,2247.274186741559,0.1359339916582278,0.8282862116594382,0.0679336411845643,0.9884956722189344,0.0442547487282276,0.2277309955471823,2.8050977772795345,14.41440510071291,bonafide,data/Bonafide/14723.png
0.7621228155109078,3.2280970262640536,683.5299980137503,3357.6611482869976,0.1466992128164117,0.7959713862306325,0.0803101931440695,0.9900372023188684,0.0555909631592296,0.3094189323034432,3.44415616168982,13.536491686788578,bonafide,data/Bonafide/14735.png
0.946173314138582,4.428426616349253,1725.001109479858,6096.198318726809,0.1128942627117815,0.8946470008835928,0.0723580369647197,0.9955659274775044,0.0495185224384897,0.3515151876642535,3.4651094166277545,18.36837873952496,bonafide,data/Bonafide/14742.png
0.4351218355422128,2.5066677466055944,1000.7959534102764,5034.38780542398,0.1136755033683122,0.7848866887868231,0.0424385737926545,0.9941981732777112,0.0298567172132609,0.1990601901200766,3.430622479930598,17.45216498929944,bonafide,data/Bonafide/14764.png
0.3592525086375878,1.806921738324224,1645.907628977645,8920.961096428964,0.0772724785720623,0.8697410922812533,0.045014145576908,0.9978321623841688,0.0362480000661159,0.2123247722274011,6.442778296278068,31.624008266526733,bonafide,data/Bonafide/14784.png
0.7051019073954229,2.9449908671494827,578.5045145424715,2569.9895074481474,0.1538063778890533,0.7813456812818715,0.0973391804458874,0.995232858883978,0.0946592486967058,0.5143428855841328,3.511263212997213,16.19128436593724,bonafide,data/Bonafide/14812.png
0.6739930782545395,2.662003123958693,171.34945386536566,877.0415376437618,0.1546830442477256,0.8857874963510861,0.0433052660534566,0.9958922185350652,0.0452296985193473,0.2516866518529232,9.454031811031491,50.41191867820234,bonafide,data/Bonafide/14822.png
0.3740843915897844,1.6105881366926007,709.3275865479535,3551.952456882655,0.166115656539088,0.8434356308283565,0.0549538653837216,0.9949517843676492,0.0568230920577395,0.2586211522562646,5.676308124890762,19.027509486166363,bonafide,data/Bonafide/14862.png
0.1711136895528766,1.2230522901266023,341.4222142524154,1486.11515606007,0.0994809167377138,0.8381478408266599,0.0288882701961821,0.9942014961881824,0.0277637612110829,0.1755645742408232,10.890054617856633,49.93182057796456,bonafide,data/Bonafide/14885.png
0.9811385548128791,4.85572389865649,2248.824265656876,8134.0358287601375,0.1557821059288289,0.9091085326354854,0.0692534582467718,0.9810387413631888,0.0404161087947894,0.2706330761268912,6.5670016799678335,28.230004859972503,bonafide,data/Bonafide/14899.png
0.4137594000244345,2.3741076985933574,434.219878810448,2374.18563742443,0.0628553784560427,0.7758489958000999,0.0426496764422977,0.9932859477224504,0.0132637684973025,0.1354663207861981,3.831476016308696,16.68648146427984,bonafide,data/Bonafide/14909.png
0.2068796840071725,0.9981672935384972,594.7014474888942,2851.4082842165744,0.1811681597455992,0.8348369757650368,0.117235526312435,0.9952197182618546,0.1007918098689454,0.4201909517388119,4.580820750541671,18.97503537187229,bonafide,data/Bonafide/14921.png
0.3617188164797489,2.576941018708161,1107.026018384489,4770.831081121315,0.1040295228451758,0.8593858060139498,0.0645382916167236,0.9933674684629428,0.0458232318351909,0.2731802373882292,3.901987262164532,18.89813973502508,bonafide,data/Bonafide/14930.png
0.2092206866568284,1.5494592053710272,606.4384351090608,2373.829392986299,0.0516469196712186,0.7571731048255177,0.0398376149444542,0.9939885813191948,0.0332665812228722,0.2320789613353071,6.507188848486245,35.30532767551553,bonafide,data/Bonafide/14977.png
0.3131479802931167,1.7498057910863951,1070.062860364068,4763.356267666951,0.1871774816440995,0.7359466581768013,0.1666096387696271,0.9820797333553224,0.2173149193141088,0.7439321415562498,5.463611248678541,34.38053951402858,bonafide,data/Bonafide/15038.png
0.2610972675007362,1.829683910340221,1859.7470076923291,10639.879517389036,0.0743939431266709,0.7617858581222982,0.0715779903144663,0.9834881610075306,0.0402037714027958,0.2755498623196711,3.0281013818250626,15.32096869983364,bonafide,data/Bonafide/15084.png
2.001697360382648,10.319013587591996,713.6318157927362,3178.405252452084,0.1102837866721311,0.8747797579795553,0.0442064916899025,0.9901462941925544,0.0248184797756504,0.178655260096807,7.697572566372851,45.47867318405208,bonafide,data/Bonafide/15121.png
0.2800651450531146,1.623087595314102,889.9468984716267,4398.343146653414,0.1134144206098517,0.7704795577494576,0.0748855451720733,0.9963562755855576,0.0749903043011105,0.4149288346868792,11.629297831007715,40.61610838836384,bonafide,data/Bonafide/15132.png
0.2498881811262887,1.2987463800734411,1488.7002046020789,6611.491320527553,0.11451510106045,0.858444755557928,0.0341072033500582,0.99224018135173,0.0262573005977594,0.1788214125337152,7.683041471560911,31.052664625333165,bonafide,data/Bonafide/15139.png
0.2235683924005269,1.365927680832794,526.4169933962179,2446.9398625198182,0.0811256321153872,0.7344000745562271,0.0265480125299735,0.9955310815989448,0.0199405299507037,0.1853619929307611,8.00335808435522,32.18485751311674,bonafide,data/Bonafide/15140.png
0.4342088659924987,2.617649781839661,521.506610194511,2261.2902252506456,0.0832246722561218,0.912659035399316,0.019770872822962,0.994509077978892,0.0204480977553178,0.1567596902293197,3.492236887724858,17.023329294056893,bonafide,data/Bonafide/15156.png
0.1463977267720991,0.985773093515914,321.9004451978297,1366.3939522748638,0.0861213486069633,0.8496826446899908,0.0213420939257518,0.9960716335128597,0.0121719223291624,0.1197514732311639,2.909664455973016,16.534076032222945,bonafide,data/Bonafide/15170.png
0.9741081347549088,4.94547001155887,3083.4370091378264,14374.342071508689,0.109712795660035,0.8455177066100533,0.044301251089169,0.9922305206826292,0.0222940238858974,0.1563331770868662,2.413032484489289,10.225902007115131,bonafide,data/Bonafide/15174.png
0.2666550019527263,1.6794404177097757,625.377425420848,4059.6820209904654,0.1065237714880911,0.8567459615815879,0.041496859343819,0.9908741527094744,0.0247716950164259,0.1972107640115854,4.3055535410670505,27.366621646481555,bonafide,data/Bonafide/15219.png
0.2946264556158887,2.3393723609504486,574.7285114050153,2737.1001445566226,0.0645042688885801,0.8065231169622069,0.039063285059353,0.9916040356544868,0.0175688416498679,0.14234740547938,3.077324886425499,15.06617464407272,bonafide,data/Bonafide/15237.png
1.0893112319565663,4.269880851729158,658.4749960070035,2612.927251986959,0.1424805124093826,0.8811347953050064,0.0488376327511743,0.9877470266026936,0.0548475700863426,0.234294398929956,13.031392224033462,65.35675523113746,bonafide,data/Bonafide/15238.png
0.2318289713840402,1.427096084128962,378.1960009322822,1816.8905143564384,0.0989381794929241,0.8391771379429936,0.040689188690882,0.993649398461781,0.0242231268021836,0.2202198915971101,7.396720100672712,26.961803645378648,bonafide,data/Bonafide/15240.png
0.3152719528845437,1.9939925832510716,439.76986221729993,2170.1268341782243,0.1149262060649637,0.8138394126399335,0.0338647918027573,0.9889645523690028,0.0250071935542105,0.1832362013725745,3.78818629122994,15.138743729409155,bonafide,data/Bonafide/15243.png
1.271748100536916,8.17347493654887,1567.3567072464105,8530.370172369741,0.1416179068194134,0.9053228348938543,0.0385050140505258,0.9948332145314972,0.031513390107288,0.2065197364630165,3.4685760402581263,14.163823418590455,bonafide,data/Bonafide/15255.png
0.1617386293131991,1.2877336991616553,1064.4503715121348,4864.241059835618,0.061149007852592,0.8115819466151851,0.017786015285934,0.9956626870129938,0.0131587377720221,0.147513162630375,7.927559427391819,35.107316099599096,bonafide,data/Bonafide/15286.png
0.392833733725645,2.300900343045954,1578.8329747902992,6095.16336725546,0.0939260542394122,0.847000502386144,0.0369693279507523,0.9939734820768928,0.0402921194647378,0.2881534959361767,9.361873298136963,47.54191393987133,bonafide,data/Bonafide/15305.png
0.6023210833540502,3.3576440468822657,1401.854189157233,6600.890007603961,0.0564560760893477,0.8315093015259518,0.0574716467944606,0.9922881738577592,0.0261866084745286,0.1859496767428903,11.216504071926549,56.585062640306944,bonafide,data/Bonafide/15326.png
0.2461274295047255,1.6977290992717615,700.4403801507009,3734.194069276101,0.0834646141458004,0.8027546946280767,0.0280531347360413,0.994416602901336,0.014977827720723,0.1628683599216459,6.723298027728274,38.54329318492551,bonafide,data/Bonafide/15336.png
0.1949241930768385,1.273681676206115,475.8195367139456,2349.672554571185,0.0885991208849118,0.854310004323881,0.0343802207477137,0.9960231565873524,0.0217019169866254,0.1822694802013902,4.172079733801433,19.871460121786228,bonafide,data/Bonafide/15370.png
0.6304424697899222,3.0613147762786324,2281.8012793083126,9928.56283302508,0.0987042007714408,0.8730454708617447,0.034597008631838,0.9930156317788942,0.0165683394055888,0.1834375366392217,4.813260839147104,25.634412939860766,bonafide,data/Bonafide/15376.png
1.5528284818263838,7.008656966273599,1578.9986597851969,8001.410715086044,0.1663889510685106,0.8706604514979783,0.1334164282526845,0.994479562403722,0.0463751722573944,0.3488857126595738,8.018522509539546,38.1580687742772,bonafide,data/Bonafide/15386.png
0.2655575287364902,1.6957686578669156,295.78700212271065,1451.9064467171086,0.1219614042089479,0.8015680974530309,0.0412623185784805,0.9926635683550388,0.0238275759227057,0.1709582516545048,4.106601512362902,17.329304830821346,bonafide,data/Bonafide/15390.png
0.5222460815967975,2.748696737492453,905.5342223179562,4160.514307251548,0.0867470787218453,0.8038456449285232,0.0369647938777314,0.9932640529126052,0.01545462440485,0.1393431458252392,5.001054373773161,28.684389850050213,bonafide,data/Bonafide/15407.png
0.3208944181027882,1.8756161314430215,642.3431456611542,2864.807866386792,0.1111863357780373,0.7262400325208859,0.0414729585587542,0.990352488633192,0.0276523601810346,0.2182393333114868,6.6406386738978345,34.91696138856703,bonafide,data/Bonafide/15421.png
0.3598305265742894,1.833039028180729,946.4614513396732,3797.82550069572,0.1072205407864535,0.8165313033474855,0.0407764346671966,0.994570441245552,0.0306516312955378,0.2222549195894489,3.720779827891062,18.524890878740635,bonafide,data/Bonafide/15459.png
0.127262868907415,0.966023948893942,324.33397102878934,1443.4409942585978,0.103488112519041,0.8462595092867113,0.0129671017656584,0.9960728154963268,0.0113794964417303,0.1295281671219695,5.660391509330325,27.64822509868091,bonafide,data/Bonafide/15469.png
1.0832609095388308,4.931602191151435,2724.607172999876,11278.478703172274,0.1236776089122495,0.8828756506063977,0.025361356619554,0.9976297882237092,0.0160334240207663,0.1676379978997022,8.448177318039173,41.60197524855479,bonafide,data/Bonafide/15470.png
0.3367624345055229,1.750792590451251,805.8808803359868,3773.950818896593,0.1631611800719054,0.8282071491116305,0.0451909128519467,0.9839678332687196,0.036569778490249,0.2306972545186295,12.781800208701403,48.61777389425744,bonafide,data/Bonafide/15554.png
0.2779411640968023,2.187549989336235,465.88719073326587,1597.9462783020626,0.0578763420900279,0.8444225460206536,0.0426691011528824,0.9916420666613408,0.0121026045378139,0.1399073094064939,4.515768554099515,19.052253541397715,bonafide,data/Bonafide/15581.png
0.323783680161607,1.7262673369033787,352.7071431118995,1843.3377929315516,0.0784084247392511,0.7385157633970556,0.0197782164866742,0.9920035827072098,0.0193545124367909,0.1440678846446404,5.419567933584812,24.232752624398145,bonafide,data/Bonafide/15609.png
1.0042002259867475,6.344369948502698,1134.6599920300066,5753.028656197561,0.1859641266012427,0.837342047763878,0.0945658072183908,0.9907052559200517,0.0669804053519003,0.3613356068435667,5.715844482202539,26.337920404091346,bonafide,data/Bonafide/15636.png
0.366046272601851,1.820065905864097,688.0258229920387,3862.6515188567446,0.1487209499616666,0.7983455091541217,0.1034277251876932,0.9979851732956676,0.0630513664864555,0.3608774669294452,6.817385183714167,27.05524454402573,bonafide,data/Bonafide/15637.png
0.2286774197224229,1.443555897534749,1138.8889327905383,5380.244958245978,0.088694937921184,0.7761226347540844,0.0731625881663757,0.9952487525658592,0.0578851489599579,0.3850802740186054,11.98275013011252,44.89059335110502,bonafide,data/Bonafide/15683.png
0.2565938747794419,1.7173203559953567,373.502277540217,1689.1849986966715,0.0838490339912751,0.819639290439647,0.0434429325700935,0.9963693076580468,0.0138971086493046,0.1366262773954344,7.204057562236672,39.46604644798956,bonafide,data/Bonafide/15699.png
0.334258100283972,2.265836072281427,1408.3795493971331,5552.946664042646,0.1391913063258568,0.8565761997487505,0.0445587524441086,0.9934057337520008,0.0334083963079231,0.1888074180592854,6.433928728441488,30.24867130631854,bonafide,data/Bonafide/15718.png
0.2055785748209324,1.5131976180438087,327.7286227507297,1213.4115629058897,0.0642006579765446,0.7993217279002149,0.0269004687178163,0.9931194822005271,0.0131306473252093,0.1468372195767656,3.5925733154186488,14.728363597198063,bonafide,data/Bonafide/15722.png
0.4819866654584151,2.219969637802949,501.912239682759,2299.5461653636985,0.0867766587028965,0.8332462232888863,0.0285519639267747,0.9908406726169016,0.0178499167683133,0.16289580863181,6.6656205079326565,30.256377160932047,bonafide,data/Bonafide/15773.png
0.4635705563300489,2.756235884639948,591.7532886451703,2563.62827519997,0.0898624844923241,0.77563019427524,0.0716279003628412,0.990807936942029,0.0251578534981111,0.1722606747986809,2.616093669780611,12.852214102038682,bonafide,data/Bonafide/15783.png
0.2380972786488816,2.0324514438307006,700.7508097269125,3266.9335906890674,0.068560296033132,0.7893877348861781,0.0292471229246268,0.9930355902491832,0.0152981559187695,0.1502607197212294,4.386437360676172,18.910836670297943,bonafide,data/Bonafide/15787.png
0.721103118720856,3.793677792899689,1687.3475204971248,6198.231897074596,0.1273715750343349,0.9187098283233646,0.0692058389073095,0.993427608175506,0.05833512612707,0.3194208533378644,7.598041569095519,38.06489432935203,bonafide,data/Bonafide/15804.png
0.2139546423027601,1.1623180785509708,664.0880180200545,2823.6492594593483,0.104322289347026,0.8207375250129704,0.0336749776939103,0.9958345010935316,0.0213913120494681,0.1530561864296217,2.735094998573719,12.89580594808342,bonafide,data/Bonafide/15841.png
0.2910119446657797,1.9851113889673728,311.9506501420123,1096.6503194030493,0.0733255232132948,0.8123504463742446,0.0287282848980057,0.9929560708399264,0.0161886598474207,0.1511482914241006,9.348804740643606,37.946326975508136,bonafide,data/Bonafide/15843.png
0.1562078328365831,1.0415206789678095,1127.955908752545,7219.024884736214,0.0950751065491671,0.8610885980099842,0.0354460589277461,0.9905876511883548,0.0231207212794858,0.1936094629246499,4.239727818969062,21.12005133082144,bonafide,data/Bonafide/15851.png
0.3397286241693073,2.175155789313651,456.3459707087073,1452.3218877848255,0.1105672754974772,0.8343751507867462,0.0574325616817981,0.990130594757712,0.030284146731147,0.2682166033860576,2.847464541666832,14.480248915339049,bonafide,data/Bonafide/15860.png
0.6815770324182495,2.9717660232492245,2539.0633382900173,9169.614038348136,0.1067890589498835,0.8590758953671912,0.022970314118248,0.9850006787574468,0.0188811993163802,0.1386518047780131,3.880817429628354,17.276879153968398,bonafide,data/Bonafide/15883.png
0.3229546878334934,1.2196445429866352,461.4894685731195,1757.1235417356866,0.1976598750036888,0.9202867169547732,0.1032933165991944,0.985928269251764,0.0695647880921329,0.3147353920084763,7.339262254893413,34.13300102178114,bonafide,data/Bonafide/15915.png
0.4788970376192713,2.235113718722263,1591.5719581552935,10795.291560857586,0.0743547762379685,0.88491841566876,0.0426320281632212,0.9951969783520116,0.0410622778228505,0.2207840653039751,4.153546428837401,16.499671757455793,bonafide,data/Bonafide/15947.png
0.3321822351421555,2.58857209388859,2070.523363451116,13641.810138426858,0.081894956988616,0.8616011625885873,0.0299524983744158,0.9962096155541356,0.0207083244279077,0.1876366468882108,4.620047020422994,20.88904995917184,bonafide,data/Bonafide/15965.png
0.2172534240536507,1.2432093118193812,513.092298697891,2226.2045266809737,0.1107036902063374,0.827650497924628,0.0304235902427741,0.9900248540629564,0.0131827075581416,0.1196898552639507,6.5491109650843455,36.02390161023792,bonafide,data/Bonafide/15983.png
0.2666995731661326,1.853801286817286,1132.6209941872853,4547.420203283979,0.1029473590039841,0.7203724594323916,0.0551116803451493,0.9897497958517304,0.0305531371646278,0.2149034918200009,6.289515052725112,29.345014551688006,bonafide,data/Bonafide/16038.png
0.1855038938907452,1.1399374689560513,713.0908234396929,3638.6206451098433,0.1115591803482446,0.8121012117073036,0.0259914098938354,0.9860944488189586,0.0291181928258796,0.2076581154380522,3.013006544077529,16.692257592299473,bonafide,data/Bonafide/16049.png
0.1268894453181913,1.2547088137511624,482.7235948007394,2856.55340656532,0.0774410915548178,0.767178648138419,0.0277273063449911,0.9944599023960268,0.0215761546475648,0.1627833436944205,3.9653887098197154,16.53203659167045,bonafide,data/Bonafide/16068.png
0.2492212733055481,1.8091453262263648,959.4408090035568,5252.547385191254,0.0748977347008262,0.8271689432682865,0.0303155791548159,0.9927013152362304,0.0196005236155035,0.1860603244004451,3.289441107131328,18.65882817971114,bonafide,data/Bonafide/16079.png
0.4556609911288438,2.72750028713536,643.1576025553485,2669.781615657038,0.079666780480389,0.802940546356745,0.0273707964261997,0.9921573186478218,0.0177529071734275,0.1389415400091317,5.647965506832955,27.275414449501763,bonafide,data/Bonafide/16102.png
0.5499811495753252,3.808940289742785,770.1462703594786,5326.681786553967,0.083205869659412,0.8708639751205732,0.0418280304969731,0.9964191676473448,0.0216775638527849,0.2375739198270612,11.860103668882706,45.56629283051288,bonafide,data/Bonafide/16116.png
0.6027341889192891,2.599611089450105,907.662187525352,3666.5739643100183,0.1989531558008343,0.8482673846796289,0.0994712887961917,0.991191426115345,0.0929115147717835,0.4121536263190926,2.8268448513957054,10.928033088303566,bonafide,data/Bonafide/16132.png
1.179555976832459,5.397726739134515,904.5757724011244,4355.472754997038,0.1183699704189085,0.8851572574052111,0.1201377345123562,0.9974119279307004,0.1073968631412542,0.3424475363391442,3.126685844607927,11.602020896499706,bonafide,data/Bonafide/16170.png
0.4283187626862931,1.9299032538349317,530.9882660424739,2681.4470129775696,0.1128801206294196,0.8907778865641947,0.0353294922774253,0.9977276592776148,0.0303041165062497,0.2576144457646398,4.584134004369419,18.159692611794547,bonafide,data/Bonafide/16193.png
0.3337155454563173,1.8708531798419863,638.5001986160164,3790.488228358881,0.1196915377116042,0.8718566727949087,0.0663462443032801,0.9940978649140866,0.0400584969769201,0.2806875072708929,8.13878686397746,37.74397793615103,bonafide,data/Bonafide/16205.png
0.2391965906631129,1.3893608764168928,1250.8871102772523,5375.767515993869,0.0800962609804256,0.8091653025573741,0.0358364719773467,0.9920879684649924,0.0310375509177819,0.2378946642109182,3.355620652977969,14.72873063493928,bonafide,data/Bonafide/16220.png
0.6033857106423726,3.294528359506117,777.6428442080387,3684.434299782368,0.0908184060633308,0.8976518511863697,0.0382072589241189,0.9912321092538092,0.0217307331557563,0.1573988004525643,5.820700532302965,33.08637062552643,bonafide,data/Bonafide/16223.png
0.8051909646055132,3.47603365601518,1335.7167106328209,4689.24604457766,0.0926799924080811,0.8804802513625792,0.0499322573089324,0.9936727174612278,0.0217609000710172,0.1914311120115156,3.410670064885851,14.806227413953716,bonafide,data/Bonafide/16229.png
0.9930091572671892,4.964890223059223,1254.4442552527637,7723.02424783417,0.1168334626428129,0.805078220401136,0.0518113735045671,0.984638108543468,0.0285635138145296,0.2033124401156217,4.677272150672448,20.568840707568345,bonafide,data/Bonafide/16241.png
0.6518194480157637,3.8834502204517976,701.9446390755792,2489.11258608928,0.0846208810829073,0.8155506135896524,0.0377670761658001,0.9901824569088556,0.0448264999743001,0.2827524403359707,5.366973748274257,25.100034121516533,bonafide,data/Bonafide/16243.png
0.8703060942841231,4.172924524800902,935.3401323649938,3987.3962050825166,0.1669697336557613,0.7943421254138083,0.1109203866522842,0.9894819770582078,0.1414853480463702,0.8261342332318251,3.381061913807897,16.995754940725785,bonafide,data/Bonafide/16259.png
0.2963146289984548,1.6720460011357927,465.13019760200194,2451.956499171078,0.0769517531954891,0.8750108115467097,0.0336794550102486,0.9950994194833368,0.0164233407793996,0.1595868666306776,4.529584299666437,19.49805579700665,bonafide,data/Bonafide/16260.png
0.2307092213968931,1.7663050764667771,933.560290750714,3665.685685841106,0.0484057961385077,0.75895538808403,0.0414236690212534,0.9935502689340542,0.0289017799589621,0.2301055394886372,3.452536606355756,13.698945390955975,bonafide,data/Bonafide/16298.png
0.244965625681707,1.5135002365156978,359.09377549083405,1406.5433962559823,0.1203813141327485,0.804727654369566,0.0579225944241513,0.9870740057168296,0.0398693791120198,0.2487966969908318,4.979146591744057,24.232996235941147,bonafide,data/Bonafide/16311.png
2.45053507591132,10.503795057992376,1308.7353397989846,6736.844762695675,0.138527028666448,0.9084226717386412,0.0375711094669635,0.9906513710052464,0.0323935600455002,0.2497278920339148,9.14950267716502,35.75706803859762,bonafide,data/Bonafide/16321.png
0.5472729204405847,2.7700379184230584,1740.256982203659,7941.424469558471,0.0897833834941576,0.8628462140555699,0.0435430001912016,0.9890886988794194,0.0420596350290272,0.3239277105525118,4.053355255555808,16.766951510718766,bonafide,data/Bonafide/16337.png
0.54959996282964,2.9833049971555994,624.090084492786,3549.693337879759,0.1100316030245737,0.8938305313570848,0.0225612416842599,0.9946693436748708,0.0192153642925265,0.1589391828426103,4.021301989459152,20.083639578570924,bonafide,data/Bonafide/16367.png
0.5270790217423266,3.9033967249467407,1420.4701840364482,7397.800355411798,0.0855601508612064,0.8265004976310517,0.0518946023190268,0.9903623502352464,0.0387579273036064,0.2911501370280047,5.869237309083407,26.333027805311584,bonafide,data/Bonafide/16397.png
0.1912705393263869,1.167186288750924,664.094443131267,2655.155143287376,0.1011029147787556,0.8804143200816952,0.032444995795614,0.9818699198445126,0.0374963745405492,0.2334406576565528,5.1588385187636,20.96245238507933,bonafide,data/Bonafide/16402.png
0.8726724225018545,5.475815462206736,907.4893002934792,3792.164150150202,0.0996039250040424,0.9166259367712464,0.0214342166705747,0.9919120056534076,0.0121714836176522,0.1448327080561685,7.1292237320012015,32.17850767251268,bonafide,data/Bonafide/16405.png
0.3591280890005077,1.9728882341680312,1176.9527339122992,5692.113011309962,0.1178885137052968,0.8314015019569174,0.0472041676906341,0.995979131143585,0.0368885360486252,0.2517387776427259,4.464375107196768,18.79802238768821,bonafide,data/Bonafide/16412.png
0.3830808114130586,2.078923115252956,566.6881480888267,2928.658133332207,0.1070662720277088,0.7838676174703966,0.0267107505238275,0.9975831019048044,0.0227555575861236,0.1469138071210128,9.045093950373436,38.60650536327426,bonafide,data/Bonafide/16469.png
0.7590822744594656,4.498910405649656,522.5358244213348,2241.1718954579983,0.0963254747624466,0.8304660315246635,0.0356238736584645,0.9914494205560884,0.0131301016740443,0.1385217966958773,7.750737112635165,34.125968300832994,bonafide,data/Bonafide/16486.png
0.1442977805007184,1.0049301585189727,1235.878101292397,8301.968716337657,0.1168921775588214,0.8467655963722165,0.0578099800477001,0.99307355250604,0.0612116799400656,0.4098064288504688,3.529340687158745,17.7846690269742,bonafide,data/Bonafide/16529.png
0.5420326797918628,2.946464487534333,3030.17501179696,12889.830857058963,0.182863037243586,0.8899058688097055,0.0629998974975716,0.9937984692203364,0.0578898176440808,0.2819448554324069,4.936118431686106,18.715117062085955,bonafide,data/Bonafide/16535.png
0.2101196275393091,1.3417445177314054,494.0264338632371,2058.66832235946,0.0916689428226196,0.8173619071839684,0.0775654192249128,0.9945412744458167,0.0552760633874483,0.3369330441639525,4.346520102674236,17.057190958822623,bonafide,data/Bonafide/16557.png
1.0089732276760934,4.397388486993336,1210.767179533529,6064.091923953834,0.0949303770265726,0.8489590750420296,0.0426763219975605,0.9944543431608412,0.0210635410187704,0.1623851381506032,4.126800862257319,22.206644308414717,bonafide,data/Bonafide/16581.png
0.9754120116631424,4.816699273107677,3708.894841879392,19478.75025342488,0.1041166516391985,0.8926613615212257,0.0437765701971954,0.9879436238552228,0.0214706068757294,0.1743276326272491,8.740865923839822,34.928738977065464,bonafide,data/Bonafide/16582.png
0.1597105611497326,1.2680240265142773,224.5465630210644,968.6688815342268,0.0803191665800835,0.7923502845877586,0.0466552667634864,0.9947566886210004,0.0326090374272645,0.2765554271283677,4.275931406471523,21.74699361714735,bonafide,data/Bonafide/16583.png
0.2907567757827127,1.5940625366624894,388.5374623794973,2082.5202900362938,0.1121568517780146,0.8802936760792,0.0345878659336576,0.9943257810280008,0.025898419870315,0.2028767041912617,9.373480454083682,34.16700267930602,bonafide,data/Bonafide/16599.png
0.3251523073474897,1.6781773145227603,1391.228449793083,5842.791710962356,0.1534032446218524,0.8313936958582014,0.0876975584524153,0.9942717014603408,0.0546818062276085,0.3434352131786683,3.483175553064114,16.990932838991956,bonafide,data/Bonafide/16600.png
0.4370156173289103,2.17651099377472,250.0909940321674,1135.712315138011,0.0954886992300702,0.790305484241942,0.0197133863962992,0.9966680685218872,0.0136256103539222,0.1344631731887599,5.321865376780022,22.50787309133973,bonafide,data/Bonafide/16603.png
1.6373198218652711,8.141213175980532,1543.2885704053774,7548.9842561739615,0.1413674339161781,0.864334827161649,0.0448045231556617,0.9983005226510134,0.037649090968792,0.2714601634446391,4.144178791248686,14.9375889526845,bonafide,data/Bonafide/16639.png
0.2992579806746694,1.7120968980240558,472.5870256851621,1910.3239106516344,0.0882797776245283,0.8534113191681302,0.0234400254815509,0.9936832582830676,0.0216105566489111,0.175347140763846,4.758972577993845,32.286279932488064,bonafide,data/Bonafide/16650.png
0.1587234822938369,1.208908165897009,429.1514364182207,2424.995403615734,0.0619418788632765,0.8055846048975435,0.009691166866671,0.9954087531208756,0.0088881151429252,0.1135890986146585,5.471450510219509,23.640649449946583,bonafide,data/Bonafide/16670.png
1.0279136583268431,5.3681753874883125,1303.4204294165086,5696.047967805008,0.0735949495670981,0.8805697996887674,0.0279472160067988,0.992987772437681,0.0182198088871941,0.1407655107334769,3.059433311240844,15.606022674674566,bonafide,data/Bonafide/16704.png
0.3429645533344325,1.751437299369623,1649.4473268356087,6639.550306247362,0.0770556836182517,0.8423422597378046,0.093585323280072,0.9924100876695768,0.0817333058480852,0.4713584830292278,8.094064929986697,37.792181298729,bonafide,data/Bonafide/16710.png
0.1787540840358558,1.0409680713234906,1022.719048513882,6512.375453071038,0.0854119892621153,0.690423945567152,0.0386931131601821,0.9899499478951724,0.0249418152926747,0.1789429835782505,6.387169614299457,25.276846849405903,bonafide,data/Bonafide/16721.png
0.7251776768926066,4.56831529431115,354.50977467920285,1613.8732521933227,0.1314114261235053,0.8377408253560616,0.1347441926517872,0.99042816551312,0.0465751827392854,0.2811927185379964,6.41500426825206,31.308879824989468,bonafide,data/Bonafide/16780.png
0.2514406834975394,1.5942072672360017,1588.491074227382,6645.839969957719,0.1218167736636211,0.8331570245334073,0.0363551906246892,0.9908083667294902,0.0226453059312174,0.1977026512946663,7.823516782810823,27.94019389518854,bonafide,data/Bonafide/16813.png
0.159453584206282,1.1159516657276336,1202.161998927788,5253.862724058496,0.0830573464661885,0.7827365122019201,0.0355817826624393,0.9892525299836404,0.0259041636518942,0.2014100067916482,6.586107561602473,44.02128899666026,bonafide,data/Bonafide/16843.png
0.1876575023523868,1.0752955318955926,500.6534187215353,1841.8623792967423,0.0947197649443901,0.7765266109462912,0.072627709012744,0.9877591942322308,0.028734348541872,0.2144070884741429,5.4500477877364055,26.84753901246369,bonafide,data/Bonafide/16850.png
0.9899809382308368,4.0403513194638006,1466.625581038283,7671.1394372851055,0.242786032686305,0.7900073569003582,0.3445388017466575,0.9935872506685696,0.0410842606166375,0.1620440769858279,5.6436924907148525,28.65436675777134,bonafide,data/Bonafide/16852.png
0.6213271964463084,2.7085142673555427,902.8924975345236,3585.0460432955106,0.2653634702098837,0.7674521800331505,0.4001896932976993,0.9924237483052504,0.1180479932446574,0.6417863372714613,3.537064209788418,12.86555167114277,bonafide,data/Bonafide/16861.png
0.3790275423244519,1.8464858141924916,605.310894574687,3124.525886767667,0.0665253406612243,0.8546522362842842,0.0496902515150827,0.9926949357962,0.0329658998465403,0.2131193594643945,3.5961861501081187,16.678571010627813,bonafide,data/Bonafide/16865.png
0.2089666555807397,1.0476519923547776,968.0016944748112,5209.651160625175,0.1441491672387842,0.767508441023231,0.0620503484177156,0.9865001093046808,0.0727273507917602,0.4198729750672806,5.096609901195633,20.61888453850398,bonafide,data/Bonafide/16873.png
0.4058647038134235,2.0918567655949936,1265.331219816346,6036.6557529760175,0.1512234725053621,0.915028594189886,0.030159878135792,0.9968141151881696,0.0199091687198589,0.1513175028907912,7.36240824372434,29.257830939777303,bonafide,data/Bonafide/16879.png
0.5428694143552508,2.914952694483285,662.7968344179707,3444.401409707649,0.1193181138373102,0.8377624602913458,0.0640026333118753,0.9942093039256276,0.0664259992684112,0.4537175446283158,6.148471781618171,32.19373756392066,bonafide,data/Bonafide/16909.png
0.1367476257784657,1.0036802126568227,710.2877167362512,3220.2641701250686,0.0789897834248223,0.7694022536662293,0.0693997817114163,0.9936643533196576,0.0567702618097201,0.4816662422540132,3.1918488149223045,12.535247322000137,bonafide,data/Bonafide/16911.png
0.4324162901808186,2.259428455072299,531.9480203043129,2256.109038376226,0.1018028242438039,0.7939580762613516,0.0590835366097054,0.9901864712404734,0.0350242856594153,0.226763234663623,3.898212044675904,21.46367116255683,bonafide,data/Bonafide/16924.png
0.2682971559488251,1.3180613329748767,2093.0829407214364,6882.032725627432,0.1270369459578431,0.8525867310881365,0.045505818572789,0.9875923395878258,0.0292771507389128,0.1837753218849017,8.905404740396365,34.39281458797487,bonafide,data/Bonafide/16942.png
0.5714288904299608,2.7322500814115305,325.1723218243122,1712.1853833015607,0.0984756554870595,0.830480800451057,0.0411097897236583,0.995855488884277,0.0237698927956485,0.1884079398939018,2.9522799136785585,13.680264260645552,bonafide,data/Bonafide/16979.png
0.6506621609649574,3.4080629157639426,1610.9752261252563,6930.106573349333,0.1491528863507523,0.8368403029911266,0.1009131285744295,0.9934832292760568,0.0615087619465503,0.3293598470425892,3.53162585567223,15.623615025532176,bonafide,data/Bonafide/16986.png
0.1907333638179168,1.7149257228699744,631.8955725211692,2808.0388944450324,0.0591501177876707,0.7129765194861307,0.0458396731389642,0.9926717110525024,0.0195331411035171,0.1604257720846861,4.591424399857441,20.615595732900584,bonafide,data/Bonafide/17004.png
1.317364940482739,6.02387067212254,1601.7521913863402,7109.227053455756,0.2173920839732782,0.8591186200757344,0.2342824694325592,0.9902946385018954,0.0570330582487738,0.4463105485666958,6.750131713905184,30.23348937345456,bonafide,data/Bonafide/17017.png
0.411994815849406,1.9737829322588336,343.1677640365822,1523.1007782940446,0.0942813053116131,0.742366857000988,0.0279880498327565,0.993371916159064,0.0164194490912576,0.149030117170529,3.0757682545884606,14.859215607048974,bonafide,data/Bonafide/17053.png
1.2126608617402963,8.487658696993952,1089.1005574984606,5554.324832945001,0.067917981606037,0.8578848138838666,0.0373435273989288,0.994181457006231,0.0216862097548158,0.1828509981595166,3.769685469398495,16.507796315737227,bonafide,data/Bonafide/17055.png
0.5382538760477943,2.61142636717864,1678.344812091871,8164.72997860326,0.1132275865034133,0.8347318202420456,0.0461158675107193,0.9954230002751008,0.0263933600536751,0.2370466100058379,7.543005405513896,30.596161633747315,bonafide,data/Bonafide/17058.png
0.3907757103209069,2.311623562810716,242.74535073838916,1074.186832650995,0.1393061124788704,0.8506410896995925,0.0810895613173685,0.9886403881338912,0.0471829946589135,0.2932847821988295,3.198230249132319,13.335805323269224,bonafide,data/Bonafide/17088.png
0.7275649599501678,3.221715723704656,1035.8047902968065,3850.882163791741,0.1409830028871508,0.7804412912682209,0.1697358496072548,0.997867553578666,0.0236244771067905,0.1779919487441556,4.702033778627394,19.772605433774245,bonafide,data/Bonafide/17093.png
1.545055621599681,6.502652566625497,1717.67279005911,7410.738326131815,0.1695056811242385,0.854962477031267,0.0752905016167867,0.9960114434402002,0.0690978420755932,0.3266507871169425,6.4138146137300325,27.82496465911981,bonafide,data/Bonafide/17105.png
0.1224897151681073,0.8527262244836814,363.6317609530895,1651.663197357995,0.0715403477728154,0.7796461596356918,0.0246107819120258,0.9883734241226496,0.0477200715781676,0.369008041913952,6.023171763973635,24.457051477681308,bonafide,data/Bonafide/17162.png
0.2207245934493657,1.1806330747626863,591.735049088216,2484.9552365945574,0.1515852541281194,0.8681140444757394,0.0983922634415312,0.9953320972766052,0.1359380192784593,0.7081457785480275,4.453631845659219,28.178469057487664,bonafide,data/Bonafide/17164.png
0.4795894659286198,2.3400696991682794,1311.8829378976347,6082.331386325935,0.0636502190911655,0.7953601638257498,0.0235830600482484,0.9963508977741398,0.0160807253247932,0.1657465191122488,5.478580613700176,25.14860530034706,bonafide,data/Bonafide/17191.png
0.4237099041597528,2.5126938013936444,1093.1095373964608,4737.192778530562,0.1366377866604383,0.8310056900069258,0.0627819138671037,0.9939121987426036,0.0520301925319892,0.3097965948177215,7.574509940724297,34.68810192774767,bonafide,data/Bonafide/17205.png
0.6221725265509057,2.932728240375546,861.4742156232834,4196.966422138185,0.1631926536365355,0.858405543003453,0.1126962388356327,0.9872129747535916,0.1496959862704499,0.6583756800481454,5.290154879865913,25.374441192007463,bonafide,data/Bonafide/17227.png
0.7686476061801204,5.281481773954553,963.3990856650604,4765.065585095661,0.0948562300828259,0.8054166925282246,0.0976837177735166,0.9926757476896246,0.0615348927571575,0.3525422315535925,7.726581939962798,34.3174441452566,bonafide,data/Bonafide/17239.png
1.3011049881944694,6.914753138713962,1445.4298478013725,6786.7374412470745,0.14030193608953,0.897126100359196,0.024562985353632,0.993994128788399,0.01883495224381,0.1437789478621681,4.797833201193281,27.79591461293481,bonafide,data/Bonafide/17246.png
0.3782906514462794,1.9390475946159245,471.1222013659767,1862.5894623745105,0.1354472692778711,0.766831623771452,0.056539717205599,0.9895818283744554,0.0646986101603918,0.328100167254605,2.972108573107008,10.845629794015256,bonafide,data/Bonafide/17275.png
0.284301439375925,2.014715369913034,1221.5993813734528,5513.484466571081,0.0900801278452125,0.8409478675067774,0.0205954376467707,0.988602581485595,0.0204658080600232,0.1601293972056093,4.710592876823359,24.494771084201258,bonafide,data/Bonafide/17280.png
0.4734976052197864,2.440157469414343,643.9157546750182,3208.423639798858,0.0721886659194269,0.7826035619188675,0.0295835963048654,0.9959619096843472,0.0193867142213267,0.1831751841013528,13.40901407586904,47.497125648048886,bonafide,data/Bonafide/17336.png
0.1370609950098524,1.2463144404874595,331.88951936479623,1286.0117675626657,0.0625346270348469,0.8177684830713646,0.0202611215281295,0.9955060437594482,0.0093017171511991,0.1166144179319684,8.4294305710347,34.81580606295489,bonafide,data/Bonafide/17343.png
0.5755237576564036,2.608847531505152,908.5939613557416,4636.494730090142,0.1017009555209294,0.7909430334125769,0.0371630132538697,0.9879409706908436,0.0249469893556216,0.2097378715429265,3.5995776068540013,16.03385756654803,bonafide,data/Bonafide/17356.png
0.2057308612295746,1.5991149494105488,478.4852308902848,2052.0572760244945,0.0817595843515609,0.7710965852350798,0.0431157561729168,0.9936892473033564,0.0246706648821154,0.1983846688623937,5.187135115871044,25.44056347164616,bonafide,data/Bonafide/17394.png
1.614743676629988,8.256155565998885,2849.813052980872,10072.67322522518,0.1017466003478364,0.9057765303285592,0.045069654242788,0.995314052723219,0.013138834698041,0.1375885212210703,3.786437090982828,19.74262026630239,bonafide,data/Bonafide/17406.png
1.089924259614961,5.448856103558888,2501.307690926872,9110.14541414062,0.1929244109954794,0.910404989468002,0.0686178003602312,0.9788107946737,0.0843518477710662,0.4138159008608061,5.8768055910052,24.70936059118842,bonafide,data/Bonafide/17419.png
0.3325774807245265,2.2793223302677834,490.72058691199976,2379.183714354377,0.0946861707249046,0.9368066258685124,0.014707943262968,0.9965133038199964,0.0111529743518067,0.1195695855916368,4.989203110878847,22.92604465815902,bonafide,data/Bonafide/17420.png
0.2083868419040471,1.470923133253405,558.1139772177321,2373.4315535630712,0.1218070490066668,0.8434487682106905,0.0337882513139292,0.9912625395471,0.0366704357864605,0.2225220973963352,4.7782060372151,22.534464850641363,bonafide,data/Bonafide/17429.png
1.675668354552985,7.315643670017669,2668.711727186813,9283.464522602397,0.129597927592086,0.9020582954094334,0.0441698231616622,0.9921369319842172,0.0179047545969972,0.1484603676832047,2.89856812360581,19.33959476784143,bonafide,data/Bonafide/17436.png
0.3524959086018528,2.473879693042667,226.75520095744045,1203.0804147352064,0.0650929799743877,0.8211621642559807,0.0430405151645868,0.9965081828976944,0.0115351434050795,0.128740388447211,2.5966443531770294,16.88451252080759,bonafide,data/Bonafide/17441.png
0.3841584177554684,2.993949272971173,542.6813778475914,2415.5041302721847,0.0485417667388305,0.7431196177904322,0.0588217502655145,0.9917599831966728,0.0205841566752366,0.1664720541092635,4.220234355514555,19.89521165343772,bonafide,data/Bonafide/17456.png
0.4629106150511138,2.3183206411668675,504.9655291850382,2899.293549070847,0.1058361655321008,0.8373384489217685,0.0175402534533357,0.9961183023326566,0.0181166187354842,0.1414728702504632,6.617683871263441,32.5249300831176,bonafide,data/Bonafide/17492.png
0.1757653293702267,0.8841459162606762,220.26719845475697,854.3072599342737,0.1280500575029974,0.7207521775963885,0.0384379894380723,0.9931741152671016,0.051256833939733,0.237374142655563,4.200430070637564,16.3527193325491,bonafide,data/Bonafide/17496.png
1.0092632892179043,4.786976876238233,2597.248926250453,11540.928887993685,0.1457096975809421,0.848804236469317,0.0643026938549969,0.9977203097852174,0.0541672874990254,0.3008887046352494,5.658558437555827,24.175591541799648,bonafide,data/Bonafide/17558.png
0.3495413681133671,2.1316708306356915,406.9586302741424,2897.4794581064243,0.0872722057708476,0.7796862367795512,0.0265580479983276,0.9935802245700464,0.0156819972867514,0.1422646125054315,4.862927404069387,22.942102946168685,bonafide,data/Bonafide/17621.png
1.1960101737347113,5.863259207498682,1340.975653534094,6249.014226025903,0.1329449267373631,0.889387077450766,0.0250691191654499,0.994849141694903,0.0223644623778598,0.1577558428026474,5.962390099003768,24.063250797188427,bonafide,data/Bonafide/17627.png
0.7506460282008312,4.337351613635535,1960.0608559050252,7344.127576398721,0.1203467710453175,0.8034225220291767,0.071881674021226,0.9864922316864304,0.035739223566128,0.2344068008449031,13.738629439375728,51.857074701904864,bonafide,data/Bonafide/17644.png
0.5870893229398014,2.8664021657324006,1376.2973558207786,5578.124276927034,0.0798651072671478,0.8857656697852387,0.0326541692521534,0.995462909975264,0.025018905874429,0.2351662590530537,5.604631366137923,30.893452138114064,bonafide,data/Bonafide/17655.png
0.2352886748516251,1.3051934692571627,345.1604845188223,1585.4013653539264,0.0896871564470494,0.7549210551503573,0.0396172384915428,0.9919402154608412,0.0262319104291174,0.2149557119251574,3.216390329173676,16.237650278715115,bonafide,data/Bonafide/17714.png
0.2319636214480863,1.2944176201929425,715.2117211970034,2640.6598566043995,0.0651461093552731,0.7610046924525669,0.0361722884311673,0.9965768297906852,0.019408837207284,0.2034500409095589,3.2802982936941434,18.66701045133958,bonafide,data/Bonafide/17723.png
0.4215337492260463,2.558007628227803,840.9228428953854,3312.032525220464,0.1565726081833615,0.8413438974076347,0.0875255121456847,0.990756531799824,0.0453872867742869,0.2573685057224937,4.921129466207612,24.8314290455234,bonafide,data/Bonafide/17757.png
0.4500962631948558,2.850218656148773,1158.6663198209574,6488.194535819163,0.1232624204871817,0.7927383042377474,0.0554800679029573,0.9945898990529076,0.0409930174823747,0.2738347333793916,5.840537620937319,33.383744774655554,bonafide,data/Bonafide/17761.png
0.6647332197655871,4.381441809257273,2593.9033053167905,12945.006678920498,0.0777465431543885,0.8550186209118138,0.0327979429902947,0.9931643368999252,0.0188284997664782,0.1454957590185052,4.974810493053727,27.53583218668514,bonafide,data/Bonafide/17794.png
0.4473135689742499,1.8965889072774145,879.6918119659185,4516.521920685109,0.2502160537415583,0.7177126438714606,0.3547740006007046,0.993312503132281,0.0781606341068075,0.4218279334133735,3.4571760466338155,14.25399216223282,bonafide,data/Bonafide/17795.png
0.3470348949133042,1.838275643476895,319.4284662787191,1328.1992828220395,0.0988370493172307,0.8272530851787779,0.0385623251607464,0.9925714883647152,0.0171448473447239,0.1446264340614005,5.339373035986182,24.47090982620356,bonafide,data/Bonafide/17798.png
0.1701703981572834,1.0314684827711498,482.77237131094194,2083.9571153844363,0.0975213618299285,0.807630713498126,0.0347776502701888,0.9914555785744904,0.0271828024038835,0.188346375257851,5.473204853382133,27.572093117429567,bonafide,data/Bonafide/17801.png
0.62764634091279,3.157560607664192,355.2842456555117,1496.619563005003,0.1088885594322498,0.8624395783295788,0.0587212486295663,0.9946472993226114,0.0338165886914116,0.2687504154463745,3.8513771892363806,19.920016031298005,bonafide,data/Bonafide/17879.png
0.431609552563438,2.4758138197977835,768.2366621527951,3616.763445911899,0.0994914615095057,0.8259906970169555,0.0338344345689003,0.991196606516215,0.0268611728254799,0.1938554892033994,3.225486751392829,15.609599461125358,bonafide,data/Bonafide/17889.png
0.2163993848750196,1.467304868915602,833.8253085137327,4229.466251076394,0.0792603061665535,0.776096145032207,0.0783747918220323,0.9948527629059012,0.0397400290384205,0.2413337926877278,3.070681226523849,15.680859863318874,bonafide,data/Bonafide/17894.png
1.035063248272632,5.562982739435626,618.3376215392326,2492.6461386642213,0.0909620962838919,0.8964937541166004,0.0678807682861046,0.9901973287085952,0.0608117104363111,0.3165542849602448,4.863943184605136,16.388349340899953,bonafide,data/Bonafide/17896.png
0.529809786259282,2.90716355816336,1861.1958212556824,7237.476820299446,0.0802306541629824,0.8598221264608623,0.0410609409049653,0.9893637233742656,0.0210634399109671,0.1963974775208375,4.739314281511021,31.646310096027293,bonafide,data/Bonafide/17898.png
0.5690207910136994,2.5774673117027507,548.1530500076849,2140.3918667683324,0.1272894333016782,0.8669158531362627,0.0899765547141188,0.9887126586202676,0.0595629133620406,0.3820325073175666,7.743842941052966,53.91592994780557,bonafide,data/Bonafide/17905.png
0.9187740348729388,3.873095405783249,573.2165900101323,1992.9444778066147,0.1208446264586845,0.8207704304347485,0.043837408987613,0.9966793732179924,0.0218767861062606,0.2228297909842324,6.966242111085276,33.975543517976334,bonafide,data/Bonafide/17909.png
0.5477606741172277,3.325487544912846,578.7859328429117,2660.675325415753,0.1391143761647961,0.8414022471573732,0.0828930746192034,0.9946167889775854,0.0536260645605053,0.3263709833061484,4.689826872337573,20.130953711738997,bonafide,data/Bonafide/17936.png
0.352695644883387,2.071923418424916,715.2209678535187,3836.778272743856,0.0428671826053766,0.8149894273077234,0.0224322137434763,0.9951406830237816,0.0121372068113058,0.1467726069657052,7.787977222079248,29.655058541836578,bonafide,data/Bonafide/17966.png
0.4798506086491946,2.3383592469358634,2639.973703195079,10344.180463157012,0.1149005542991076,0.855905884480383,0.0321138273994791,0.9897322234930376,0.0278325780136213,0.2102748876050526,14.198707007601916,73.86985990586072,bonafide,data/Bonafide/17986.png
0.3926823609924929,2.1202634299779635,315.80584980506507,1276.095127804268,0.0976021338803945,0.8644490193597658,0.0362946786198025,0.9953419151481876,0.0511488642690128,0.3120283700074736,6.833752013921613,36.34187042526976,bonafide,data/Bonafide/18016.png
0.308395857732282,2.076331122254603,1718.0713039800298,7434.118025658949,0.0733753412898194,0.8173371238968121,0.0407792092271467,0.995229395043996,0.0289620788727736,0.2616583440018021,7.60961560871647,39.350806488534246,bonafide,data/Bonafide/18033.png
0.5850758632590335,2.976489502875665,1904.832211249805,7433.455535519205,0.0765944892587781,0.818653246972942,0.0293141590635964,0.9963023904149352,0.0224673758771588,0.2171122567685482,6.611476101102455,36.28495882111799,bonafide,data/Bonafide/18046.png
0.5098581743829697,2.504523102652642,830.3581661935515,3085.441604599077,0.1174959996028458,0.8050894799221955,0.0718169598653575,0.9941086594415874,0.0527626602618555,0.3529597163270717,7.107505206411294,34.871000753970755,bonafide,data/Bonafide/18101.png
0.3221124736430952,1.8967994244752504,456.9309428274843,1998.8405934224,0.0736655258428314,0.7904450218589195,0.0564170210057925,0.99394383557438,0.0151246226128926,0.1424383542956182,2.2003978954997785,11.010263632209629,bonafide,data/Bonafide/18115.png
0.3419466486514483,2.3825020718570604,425.0684832491624,2128.3369226619625,0.0749472203651146,0.8601294303923506,0.0261073769001735,0.9942475362352452,0.0174137801135731,0.1637493610664543,3.2996787687373663,16.28134018100577,bonafide,data/Bonafide/18159.png
0.4569682604238031,2.7022645380447923,3027.6277107043666,13817.24812683726,0.0877002343208725,0.7993329959526234,0.062414032171712,0.9930320823929852,0.0516913426457826,0.3228734020051953,6.315487063205125,27.010474047320667,bonafide,data/Bonafide/18173.png
0.5982998061668623,3.3160142710102343,1333.9216412557855,5269.497299606609,0.1449863884080227,0.8456781976721617,0.0501715581239193,0.9933062841146344,0.0356399465850508,0.2216542730381805,4.238882970168669,19.63699317853815,bonafide,data/Bonafide/18181.png
0.502350644440526,2.201444124393398,908.9162440712182,4458.027294958125,0.1029370138561626,0.8356236881530459,0.035865401992636,0.9935244367127718,0.0414891725705011,0.3171657564818119,5.749024192740821,29.63293187216438,bonafide,data/Bonafide/18190.png
0.3441622962439722,2.072449711419505,782.8525707855615,3195.679454087117,0.0728296910922541,0.8337922571814455,0.0278324406102179,0.995942823873926,0.0136794420295826,0.1405625276441634,5.189044759648283,21.790947767252728,bonafide,data/Bonafide/18214.png
0.1378755843326544,0.9100526889193457,532.0118930417462,2842.455981192494,0.0835913028194411,0.8146164065284683,0.0259208874137766,0.995088249811216,0.012189309572955,0.1417282399121851,6.556160113082092,29.69162713494261,bonafide,data/Bonafide/18226.png
0.6553785902247014,3.5489383930906944,1018.7402384200594,5582.431904142632,0.1609209533438295,0.8950185357775221,0.0748768176894811,0.9928800007546836,0.0600313989041126,0.4020490191004863,2.8826924321938936,13.525081944437746,bonafide,data/Bonafide/18231.png
0.216468497016995,1.4476083535930888,1012.0593797986916,5056.407151095659,0.0603434212895879,0.71741081551946,0.1050605214205579,0.9905255876485412,0.0813262356123511,0.4321289398427899,8.000349901665176,31.272164428882945,bonafide,data/Bonafide/18258.png
0.1453984691334204,1.2229470315276845,229.67519156113835,1308.4272897542246,0.0684634770730972,0.7514642825983443,0.0512025804851745,0.9881650207526848,0.0192010214594182,0.1787976203123876,2.1530323636264668,11.60082893926316,bonafide,data/Bonafide/18267.png
0.380276789528474,2.0034921718034124,684.970460627938,3054.362455906956,0.1091217841088899,0.7847317203391376,0.062079950510953,0.997513976080614,0.0285190310561041,0.205032553795796,5.16905088639056,28.597481600253246,bonafide,data/Bonafide/18268.png
0.5662892235715593,3.5576880141257448,708.9344580353794,3437.855967468203,0.0905481527085058,0.7955920565013409,0.0460247868956125,0.9867443380919894,0.0187624156900004,0.1704177896391721,6.095129711372759,34.14681994184863,bonafide,data/Bonafide/18270.png
0.1761959155725661,1.1926720270139215,502.35541384813166,2192.75140091856,0.1152100812409294,0.8410162283873409,0.0492722495615338,0.9945628268636888,0.0185427915189844,0.2065057331114668,3.942460351908171,17.029749353380314,bonafide,data/Bonafide/18289.png
0.4937802244744964,3.256253701474593,370.1798112193388,1576.5591237756894,0.0946100808133598,0.8260026808324378,0.0595871196676002,0.9947789683052308,0.02121376605338,0.1774071350624464,1.8833656109681984,8.931574856474056,bonafide,data/Bonafide/18298.png
0.1629484914135022,1.177541103419473,560.7419214275394,4013.683502698103,0.0761944262170003,0.7216494997799705,0.0283374145777197,0.9912519230357648,0.0236558645363908,0.2094162951618794,5.788129889538757,29.834416212274903,bonafide,data/Bonafide/18325.png
0.2005767155152058,1.4942115982639916,1052.137419022816,5370.944633537476,0.0676180428298755,0.7964260350436143,0.0530893796644934,0.9955734059908606,0.0433058244201408,0.3414077982866655,12.392178665756209,47.70045474459546,bonafide,data/Bonafide/18345.png
0.2380806052121345,1.2903256921600086,753.5634359554912,3353.608366825865,0.082484691535778,0.8186583063577143,0.0570080686078704,0.9890677559336312,0.0534206145965925,0.3913987634253696,4.041247963552695,18.209060451005357,bonafide,data/Bonafide/18346.png
0.1771826169687686,0.951445632943812,523.2097406474371,1862.7533920125493,0.0959185886067976,0.779667038632394,0.051412082034106,0.9817116716152046,0.0365102389543832,0.2376323326825005,8.86262555925562,39.654720052086255,bonafide,data/Bonafide/18350.png
0.5596083346516811,3.4576002438796816,1142.7613302579052,5427.52509451526,0.1529562301127603,0.8009553688041867,0.0823972846394549,0.9941891437250946,0.0910880697488658,0.4323120023418343,4.249163158206806,17.43931233437565,bonafide,data/Bonafide/18357.png
0.3718887910891054,1.7124653031202683,1102.6522548114592,4727.7112900465245,0.0646951460149505,0.8439708695579129,0.0353032058503347,0.9966231646889724,0.0227413127865475,0.1920045675579953,7.55736921799408,36.351347514108525,bonafide,data/Bonafide/18382.png
0.2810441966397256,1.606759355156962,1184.8480819690917,5017.970018343234,0.0846381205221984,0.7818943964234646,0.0562385903442774,0.9911171026806304,0.0336929874585381,0.2740383004496933,3.5665762000245538,18.666145688081095,bonafide,data/Bonafide/18390.png
0.211527187098447,1.6032463494180766,299.0452281739308,1614.1162664713845,0.0726407184023427,0.7713289546737954,0.0223409301109967,0.9945206245702616,0.0125162542302906,0.1452742248993549,3.4574557213563746,25.730137224061032,bonafide,data/Bonafide/18402.png
2.569760070385409,12.41942261434907,1370.947658506978,6954.475053446143,0.1049583915527969,0.8985645986853311,0.0735062837649871,0.9881736286713372,0.0577628645997581,0.3146428751576298,6.428792096270508,28.880393092149514,bonafide,data/Bonafide/18406.png
0.6709333094657463,3.687827114362871,891.0143476627989,5210.53735956285,0.1078037133472331,0.8336933176424954,0.042841787357653,0.9906097234821426,0.0348870909130996,0.2120006361687751,4.380185091835645,24.0576110722151,bonafide,data/Bonafide/18427.png
0.2593311228786059,1.4297407064267742,408.6180777263469,1580.665770369785,0.0864860181196491,0.86581115468473,0.0395283576066834,0.9923090739945764,0.0272708369167043,0.2720571488251518,4.94718263332067,19.00248052653449,bonafide,data/Bonafide/18459.png
0.2760488670408408,1.3881898745039314,1118.135231215301,4823.157077172653,0.0641312348030341,0.8409084687451815,0.0359044872384867,0.9939584657925506,0.0314422781755784,0.1873344988001437,7.56045063125277,39.17940015749282,bonafide,data/Bonafide/18473.png
0.2591198642615759,1.42770132107274,975.1819450772642,4863.629847206668,0.0890684970090398,0.7599574683563723,0.0563258224416881,0.990448467657601,0.0260759935570819,0.1958360973933363,6.137321997975782,33.319164420805336,bonafide,data/Bonafide/18477.png
0.3611941552234327,1.928048071029004,212.9881552380674,919.420294609736,0.0780595246592176,0.925357240871688,0.0129494260224292,0.9942959504908724,0.0127205113367572,0.1371025798830298,5.284055326922878,22.35337460224669,bonafide,data/Bonafide/18480.png
0.6996347172900514,3.812624340704912,1083.4550029229042,3909.2585396717127,0.0819450693815025,0.8673167642575893,0.019990045549284,0.9957859501484728,0.0258964378663133,0.1928488569968255,4.107390532383683,19.755898528501035,bonafide,data/Bonafide/18481.png
0.5104972523428977,2.4029880266714576,1360.4758654285952,5752.416383949208,0.1073382067493716,0.903391433482278,0.0282664748312608,0.994254769812608,0.0234780246535793,0.1951739742989477,4.256464768367622,20.17975389711132,bonafide,data/Bonafide/18490.png
0.5436222631116874,3.0174350978547304,811.0749924488443,2764.6500509221723,0.1177194184387013,0.8141762407632321,0.0653560722725564,0.9937010745152022,0.0323355976776897,0.2960309506249995,3.561767194613493,18.623565916540727,bonafide,data/Bonafide/18502.png
0.4310606045813359,2.447801875160756,1364.706783601147,5850.626993877097,0.088689374586561,0.8738236571269805,0.032576753481126,0.9931206798384452,0.0244123216360725,0.196823425203045,7.486584018698903,39.99989277291641,bonafide,data/Bonafide/18517.png
0.2918930889367442,1.6160352691866022,1102.7031818773762,6154.822313859848,0.1010701620952601,0.9393505704033712,0.0438512528282214,0.9949307302501954,0.0483168208645233,0.2597309331087296,8.0782095924966,42.48307879714636,bonafide,data/Bonafide/18545.png
0.40370585076748,2.373265629802014,693.5855512300849,3070.46840534202,0.1204098518457516,0.7961647308640118,0.1119562498266799,0.994451789275178,0.0553905318999116,0.2676837159651488,4.298441499469551,21.24265943368104,bonafide,data/Bonafide/18556.png
0.4691101203846892,3.376669538636677,566.6154701965602,2229.048019738518,0.0878274261988142,0.815691245148506,0.0621266291518165,0.992355655692698,0.0193725028954575,0.1553551334551737,6.341529026630733,29.967035561954653,bonafide,data/Bonafide/18560.png
0.3800439148461882,2.659200613762504,712.2441394078803,3598.294708486635,0.0713009300635581,0.8275038223938376,0.0275177095910651,0.9932617679208922,0.0126595741514487,0.1406682272939145,6.301905989113542,31.69732338738295,bonafide,data/Bonafide/18565.png
0.2170644729574605,1.3087196323209127,700.1906689422981,2956.343792611572,0.1116216075918511,0.847592595613462,0.0653237343736092,0.9937270275640036,0.0400873482028832,0.2570126557445629,5.785525783016004,38.73919018178864,bonafide,data/Bonafide/18568.png
0.2377009954528493,1.335021124725524,412.83951892177816,1800.2223312889182,0.0816779327993387,0.8447237055329957,0.0359899141842024,0.990909049960238,0.0248409341794919,0.1813284822292254,6.8906633790418015,47.42186011262312,bonafide,data/Bonafide/18585.png
0.486347718095765,2.7489861986394777,2032.4036025180103,9657.734835792384,0.0628237189359266,0.7679250680501638,0.0234834116028965,0.9928825873778347,0.0127497828479481,0.1337200851698319,8.132796369510372,28.61596805742948,bonafide,data/Bonafide/18590.png
0.3380689612901256,1.9001676996406232,1726.2105285602634,9349.282927269602,0.0942234244476167,0.8927498117868655,0.0181633965086356,0.9946782088012716,0.0184055811885918,0.1468821137125071,5.674371345161902,24.649311492405463,bonafide,data/Bonafide/18704.png
1.4156072707428835,5.398358290728022,3236.756710834832,13187.287045298388,0.1502037757287554,0.8923814779483322,0.0490521915305312,0.9961447160679836,0.0428542795637303,0.2746118481160072,2.87749419354406,15.472465229251725,bonafide,data/Bonafide/18711.png
0.201521408456666,1.3551913037431678,1144.5935436611742,3896.365270770576,0.0973581686598934,0.8148903569853788,0.0370004771680214,0.9775951578415596,0.0268735885520026,0.1840752616221969,7.303467340728997,27.12269986278773,bonafide,data/Bonafide/18725.png
0.8175212018792939,5.146658666065581,2013.481624130497,10297.101955507627,0.0983009941854648,0.9174611438107008,0.076348548621908,0.9927905201075592,0.0639607334392238,0.4835109875165879,3.345059842084224,19.81100431145622,bonafide,data/Bonafide/18743.png
1.726851686167335,6.851150630317817,681.0645312240999,2755.9576941681617,0.1271700211104542,0.8847873503391162,0.0872151061966589,0.9905757161100188,0.0516134155569389,0.3299307070623191,5.163842929498583,28.87481750367651,bonafide,data/Bonafide/18758.png
0.419919101422518,2.168024519236963,889.3322850487078,3886.490616435961,0.0935019683035217,0.8166466095791731,0.03028619314074,0.9947292135176956,0.0279665345421392,0.1804333857830447,5.095333457411015,21.623607327944963,bonafide,data/Bonafide/18762.png
0.8508860440599522,4.570525724888426,1204.1495836732042,7236.372971381306,0.19288271438575,0.8818103066753558,0.0986932691203613,0.9948072674066244,0.0758241076130062,0.3416254889341412,4.303994499950425,14.966842112546882,bonafide,data/Bonafide/18768.png
0.2314298455200979,1.2498669182009388,416.126961777355,2393.999090596669,0.0885580958855806,0.8870387855676513,0.0344885607270362,0.9905451552824132,0.0175374210083272,0.162028863721148,6.337961153421925,40.804673113812186,bonafide,data/Bonafide/18779.png
0.2184899315371675,1.811342599478776,518.4203676017768,1985.693758617491,0.0819246946977154,0.8074519857394046,0.0672916127991281,0.9891364899442284,0.0295842748421537,0.198143908810959,7.650487059712345,41.35341001771982,bonafide,data/Bonafide/18828.png
0.4278273764274647,2.6373594544870387,428.1873509831372,1827.0449161993345,0.0935527492347578,0.8017179213808399,0.056154179733431,0.9877058967557524,0.0174853248794345,0.1518193547668697,4.010515447352121,29.46966523192121,bonafide,data/Bonafide/18853.png
0.244774562110831,1.428556547188948,217.35921017200224,1058.7024527092913,0.0842224249027196,0.8328953695353456,0.0325721351001201,0.9961461866345798,0.0177708001607338,0.1780398917463223,2.068817681909989,10.347087456380631,bonafide,data/Bonafide/18876.png
0.9856825613262996,6.565926141900024,795.5546374254471,3549.381385707085,0.0934667415680149,0.8520474349099486,0.034140608743657,0.9943566013821626,0.0143752773762007,0.1536563079066312,5.964519563139718,34.63028607677323,bonafide,data/Bonafide/18968.png
0.2399575787789744,1.285575897883838,641.1740623858489,2478.645731502821,0.1185670994993116,0.845453618752732,0.0484416240393102,0.9823233737874728,0.0224420775055987,0.1932322090578279,3.973063754381696,17.09856207095088,bonafide,data/Bonafide/18973.png
0.270818647867411,1.8699979537257785,1231.5715041199094,7139.179827743398,0.0783374538194385,0.7914566328255951,0.0266507835375418,0.9954921312149764,0.0247178124289144,0.1903725912244904,4.457139044754798,26.026163352817083,bonafide,data/Bonafide/19019.png
0.2378471235726631,1.2675108908445525,382.8843699566975,1522.7910594254286,0.0840303058967156,0.8233178160110576,0.036024598739472,0.9938190609831336,0.023121388089795,0.1754091607421422,5.334242840539965,28.965551353037483,bonafide,data/Bonafide/19026.png
0.6901518390019191,3.78534920626031,692.5874910396942,3147.213259168072,0.1075766634083728,0.78048302336834,0.0686700871772285,0.9916052317148064,0.0397356322611316,0.2313992318067891,4.193093819701537,20.67674159584136,bonafide,data/Bonafide/19027.png
0.2818559145977714,1.4201490166003805,212.77982024102127,1014.9540281591748,0.0798262850859177,0.6930302770673957,0.0430758357283573,0.9932057138266008,0.0420967656294772,0.2307929784731033,4.751959210530476,24.948089026344825,bonafide,data/Bonafide/19053.png
0.6005342183194864,2.958161349339085,1050.7033597472623,3945.426003531235,0.0970887694378439,0.8141601749941332,0.0322065939258363,0.9931509757425432,0.0259961361082955,0.2100495944495016,4.965591570008034,24.99528951248289,bonafide,data/Bonafide/19060.png
0.4270145002934296,2.4679325822038054,796.830012961302,5406.615422498716,0.0718172927592905,0.8473527508436354,0.0326854747937615,0.9958819651399924,0.0268335260571229,0.2728752597223828,3.787817276038575,17.777956583628786,bonafide,data/Bonafide/19078.png
0.3688389665610373,2.6073212818208416,497.0687419767664,1995.5654378345455,0.0933082226054744,0.8442433147410369,0.0248738123258539,0.9956752014907442,0.0105207542937301,0.1213419453219434,6.336659355128083,29.000584836804272,bonafide,data/Bonafide/19126.png
0.5680965285863242,2.8573762408751904,791.9961763323536,3862.8190894980617,0.0842238277268062,0.8767275069823749,0.0288216903365939,0.9930379897487224,0.0217452335267339,0.1987710590951368,4.266153185189121,20.23832867246284,bonafide,data/Bonafide/19143.png
0.5564488511229166,3.0046856500607992,1112.097894737019,4571.39039961558,0.0820395429065854,0.8201556960498051,0.0615572765779567,0.9904880079237702,0.0224365705677114,0.1640720725888046,3.926995025775688,20.240137693101907,bonafide,data/Bonafide/19158.png
0.8345148834360092,4.797700096002995,1609.4933142487998,6062.916285058102,0.1286028438300557,0.826172752992171,0.1160284657269663,0.99299545945463,0.0989356821635912,0.5518597014430672,5.956547211043185,27.264919273170538,bonafide,data/Bonafide/19164.png
0.5669198168995915,2.795155251589844,738.5164228271442,3562.494667838967,0.0911724918531681,0.8524142007228036,0.0257069574964448,0.9936049305358696,0.0136893643449138,0.1336920465217381,8.028664679114454,40.78384393735997,bonafide,data/Bonafide/19195.png
0.4811797390600068,2.3196890029528,904.3344599197452,5572.725523136252,0.1807826369753841,0.8275869028975197,0.0813732833196206,0.983766780289783,0.0500323829775141,0.2649888890293495,3.046234994735454,14.611557550519612,bonafide,data/Bonafide/19197.png
0.2628724757188644,1.6570466507899912,926.5833883039566,3706.099144670582,0.0969588669378608,0.8178707960425298,0.0438702265033623,0.99118411507754,0.0279891360920585,0.2199868351858857,4.665900814613528,21.472379025652195,bonafide,data/Bonafide/19250.png
0.372700789971172,1.6608096457013064,703.4348540467357,2779.3514302708845,0.0932750718231346,0.762037580694207,0.0308179749561848,0.991807255127244,0.0274454423520231,0.1828079182623474,5.622776531451899,27.753187056155173,bonafide,data/Bonafide/19273.png
0.2058905387636871,1.5463672340278136,613.070740466902,3501.117696299437,0.0726887700445291,0.7478970629450695,0.0568736954082818,0.9889779407035244,0.0232204875795466,0.1806403709693569,2.686564100008143,16.166303666412936,bonafide,data/Bonafide/19289.png
0.7066844677544591,5.014953844169551,547.7742528992437,3195.519352223392,0.1180852258043008,0.8745572770278959,0.0377113030079739,0.991264036355261,0.0535951752547848,0.3327799504168549,5.537618137456705,26.31729456784024,bonafide,data/Bonafide/19292.png
0.7132701582858975,3.0248821437281723,1337.0939957795567,4750.191081700082,0.1394566323670723,0.8914693496332511,0.0298703347101535,0.9923779935056412,0.0137686122018624,0.1269641722164494,6.205791563840192,37.19835907472403,bonafide,data/Bonafide/19302.png
0.4715469902721743,2.5779804473724752,919.749803048762,4198.508580353629,0.1782797200581944,0.8834344589840191,0.2031981067200376,0.995386586895098,0.0253202714052178,0.1624237460475645,5.125859817709557,21.99903060933967,bonafide,data/Bonafide/19304.png
0.257101235085689,1.4710810211517815,802.296495619143,4077.3662692589,0.1225539607315029,0.7973513151581052,0.0410843600011898,0.9931889595841376,0.0219704312584139,0.1654439056588698,4.009166706619191,13.538500868142895,bonafide,data/Bonafide/19354.png
0.3237286525314666,2.301597681263785,440.1080116738454,2131.407013099768,0.0698382854911579,0.7716206469355692,0.0465819147741156,0.994599952319698,0.0257972351673463,0.2220464193521547,3.9662782215416303,17.071935047034106,bonafide,data/Bonafide/19363.png
0.2594146083504172,1.3508888585123984,776.907625360975,3652.3017888195873,0.1131283343657236,0.814317282466407,0.0650424732834103,0.9892130551652638,0.0420907693194794,0.2798703523294112,5.902053554241161,29.62165012161577,bonafide,data/Bonafide/19378.png
1.1110229477533735,7.201240730318771,1121.6804459896284,4251.188344776954,0.0688558901630313,0.7800360494323304,0.0279262351991518,0.9882990679258952,0.0123578844977197,0.1398867115607449,4.988996348900867,20.491054306518805,bonafide,data/Bonafide/19385.png
0.223102598769965,1.8435648880725195,202.0993291309968,859.6964892767269,0.0776104492645866,0.8502533333246537,0.0224708923711261,0.9933261424490604,0.0104045361612238,0.1204756623259104,5.1923219333261805,20.173374745960736,bonafide,data/Bonafide/19399.png
0.5193662718192408,2.484076619812839,907.7387966392996,3649.246678161509,0.0773669092194392,0.783445463272546,0.0835986817471604,0.988164293025378,0.0417577729646352,0.2485736712797592,7.025482355020986,38.79365517274307,bonafide,data/Bonafide/19412.png
0.6973345655309893,4.376192036636242,1365.1558339936485,6377.757367920734,0.0777426022937043,0.8117246700856469,0.0250443961694007,0.9978422550143592,0.0208299238366592,0.1757917878264034,2.851338293117597,15.74734917670258,bonafide,data/Bonafide/19432.png
0.9178068078317244,4.919484294951012,2088.367666131112,10967.245792924816,0.0975665719354154,0.8696773174848209,0.0526730644922997,0.9936404124464244,0.047154242543924,0.3442006690596727,6.770176538839372,26.36377016146316,bonafide,data/Bonafide/19438.png
0.2314827977978474,1.532183637823626,610.8996158538231,2853.1993364178074,0.0908692132261973,0.8223821106964039,0.0447335185012012,0.9936585537388316,0.0177723644782474,0.1682159572669048,4.954140239860479,25.213200740264877,bonafide,data/Bonafide/19460.png
0.2959838552846618,2.08501495666533,641.1146748001702,4377.963312238379,0.0760516205355164,0.7910845235061328,0.0395292849018233,0.9945685905830312,0.0176706544076239,0.1660550402847457,3.614667228338327,22.33851429311371,bonafide,data/Bonafide/19481.png
0.3036354622069448,1.5944704137332966,1027.6111952912047,5361.915652933374,0.1691518650895738,0.90087710174445,0.0665423964090233,0.990645083161151,0.0429478124544577,0.2969164967874655,5.799569321213336,22.30820901031649,bonafide,data/Bonafide/19484.png
0.1782142139567277,1.507250507204947,1272.9330957302166,4664.762287929276,0.0776362371691528,0.7881464369005895,0.0321730490567341,0.9970688135769464,0.0148401813334263,0.1338978578499766,7.854317830063308,33.62184486018847,bonafide,data/Bonafide/19497.png
0.5922237883346331,3.225860281037048,1034.727395530475,4078.515419390302,0.1038497489137952,0.8969788019208742,0.032278266510383,0.995339965957322,0.0248748642586453,0.1795392465052231,3.8211518657890906,18.28808572198498,bonafide,data/Bonafide/19500.png
0.4408116077179057,2.9432146282927425,1250.7449726270331,6361.587599529197,0.1201664863287317,0.8221850279309069,0.0245962723595118,0.9970440482810122,0.0208251724631382,0.161727913906734,7.360741326310971,33.01373101877804,bonafide,data/Bonafide/19506.png
0.4029149645294287,2.3842256814143408,881.749460521482,4361.02158335731,0.1084008446585017,0.8227809868651355,0.0492993684132701,0.9906482701199948,0.0257562411252683,0.2236691477484773,4.431569703528132,24.66345871730669,bonafide,data/Bonafide/19533.png
0.8949094251976577,4.60091914532597,1066.3425112878108,4546.071698486769,0.103885329502709,0.8514839312523299,0.1254038431290509,0.990919466595042,0.0820456902076942,0.5237949590455034,12.539492798397312,50.135297865473895,bonafide,data/Bonafide/19582.png
0.841385558155151,3.55842482431817,496.7775816706869,2311.759222129649,0.1567529660911136,0.8739822703591871,0.0982206722881975,0.9958104931271486,0.082169304715121,0.3556162455289329,4.208556613628206,19.95130317913658,bonafide,data/Bonafide/19595.png
0.0906766497136022,0.6645106922936018,914.9361267953084,3107.345561676864,0.0876984937949476,0.7546595109944447,0.0863465537988093,0.9837617575811024,0.0360808537968506,0.2348083692918658,4.7324468603350205,21.8366643235332,bonafide,data/Bonafide/19598.png
0.2306426476175196,1.6853743712237723,1494.0938694161114,6699.274632525114,0.0584066933033892,0.7545510415971122,0.0381995300505149,0.9919088421915078,0.0201722414566796,0.1656514847297616,3.904958067477536,17.050764840020918,bonafide,data/Bonafide/19602.png
0.5104636993425031,2.621925912420701,993.2812032457095,6583.704742742136,0.1088277147301001,0.7979157590906351,0.0697749587103791,0.9953846757722687,0.0270443741376834,0.2323703306697473,4.165568071211593,21.230335406347017,bonafide,data/Bonafide/19605.png
0.1754498164530958,1.0433363897991434,503.6454811012895,2115.1906393004747,0.0949876430978726,0.752404841849939,0.0522654088247038,0.9891438214079116,0.0281917317460117,0.188137012823773,6.015006383365205,26.86201863228966,bonafide,data/Bonafide/19626.png
1.274753957208331,7.124112491961676,1005.3308960123912,4958.159832140508,0.0793748619438659,0.8915574062552855,0.0314667949092497,0.994313817519588,0.0413413300051778,0.2812906651829882,3.052259266602555,16.748279454587646,bonafide,data/Bonafide/19662.png
0.2589146947075021,1.7849753204498406,468.89633887441,2334.823491352487,0.0717792724576529,0.8131872629660198,0.0295330631670412,0.9902286175888124,0.0191455309072594,0.1601802159151527,5.247330824977618,29.05298565712618,bonafide,data/Bonafide/19674.png
0.3105699422596352,2.047371850227314,576.4642555555031,2248.4216176064465,0.1202485062622916,0.8127387702774499,0.0331896530671074,0.9914262768266214,0.0344796277752336,0.1790689777088145,7.449704259972389,38.95529836007628,bonafide,data/Bonafide/19709.png
0.776827967872151,3.3661963080443456,852.2892038267026,4273.675781976472,0.1816730542407483,0.8825391899607969,0.0579424204366935,0.9965199141724412,0.0700526802320127,0.3607429857370678,4.607440578424596,22.389250334936047,bonafide,data/Bonafide/19725.png
0.4468709932817965,2.5083913561628752,602.0366226708726,2436.3704958713924,0.0966504171091413,0.8570085456266844,0.0273952368361792,0.9950015164413673,0.0257784606923038,0.2209137522873888,4.060211589439282,17.83671683811493,bonafide,data/Bonafide/19754.png
0.3991543061592226,1.842643875331988,722.192691140669,2966.0295188724385,0.1054758838579884,0.7533984888856313,0.0556311666016136,0.9932762197363508,0.0275912598229884,0.1969127660815134,10.803203000491589,44.19080150317413,bonafide,data/Bonafide/19773.png
0.5604958765541931,2.7485388495940763,584.5547073226204,3005.9994325110074,0.0853323870656964,0.817022419534918,0.0657044437252387,0.995371864679998,0.0341802310235774,0.2440390159191125,8.161215445108327,40.05267927670401,bonafide,data/Bonafide/19824.png
1.075521528849795,5.487064974966088,1081.233572718456,5527.536098002032,0.1097252725786062,0.8779677442100148,0.0526134745474484,0.9924640142547952,0.0406458116664501,0.3055332484153381,8.088267999141076,37.17106027479975,bonafide,data/Bonafide/19829.png
0.5931966428733051,3.2188605842090072,644.5113459310188,2688.528761247566,0.0734414359047666,0.8588548301516611,0.0111345493126808,0.9952003348251396,0.0105459749333646,0.1096539482911956,5.038603355751649,16.82389355775433,bonafide,data/Bonafide/19837.png
0.915881513611926,4.583459375230463,408.6318201035875,1636.0051558683674,0.0958597021763849,0.8206571392639805,0.0598061375852577,0.991447922817022,0.0486864328510754,0.2613343435884798,3.2079011753996163,14.713408611309273,bonafide,data/Bonafide/19843.png
0.5399552127559177,2.8626391708210863,1480.414295900861,5844.694906938505,0.1528563989145793,0.9394399121934256,0.0510600931527594,0.9955674573690156,0.0388415285950135,0.3012643984308688,4.244065434480135,19.957944711984037,bonafide,data/Bonafide/19871.png
0.4343987996247158,2.223127395770487,1742.3599609913845,6129.023953892772,0.1223160110074305,0.829415664764183,0.060721870949322,0.9929884353090672,0.0422336929548537,0.2738135216940171,8.611365759259611,35.9906005236261,bonafide,data/Bonafide/19881.png
0.3185988276356041,1.6594939132148323,1839.676423537883,6607.799083540862,0.1248002103760752,0.8433583354790845,0.0299182484334867,0.991145975657394,0.024388951186875,0.1790570105133266,4.445707065999739,17.33808776169277,bonafide,data/Bonafide/19893.png
0.2711090524441569,1.6237717762070685,311.46712725496366,1222.2292568559646,0.1207290546528643,0.8831417323882672,0.0481476152777342,0.9954651343865792,0.04185276522752,0.2539403675669122,3.337940124296649,13.047674771739956,bonafide,data/Bonafide/19909.png
0.1202805361253629,0.9638266756415306,315.6005585568737,2383.175870357451,0.0872214423165147,0.7904207465773683,0.0349370414461672,0.9945476097062604,0.016921823159385,0.1501549409012557,3.579684708774722,17.674731695301716,bonafide,data/Bonafide/19915.png
0.1901306838118606,1.3672697279689976,508.370058515136,2366.474482691448,0.1039845003695049,0.8707875125501016,0.0228462304496788,0.994740143281288,0.0206200249478396,0.2285166824773292,6.541162005485397,25.1093409898708,bonafide,data/Bonafide/19939.png
0.6385255441510205,2.5960586117366256,506.0026462580975,2196.353278963731,0.2040359520676263,0.8064674927739529,0.2783542351293516,0.995463647590963,0.0416689406819629,0.1832138402952036,4.920493256846926,21.53908877082305,bonafide,data/Bonafide/19978.png
0.6051778053071528,2.78756347514289,1225.1833096872438,4427.69662276593,0.171237680030308,0.8388629779243952,0.1397021251007216,0.9961847008888836,0.0873256683264948,0.4201955730333779,6.026459880497015,27.66484595282573,bonafide,data/Bonafide/19994.png
0.3184988628023812,1.9481524634223235,712.5290500100875,3568.2732675370103,0.085966385812267,0.7641488099071068,0.0403978414082123,0.9870950424203638,0.0414781050753541,0.2596040817551057,10.499056689847317,42.029737403084056,bonafide,data/Bonafide/20005.png
0.8551893904467515,5.028913765851039,818.6571143291052,3763.551129145472,0.0864474864775171,0.8848254183517538,0.0434567596840866,0.989879054469244,0.0375819938142572,0.2607072390261492,4.232092759017775,28.80443705781504,bonafide,data/Bonafide/20009.png
0.3980573519316324,1.7064524056570831,1298.0575736471333,7511.306312629727,0.0674998277630087,0.8353605607991444,0.0394289251011846,0.9936919554513004,0.022420456643076,0.1941619273049349,10.467763854741374,45.01253414425208,bonafide,data/Bonafide/20010.png
0.1919928021966883,1.1287669001458884,622.6169266890583,2339.214749768068,0.1361004596981061,0.8399351663972692,0.0548007099623388,0.9927600713594978,0.0460698391070422,0.297686579110573,9.28524041915826,41.42369290222374,bonafide,data/Bonafide/20022.png
0.2520317252986609,1.284575941194118,535.0775756193218,1992.609612217044,0.107601625230998,0.7903089450617992,0.0421288928061377,0.994532413545908,0.032060698375117,0.2223771138434986,5.059244282573567,25.51187737711577,bonafide,data/Bonafide/20043.png
0.6644058782446198,3.8004011859055695,446.101896046319,2183.9768793940725,0.0967385398747621,0.9138086038189556,0.0378369355868439,0.9975351097965272,0.0246629947791654,0.1991217997687706,3.379431553819098,13.522508695926769,bonafide,data/Bonafide/20052.png
0.216888381631561,1.2928518985340385,435.4814917067073,1922.8327211530493,0.1218107816454233,0.7686310341214483,0.0513400448891296,0.9892652904928092,0.0292545629971917,0.223515344787008,3.576162483586091,12.58047561657165,bonafide,data/Bonafide/20091.png
0.2000842219957542,1.3540597738048004,436.9904103678604,2032.648438723088,0.0779818703344471,0.7996826249118044,0.0333568266939718,0.9932063744399808,0.0304771335195791,0.2119477125318764,4.746711366181344,18.66345068993469,bonafide,data/Bonafide/20135.png
0.6137575661895305,2.1334339121675665,66.67612814921124,291.232314332562,0.1854442598712599,0.7280549357490805,0.245154239132553,0.987301137186932,0.1019848365986643,0.6340527037495662,3.8944536758046384,20.095333114774657,bonafide,data/Bonafide/20138.png
3.357945544324572,18.581287309652986,426.9651151836266,1499.0168451899103,0.1780306774249034,0.8872979266891161,0.073942358337912,0.994775016813158,0.1449080465822888,0.4962230702351034,4.365509885523007,18.63664592719897,bonafide,data/Bonafide/20157.png
0.1821005992946656,0.9012109666102416,483.8981937671569,2124.582310506147,0.0913170566520282,0.8402678274812042,0.0985608000860779,0.9841954140874812,0.1063656507626406,0.4371370058640894,5.163693101344968,18.474589185101784,bonafide,data/Bonafide/20163.png
0.3668740954213051,1.6425999080885083,449.68370304281854,2588.535518940232,0.1201270126101249,0.7861629623504925,0.051222597752335,0.9928552543943135,0.0431150228730921,0.2941408779941817,4.378293086281714,21.80652320162245,bonafide,data/Bonafide/20181.png
0.3719585413875965,2.6994883424983325,1533.8188762255393,8526.514384341202,0.0747549813308738,0.8772381738189751,0.0360461607059115,0.9942090464315791,0.0124978738517398,0.1332834634948772,3.3637970256352028,16.648504960014293,bonafide,data/Bonafide/20193.png
0.1802421476794982,1.0907685459365246,188.8398655814602,875.9325200271323,0.0967495068871735,0.8357028595183026,0.0199701416957618,0.9946800496283374,0.0277892567995474,0.1986980149638872,7.493630487759718,34.115133554926935,bonafide,data/Bonafide/20208.png
0.1593921356663692,1.053059652874185,784.2461085940737,3837.017419468817,0.1057605611380016,0.8616568453939492,0.0238366083977135,0.9976278694388556,0.0124893143642777,0.1306776386403684,9.33215620668949,42.59962361846088,bonafide,data/Bonafide/20220.png
0.5117166681694666,3.308356707938956,510.6334578252049,2817.458904610321,0.0968615319527485,0.8072310193400307,0.0627080127747884,0.994534873719385,0.0340845406015013,0.2820532092856578,2.9048587143741376,16.641734826661494,bonafide,data/Bonafide/20229.png
0.2572915038615305,1.576852755739412,662.9212150098341,2122.1831558552467,0.1738672172664865,0.8362926640723188,0.0680944770098395,0.9927225732257255,0.0470124752912168,0.2354256069762238,4.227764380321661,15.2435139350689,bonafide,data/Bonafide/20252.png
0.1442196354685257,0.8714622550910686,333.0019885644022,1532.892068892863,0.1174684208181504,0.8438669598857026,0.0226279140943367,0.9892536770270972,0.0135904769141045,0.1342095092362073,5.054485190864288,28.49382753093626,bonafide,data/Bonafide/20264.png
0.4137352396394084,1.999202883897508,405.473177321118,1476.62786486504,0.1005707459104715,0.7966837316014133,0.0476122057113695,0.9905525906144456,0.0357300591449816,0.2179068872730351,9.089850925258842,43.031332210482674,bonafide,data/Bonafide/20276.png
0.2666737076206936,1.4904880753272705,1444.7340057210297,5456.492163059487,0.1102614830692062,0.8297202566496874,0.0323334910462658,0.9959479452551342,0.0144040119010296,0.1307128404861533,11.760830457222308,43.09076567765789,bonafide,data/Bonafide/20287.png
0.2591950271647698,1.5660242773757325,461.3122596100242,2035.0630899880389,0.1234295228503894,0.7475236169196459,0.0382131870614791,0.9924902382714382,0.0418106073883631,0.2324316562167944,9.45707697997764,40.24868501592432,bonafide,data/Bonafide/20292.png
0.3198340200863919,1.8578932148502196,353.6985979748471,1681.549844875402,0.0703850078452463,0.7678091897032149,0.0345436818350587,0.9963339021150268,0.0136637849661433,0.1416813699008469,5.919540890454563,26.889072245029656,bonafide,data/Bonafide/20320.png
0.3569333232747027,2.536166468952337,673.8722501107073,3726.682409403423,0.1119363374512156,0.8570953107853437,0.0705740194379009,0.9909106080238408,0.0338682756813973,0.2172456189984505,3.0709775368576677,10.982448373477997,bonafide,data/Bonafide/20325.png
0.3721082424149684,2.314557646255552,781.637415898379,3052.103149731259,0.0675452392894205,0.7685272263656872,0.0337706624326235,0.995029567516695,0.0274472293154813,0.2520733210659212,4.674031171811096,26.26823387452122,bonafide,data/Bonafide/20367.png
0.6132736959024694,4.029904403521198,658.6642374012428,2462.616042166241,0.049062301973316,0.8026458341999102,0.0276997829926809,0.9944722658289166,0.030347873395961,0.2039528965890196,5.453467850715943,29.206950557460036,bonafide,data/Bonafide/20387.png
0.74359565794714,4.040535522011907,351.35238397499654,1728.352086094843,0.1094126706403979,0.8526700778967693,0.0605357751871657,0.9846351603895168,0.0246050235316661,0.1821480970534954,4.101216056052184,20.155113095741253,bonafide,data/Bonafide/20435.png
1.6082755745672102,6.971579624804766,1531.7344726494034,6704.224892115393,0.0980232376977475,0.8714547641248224,0.0323112316766836,0.9924513387909556,0.0431352534632845,0.30789645205955,3.6815689408147096,21.27828792816587,bonafide,data/Bonafide/20471.png
0.5868622552124011,3.2974098136514947,823.9648815839638,3363.9774295959387,0.0949643979268429,0.9041825985606696,0.0532052494117616,0.9960952387309052,0.0209193094022974,0.1616447221569479,9.266107359267068,35.31976301430918,bonafide,data/Bonafide/20482.png
0.2047021819495306,1.5370123760489849,360.68187275539606,1788.5946516514728,0.0985822321141484,0.8417622626444169,0.0600614381656149,0.9883196820215766,0.0378470111640196,0.2553979370433298,2.940166510214205,15.983855501712249,bonafide,data/Bonafide/20508.png
0.6067927990969985,3.1895723790601,605.212694365176,2564.952377933801,0.095056108315927,0.7927239784923186,0.0616330667502275,0.995828511773034,0.0223166306066876,0.1704151554894923,3.627459111385948,18.20808394404132,bonafide,data/Bonafide/20518.png
0.6185100057974414,4.3259310556529424,601.2846628462894,4277.034029241412,0.0744152750087957,0.8357548394579175,0.0490873427756049,0.9890113868865292,0.0174283319832465,0.1431759620034648,4.053460226475875,22.74037605453819,bonafide,data/Bonafide/20522.png
1.3513610085488563,7.357049771367,1529.4958262464663,6411.083293454411,0.0807473095577791,0.8797648157379624,0.0226411066624314,0.9961869599888526,0.011246077731787,0.1177166329617471,5.03247761798903,26.097732948012947,bonafide,data/Bonafide/20546.png
0.5687516965999451,3.0385394469377704,1036.6942805070985,4120.372298072678,0.0960641255574898,0.8495911269028488,0.0624185435754772,0.988867236071818,0.0467242934629413,0.3389240125480121,5.380781750979686,25.389154112686548,bonafide,data/Bonafide/20550.png
0.4310076610222137,1.922837770382567,462.6098065856618,2175.774856449086,0.0727221373151345,0.9542925944691968,0.0346486942365685,0.995964024485089,0.0334495327138811,0.3169805756214501,3.0290940321147835,16.25238312247646,bonafide,data/Bonafide/20558.png
1.1986399216558588,5.660241684835771,2673.309415274477,11431.528763575148,0.115230424740818,0.8860611471398394,0.0727891046621884,0.9984485078041384,0.0505975557553839,0.269883279804026,11.586391137157843,46.04209986585579,bonafide,data/Bonafide/20596.png
0.7731620360211569,4.192107904453691,1434.4978017363617,7407.435123995891,0.0988342533082584,0.8998581870358939,0.0568500934125956,0.9959381226180044,0.0593115161203386,0.3726706187263819,6.499017990117856,25.891678534582432,bonafide,data/Bonafide/20613.png
0.7706461926474661,3.218518493762524,624.7830470213311,2460.4536002513632,0.1149568026455948,0.907580334513406,0.0454218800935201,0.990574274003794,0.0170539397264691,0.1402949497251451,3.9604973502248058,17.07326898483812,bonafide,data/Bonafide/20632.png
0.2775220082800187,1.1876459289155918,1548.5144778037943,6388.275456639052,0.1174978683635176,0.78862255382452,0.0684959152116978,0.9870395439617864,0.1114351752005491,0.4575789174059331,4.567231883596013,20.243614635544205,bonafide,data/Bonafide/20645.png
0.6142461612178117,3.736640789611049,407.3822188312221,1835.4034254247008,0.0678755304127808,0.8364629126872367,0.0462922448644909,0.9935673803729096,0.0473350278055843,0.2555072980087335,3.382151248943714,13.598944998124882,bonafide,data/Bonafide/20652.png
0.2455661879200692,1.518999998309158,1253.755232874837,4370.748309692133,0.0880942307365853,0.8744512659942895,0.0215409410423032,0.994682772383594,0.0192383651711149,0.1575705801274777,4.307961107000109,19.796508141632103,bonafide,data/Bonafide/20667.png
0.1896621702313216,1.5101319613503246,951.8505679069686,5272.997287737775,0.0675101455196865,0.7899378222949556,0.0339220095584708,0.9965426369042149,0.0220858744216976,0.2207636666788941,2.9443825073829832,14.012112260620224,bonafide,data/Bonafide/20672.png
0.3290608747785437,1.815000335791173,954.2189526198416,4527.199690844564,0.1624248379018191,0.7579908219588608,0.0657562793456088,0.9872910666972088,0.0422075712477283,0.240567646864384,6.766286014152247,32.56542872081335,bonafide,data/Bonafide/20683.png
0.239693117502481,1.146029310368425,663.3323465467129,3603.548628531894,0.0911478155005919,0.8565466525166402,0.045476160814678,0.9934307123899216,0.0466704554934955,0.3173879784021245,6.85531359312884,23.34788561568389,bonafide,data/Bonafide/20710.png
0.7172822422396683,4.123702972481917,1628.9453823685478,8316.35794613541,0.1562144829006602,0.8670194639891653,0.1622702453578439,0.992921870222591,0.0930148902761997,0.5324205929336622,5.363857294731398,17.699794852942272,bonafide,data/Bonafide/20749.png
0.7682408136662378,5.612849000672984,570.6527491778253,2960.0953694653995,0.0817216933258477,0.8261571603194294,0.0312542839054856,0.9937684729725564,0.0200835146932693,0.1580014034684715,4.884230829389151,31.82746607105866,bonafide,data/Bonafide/20818.png
0.5912974873277067,3.2979887359455424,607.7992488442821,2280.7869415883047,0.0844405105417374,0.8555720487221246,0.0186496440888792,0.9981916088729312,0.0134045340710044,0.1268257944992381,6.539238502685135,32.8374329093018,bonafide,data/Bonafide/20849.png
0.9424472703519816,4.629944203977582,2081.1020321090105,7245.698147523166,0.0732461136262291,0.8677544646912893,0.0862446418669559,0.9969460018815752,0.1047965139724615,0.4330998883637484,6.311843283728386,34.26823723632866,bonafide,data/Bonafide/20860.png
0.2474214217980884,1.4180833165966165,330.4922575485947,1490.925014154065,0.1030605425639108,0.8050709440780437,0.0471417739036564,0.9905137569992912,0.0267109996106873,0.226285723432727,6.07171767523646,24.813553802004897,bonafide,data/Bonafide/20864.png
0.4111460467081812,1.937837120728369,1454.8978818716382,4322.401047196981,0.1685504336409116,0.8464917020830924,0.0862991395888396,0.996587084023446,0.1065147091525018,0.6980151909330786,5.34096562308219,22.01501513527161,bonafide,data/Bonafide/20877.png
0.1501703385407906,0.9248941513667704,503.38195879215823,2608.5104914714198,0.1041669921967355,0.7746284804346746,0.0511401043821373,0.9924627992289498,0.0541292375304182,0.2925323847253049,4.405262196790077,28.90040212168113,bonafide,data/Bonafide/20878.png
0.546864245522052,2.892545770238636,715.1448466718551,2539.580912529329,0.0994886658037239,0.7701524563633674,0.1473149772440476,0.9914284344791084,0.0644937988786587,0.3250715668016091,3.1007316754908687,14.142208463175765,bonafide,data/Bonafide/20891.png
0.4996472321293141,2.153985653606288,2276.5296253410206,7409.4110571125775,0.1089430646742964,0.8380342742029516,0.0338427751316312,0.997096749789739,0.0596100396812811,0.3179111965295088,11.825583434464884,55.16580170191343,bonafide,data/Bonafide/20899.png
0.2003663435248279,1.4732388224295987,843.6502506911958,3362.736330853376,0.0764723971067018,0.830314837303412,0.0495807034111846,0.9962884243634852,0.026768360034652,0.2363098234720631,4.762081591820535,22.382261234005835,bonafide,data/Bonafide/20901.png
0.1907202326239554,2.04630610691327,478.4014983282246,1979.4897114708945,0.0519904359475879,0.7566303875595602,0.0181875792531546,0.9932303325714352,0.0129334829825447,0.1373584770751341,3.7180215649184607,15.37191194831144,bonafide,data/Bonafide/20906.png
1.040895895419906,4.676007998329031,1861.8080395423417,6872.958173339316,0.2120634547547012,0.9022235015007324,0.2585980908509399,0.9959239347265096,0.0760993706012754,0.4862890071483067,4.665399259223421,18.85805795032389,bonafide,data/Bonafide/20910.png
0.3065650475236578,1.7916329268313982,1011.9013262493214,4584.600407445427,0.1612879129098501,0.8024500467034095,0.0493260771587279,0.9877906519228478,0.0499203088995337,0.2395561010154729,3.874160995927686,14.267196188272218,bonafide,data/Bonafide/20914.png
0.302975743704135,1.721872790398556,389.0625218051278,1749.3029005641797,0.1036824439712922,0.8331513292977583,0.0144015702406159,0.9952439049061208,0.0135743724650164,0.1195519879012803,4.110177257489887,28.23752162572308,bonafide,data/Bonafide/20915.png
0.4025950577878235,2.91818939640001,520.7819751812507,2304.845550225249,0.0799020253185993,0.8416641757514711,0.0443936097515821,0.9928190242666536,0.0244415180553724,0.2084240373062721,4.355266835610624,23.374121554383724,bonafide,data/Bonafide/20943.png
0.3416952204768017,1.903417558882213,695.341785282888,2702.413981581537,0.1021350259881477,0.8010361124791415,0.0466460052720748,0.9924862360014824,0.0252673460350408,0.192474558996561,3.111566016821853,16.580354060149475,bonafide,data/Bonafide/20979.png
0.6315202701035902,2.360766171180513,1604.3493510405106,7236.366457395959,0.1377145098709684,0.8860138364133922,0.0555218371304168,0.9975328166404812,0.0457413533083463,0.2546019129056971,5.333334673809029,23.448036325364544,bonafide,data/Bonafide/20986.png
0.1685049841860159,1.2271573754844007,251.1622812781892,1107.4788022816374,0.0730476997500436,0.8150509022720354,0.0519989843793215,0.9902766738918456,0.0332245299971452,0.2619987292606666,3.776919605651029,23.80412619063253,bonafide,data/Bonafide/20987.png
0.2770774908966931,2.217653948626756,548.3389503585547,2303.963400574082,0.0720645849686602,0.8350239848540014,0.0291287619727236,0.991622083147112,0.0242764041680621,0.2163861886000947,5.956218420890227,25.86754668269252,bonafide,data/Bonafide/20988.png
0.4323323814606666,2.611452681828369,766.6758184178332,4784.575694993043,0.1356675058277292,0.7919138942804529,0.0382651416697391,0.993437123719482,0.0368675646934114,0.2355701517327021,5.895737931125819,21.234267602947885,bonafide,data/Bonafide/20999.png
0.4494844664483368,2.195220709732377,875.8745757046612,3601.5406434281185,0.1083697471051186,0.828513530837353,0.0382607727285835,0.9976126093825196,0.0678924030807971,0.4716080248412465,4.771700459075842,19.21355647212727,bonafide,data/Bonafide/21029.png
0.5762492378437847,3.2769633308116908,545.5918681660252,2452.162401409445,0.0981189601508782,0.8419367047462283,0.0671732357656258,0.9972434843801716,0.069442643887474,0.4711879776427635,11.21303964501506,51.85391958124536,bonafide,data/Bonafide/21031.png
0.3305406484249848,2.327596555196508,1271.402996496248,8702.190554889285,0.1021522802032562,0.8245997074578676,0.0233056386330662,0.9918019464667548,0.0173608628473799,0.1440401001882307,7.222333985298817,41.22330981265781,bonafide,data/Bonafide/21102.png
0.718306349549848,3.549609416658796,723.5220166411569,2700.22352542666,0.1207993659885744,0.8512322123004242,0.0587500468948091,0.9914475973108772,0.0327530106902004,0.2568416629810286,6.4515277469080905,33.31609646726622,bonafide,data/Bonafide/21127.png
0.2505437671337848,1.2035662920019252,741.0313555792488,3368.20416632397,0.1021824279910266,0.8338150650974249,0.0317420518464618,0.9938661218234524,0.0190990329476153,0.1513396506341676,5.558439762573842,29.42878502184041,bonafide,data/Bonafide/21128.png
0.5942639640166133,3.0540124609787025,792.0337316571175,3515.438375115036,0.1214155161672284,0.8912694081169287,0.0195977942963594,0.9958926177956936,0.0155956613638696,0.1407485032355517,6.592246116839879,34.38793050858728,bonafide,data/Bonafide/21131.png
0.8084908734080924,5.315203997582877,1220.8780151013427,7853.31836155928,0.0898540504150016,0.8684933934785509,0.0519674785399963,0.9963507066535742,0.0218734372661571,0.1933254856700625,4.606289903179667,18.46788935130477,bonafide,data/Bonafide/21132.png
0.6252271286812912,5.429791139829882,541.4663091942944,2152.8601804362074,0.0891998401873272,0.8593406103480243,0.0391105500709982,0.9917982110771416,0.0171560070647183,0.1452238213694775,5.22747961130066,24.55676265374637,bonafide,data/Bonafide/21152.png
0.5500354466661238,2.728816019621834,2979.954948003125,15457.875166017076,0.0997681118013589,0.8239548785525614,0.0334556101685675,0.9947839727109592,0.020071589932928,0.1785316628572603,7.9358773512760195,31.44248687458445,bonafide,data/Bonafide/21168.png
0.175855154367105,1.0464941477666807,1003.6303168037716,4419.028992142377,0.0884238729655526,0.770432947799601,0.0332060005686441,0.9971395833522038,0.0226535486224156,0.192116085296202,3.010692972712762,15.934006216752396,bonafide,data/Bonafide/21180.png
0.5653863701268711,3.117864958547277,2777.061510506037,13521.890287818978,0.1103318706860045,0.8274602668624799,0.0342738101031933,0.9940703102994548,0.0211784891193317,0.1669654569103976,3.584777811965566,18.088484341106494,bonafide,data/Bonafide/21186.png
1.3610391041665992,5.7394093085469,4821.494682230879,16917.743005490134,0.0739516141572373,0.897387863885293,0.0159146947450522,0.9967614736211684,0.018940017016219,0.1585306268135305,5.784177546792129,27.884645963899565,bonafide,data/Bonafide/21242.png
0.6795669255210681,4.463254055266215,742.6096295148932,2957.1286012198784,0.0730276861966628,0.8732065779656207,0.0397230711749613,0.9960029945259914,0.0186584733795158,0.1440451020135807,4.671781954841585,18.02571868081287,bonafide,data/Bonafide/21251.png
0.3015625179287208,1.7050577292214208,382.4643052773474,2018.923533959103,0.1195178182998894,0.8305304748825413,0.1060745680432095,0.9935919644538352,0.0710810224349626,0.4956170228315693,3.7041758830769194,15.750004751222704,bonafide,data/Bonafide/21271.png
0.461204221973244,2.149196387355523,693.0223166802896,3808.316512082944,0.102269394605813,0.8084571226008489,0.0291173080056474,0.9939292774191478,0.0374244308249405,0.2794620619019034,5.444393296026653,31.342884765845657,bonafide,data/Bonafide/21288.png
0.4015528378061331,2.1487227236603923,1306.5374041478076,6277.583094917065,0.112754561242299,0.8650532068004309,0.057563906194444,0.99413875123212,0.0296395469288402,0.1880225298655403,5.175832757640369,22.94676515035248,bonafide,data/Bonafide/21294.png
0.1883003158986471,1.4855803931527234,667.6122399591463,3856.814470549853,0.0971149091796402,0.8305205329787361,0.025677793830486,0.9891144805363054,0.0160387869522128,0.1529305815886567,5.271546255716424,27.63919695186331,bonafide,data/Bonafide/21314.png
2.4362581426177803,15.462698698238144,2649.4633674324527,14981.100143031705,0.1780215287738379,0.9233498095810724,0.0441639945624133,0.9863027458214012,0.049731679903295,0.231035018860152,3.6717113970627615,15.879048902497216,bonafide,data/Bonafide/21319.png
0.4871468906200075,2.8731650307128764,1713.3781870256448,8408.02155663665,0.0750180843509931,0.8868179288771393,0.0332966257865828,0.9959860691944128,0.02292413291311,0.1684780750240849,5.094762516846456,22.77642683747486,bonafide,data/Bonafide/21322.png
0.192064460498285,1.30910119474199,526.4911729582576,3342.990957978889,0.0786763162864628,0.7814090343379615,0.0337262975664264,0.9956125213005436,0.0235586227964599,0.2315545118930356,3.2367315250646143,17.40523516324307,bonafide,data/Bonafide/21326.png
0.7694584157644823,3.4086944673574497,1168.511715609778,4807.246452790085,0.1145701531713745,0.8304280491621491,0.0363309877130009,0.9957723506250208,0.0151532409123799,0.1509256999472936,3.256142321083208,21.16879074876857,bonafide,data/Bonafide/21327.png
0.187948724454605,1.094926260593782,264.5649978105153,983.8621214723076,0.1146308991261548,0.727088170097807,0.0434714603029873,0.9963263143109,0.04491815547616,0.2171074745175938,3.868415650856804,15.495315133009266,bonafide,data/Bonafide/21339.png
0.5076657456119748,2.8400875160029244,276.7684850040581,1162.6262415475444,0.1232416014220516,0.9122850792034976,0.0339188370225144,0.9966382140332072,0.022586752795094,0.2140572591949406,6.803665377976772,29.81709699825149,bonafide,data/Bonafide/21370.png
0.3904484721144636,2.566888822511501,1967.0849640096,11123.256242908015,0.1409126569461869,0.8272980010095148,0.0629742414715719,0.9944294822670264,0.0433122735558918,0.2445882677919755,4.835298627871303,18.019399783768986,bonafide,data/Bonafide/21396.png
0.2984874791508639,1.8689322104117347,641.6276500297646,2358.0686965891764,0.1057208733851173,0.7677867323261236,0.1065293724555364,0.9886057620750476,0.1161038702067993,0.5445312710451856,6.329608577784047,26.090377318327413,bonafide,data/Bonafide/21463.png
0.2397824742882733,1.715478330514293,428.50867397035387,1831.967512252393,0.1100770512266962,0.8139764994979667,0.0479613443203291,0.983019929861748,0.0251087782522159,0.2321025054690039,3.106328749004259,16.28645259282239,bonafide,data/Bonafide/21475.png
0.6911235891198765,3.0490916214792905,1952.1065371538452,8751.807574744169,0.0573259545341319,0.847112665649552,0.0483502098430836,0.9957469707078974,0.0468454809094365,0.2953841210467194,5.091816705115778,24.94727051118979,bonafide,data/Bonafide/21476.png
0.2737138072335879,1.4931721695996771,254.15811567555423,1113.3027080041932,0.0915636771073094,0.8025169465179559,0.0242558835694236,0.9938642001790452,0.0148480802494362,0.1701065665251708,2.903074156484697,17.392409809182713,bonafide,data/Bonafide/21485.png
0.2955151570198194,1.5756159672021266,910.580732582366,4356.532455478158,0.1170890364787972,0.8477450942404403,0.0411484389577194,0.9947645132550345,0.0314790696473281,0.2243448293606933,7.294138703704908,37.46738125703738,bonafide,data/Bonafide/21500.png
0.6910167072095204,4.3879283704155885,1102.7276416863538,6400.138679530541,0.1373001193867896,0.8947938169423276,0.0846858811963613,0.9849265533938864,0.0354953881144252,0.22044901869656,4.730470317070602,19.51343965196537,bonafide,data/Bonafide/21507.png
0.7241195338640629,3.4996773687971143,1119.5692411650666,4280.33918724959,0.1311740831601337,0.8552482934002146,0.0933375559055614,0.9971483520429624,0.1317096766470439,0.5254916454491257,4.009884090288315,17.73878421986022,bonafide,data/Bonafide/21508.png
0.7785330973349348,4.031746429002261,977.8488171897328,4776.519376020142,0.1951604010521271,0.8344580306906975,0.044713865601657,0.9959030238474692,0.0449189467705858,0.2092169539900053,6.786243558181437,27.07805408647621,bonafide,data/Bonafide/21526.png
0.2020887149899567,1.397150012736818,296.12467993653433,2145.153612710277,0.1029149471987196,0.8458738869976822,0.0498303957046092,0.9904341921456504,0.0241099624470798,0.1811260487392098,7.620647545623642,31.878804675810887,bonafide,data/Bonafide/21536.png
0.5675100715913711,2.645688041126418,837.9982080235944,2732.0561651440894,0.1163033187064756,0.8433560151699467,0.0394389955807919,0.9945213402308984,0.0168246175167506,0.1472463429745006,3.5019509722795403,23.388150449128958,bonafide,data/Bonafide/21545.png
0.2226087132210287,0.9109079150355536,359.2008772505439,1537.7682681853578,0.0856610061981341,0.8808550783556625,0.0593356824861475,0.993315377467954,0.0882607190293063,0.4055653008456874,6.118508777134243,29.00580502238417,bonafide,data/Bonafide/21550.png
0.4751837994769179,3.745087792174211,903.6684078778818,4405.222334673208,0.0922635832150652,0.8492736877556073,0.0307796681958295,0.9927513039128192,0.0258367536780804,0.1916286273022106,6.86056711962818,28.98627399453406,bonafide,data/Bonafide/21580.png
0.2772250031227419,2.224245768383989,705.2787229716336,3268.3536993289704,0.1072407783856603,0.7651242587337554,0.0274542542647929,0.9923473776268884,0.0211368877581236,0.1660732897023168,5.883116451770704,35.25743227029259,bonafide,data/Bonafide/21592.png
0.6686660479359985,4.31656304034925,672.529441121805,3085.442231099722,0.087491964712557,0.9425208761404916,0.0240698075608298,0.9954126791124052,0.0187168341452056,0.181142509460118,9.04282637415846,48.89299108568344,bonafide,data/Bonafide/21598.png
0.3126868336609261,1.2926545386610673,742.1172443493192,3589.144772177671,0.0998220550782559,0.8289473681058743,0.0511101575117008,0.991304306936476,0.0475156226543515,0.3496918967716009,3.8075323950096007,17.683842825984026,bonafide,data/Bonafide/21610.png
0.4682381660839306,2.9765421321751244,697.28238595764,4174.420351114845,0.1160700699575572,0.9293628333096658,0.0219107764908014,0.9977136915789172,0.0159904333975071,0.1430811993181113,2.560391919783543,15.793340638268877,bonafide,data/Bonafide/21637.png
0.2967902673830627,1.025613473206341,943.9482595404868,4613.003972873053,0.1022324567974878,0.9379490420200232,0.1314820505274779,0.9957060424409506,0.1361489931100813,0.4840030563606292,19.0985020076896,64.83443012018242,bonafide,data/Bonafide/21640.png
0.2903509305491055,1.699821113925255,481.2767184794632,2601.5219468690766,0.094207072070921,0.7961975264229855,0.0714372696331552,0.9900107526667016,0.0317938107398652,0.2145131753533048,7.044762979656655,41.67844488491207,bonafide,data/Bonafide/21645.png
1.0386675601405102,5.651597322399638,279.1512555911993,1299.547861438564,0.1409102260667484,0.8023203054503455,0.046767691544244,0.9885842184392638,0.0316131526748204,0.1929736759230269,5.018959988462222,17.54130040729643,bonafide,data/Bonafide/21651.png
0.7802047034622894,5.074201278035467,916.4384087525729,5729.206476229321,0.0618469321696014,0.7910385593156226,0.051632553501652,0.9930839189988104,0.021139474452467,0.1509606189382196,3.182397446245596,15.348156198639082,bonafide,data/Bonafide/21662.png
0.8535430602763444,4.648298672163893,1084.6992088212487,5431.668295418552,0.1122846942276367,0.8980674148599384,0.0360812760581063,0.9955046325235164,0.0232603854425904,0.1758251198124831,8.299822021617567,43.21208135741489,bonafide,data/Bonafide/21677.png
0.1917363970196032,1.1315694103420777,1116.0464296619325,5355.228363266127,0.1072101433783741,0.7560095811116351,0.0374242718337755,0.99006978553077,0.034108724819009,0.2794131569897919,5.003455398958823,21.53045856709241,bonafide,data/Bonafide/21678.png
1.1380779613027103,6.389670618011992,730.4184560762599,3862.776138708671,0.0903975873087679,0.947181094539888,0.0310805898356172,0.9926284520798002,0.0331790490471559,0.2414584627752017,6.65708580975107,25.79598686691224,bonafide,data/Bonafide/21729.png
0.3072161621229797,1.6971370196528484,541.6118436939885,2497.562744110596,0.1120027564065283,0.819909149823139,0.0207629781970586,0.9952333732328976,0.0187740912754986,0.1486046608695778,2.64867096058042,11.16855220531478,bonafide,data/Bonafide/21739.png
0.4754858412586704,2.5739016766644065,1280.8270594814037,5149.119104530517,0.0933761080979647,0.8141762198571519,0.0409671959704279,0.9890640003968632,0.0221095029351942,0.2063397256324028,4.6514961166039095,21.97656176821684,bonafide,data/Bonafide/21743.png
0.2522367898892261,1.2721027972223462,509.5719754443831,2459.020327819889,0.118255348225593,0.7747529559889714,0.0500333793428861,0.9937366325929158,0.0854632779684617,0.5238012454732206,5.30176274223313,22.50694563795851,bonafide,data/Bonafide/21779.png
0.5164143045843921,3.305054219397907,942.5555077799116,4351.05773174915,0.1187470407621563,0.8459167928064053,0.0505619531442553,0.9948691744375552,0.0306212517438657,0.2370334516379751,4.682681366493268,18.315056279341444,bonafide,data/Bonafide/21785.png
0.2337248083552618,1.5012639243914911,712.1565089953895,3880.8646609750895,0.0687138529840426,0.804689228276427,0.0365825817195629,0.9935933463798096,0.0255358151169837,0.2259249409389364,9.520465314923095,42.42145031225549,bonafide,data/Bonafide/21790.png
0.5092159874183151,3.492664514644209,839.1038177167858,3421.8094445966576,0.0832432366020549,0.8548304447042759,0.0361505414704504,0.9937736095199072,0.0179187211160045,0.1652567385567429,6.300216922568604,28.101674680721896,bonafide,data/Bonafide/21811.png
0.2898766633462902,2.0620422674514973,1281.6580582947845,5844.312774373572,0.0922313335805253,0.8339856122777392,0.0147755034922181,0.9908600435643448,0.0107743461401078,0.1283457930731694,5.234978595948442,23.457698662527456,bonafide,data/Bonafide/21812.png
0.4380994425574464,2.1422361625020763,1187.482191239817,5252.526872437733,0.1038938208182976,0.9203023810590556,0.0527073303667567,0.9894665418587072,0.0295937171094345,0.247280101155469,6.074084482982163,31.743802190744027,bonafide,data/Bonafide/21819.png
1.290197036463906,5.677043588688042,1429.9850476067022,4961.407080042653,0.1435164003291111,0.8806697926195125,0.0393063775914194,0.996787300760899,0.0522722615481411,0.3435174132851619,3.9591582962905463,17.42271373156085,bonafide,data/Bonafide/21832.png
0.1912890224057742,1.2654846628153829,802.7735912979656,4421.583876219236,0.0769403540489516,0.7774890858395385,0.04155035685748,0.9936105929592493,0.0173426784331766,0.1462047390910379,4.317873350955064,23.567345047551672,bonafide,data/Bonafide/21870.png
0.8766804733379535,4.218475183482626,624.6435022833157,2391.4280173965053,0.1389045237937018,0.9071118607639777,0.0342144355577639,0.9971673552651944,0.0265331892583618,0.2203865175353032,5.356102513098739,31.944354453662683,bonafide,data/Bonafide/21885.png
0.3750810887684389,2.4511438356763997,1276.7058095329037,4038.352913158982,0.0736391192018421,0.8228956179061037,0.0398902156043119,0.9901621771227712,0.0331828052366717,0.2591754867366641,7.284091205500192,37.66412069837034,bonafide,data/Bonafide/21918.png
0.3437648868624453,1.4135571968431466,675.3307284988522,3690.672461832663,0.1866168672702812,0.7043614504909671,0.1503406656265474,0.9943249596070918,0.1093402483809926,0.3605010726368973,5.514157634832221,22.443301319139845,bonafide,data/Bonafide/21919.png
0.3050837639080514,1.894339004725544,701.2190645048205,2673.510436430451,0.0743358682725015,0.7503289218042857,0.036903121294564,0.9946462229291886,0.0140661561216296,0.1615024298051609,6.983083420371631,35.97155999471449,bonafide,data/Bonafide/21941.png
0.3467051196692384,1.9105488289589017,899.4598940513002,3223.7807909724,0.1464873798557149,0.8897395868113807,0.0935298628076977,0.9939513172393156,0.0769893789692698,0.3752523147043358,3.922125000187494,17.66236195346231,bonafide,data/Bonafide/21955.png
0.3921540032241778,2.2754014474580915,865.3243092684966,4277.406488471629,0.1266024352190258,0.8162489933981841,0.0760612983440189,0.9937731217608246,0.0460289961034292,0.4286548933569253,5.517647688714889,23.46460646305666,bonafide,data/Bonafide/21964.png
0.2954257252959927,2.142946658044772,230.3428248203007,822.6915624833241,0.0732773237555892,0.8217322711244156,0.0234142471665345,0.9934768497405386,0.0174226971959509,0.1646049995720637,4.732528935998873,17.925074006221138,bonafide,data/Bonafide/21975.png
0.4578783224033467,3.089155675692419,895.752207853227,4171.1834857493,0.0847405954264092,0.9766011580614664,0.0553252802480079,0.9942797074703584,0.0366141782680135,0.2631781384140271,11.205712127469086,57.50354227911977,bonafide,data/Bonafide/21989.png
0.4231941471270089,1.8503935396773188,592.7750259217773,2633.1622071598485,0.1063236851285817,0.7762184144191953,0.0463836257919231,0.9942738954115924,0.0428625380334042,0.2984028287857448,3.295392203489941,17.5737571121501,bonafide,data/Bonafide/21993.png
0.242787180071812,1.3776376999624114,1023.4792432257244,5018.609461055206,0.1209505172802736,0.8558792667777151,0.049438111738605,0.991932071186223,0.0303960907704593,0.2150396248567833,6.372937221547984,26.453629415040933,bonafide,data/Bonafide/22004.png
0.3163701552401378,1.834460019266121,802.5968415016034,4673.964056216478,0.1098125930085847,0.9535047696012028,0.0631614671851979,0.9937210009318758,0.057021826738225,0.3864440187871262,3.142883817696334,11.059722085378716,bonafide,data/Bonafide/22025.png
0.4145929851907149,2.1039746617954176,309.2264257708225,1570.1606652649398,0.1192661015660093,0.8102054208240643,0.0544811791931095,0.989384779970734,0.0441381843780326,0.3487453911634719,7.504771126357111,52.01494013042382,bonafide,data/Bonafide/22035.png
0.4893028358551964,2.517706742167109,1653.9201850053437,6960.618617278578,0.1022596391469748,0.8843964680878754,0.0677645711483234,0.9933788337950308,0.0334949853546379,0.2028445531356462,5.346794456022396,28.45063846961725,bonafide,data/Bonafide/22049.png
0.7981172566248937,5.031018937829397,901.9623761924096,3692.225368494248,0.0984645529954102,0.8393364942195957,0.023256028176583,0.9952568044983462,0.0172086112710722,0.1691307923980894,5.3085377601289,26.537805048378136,bonafide,data/Bonafide/22076.png
0.3129214922533998,1.8120004657220128,1137.755446284874,5745.585446609184,0.0903705893722391,0.8320192354409706,0.0296861149925884,0.9943093282274033,0.0201772113138643,0.1651990436442829,3.1712959067290054,14.043698105288588,bonafide,data/Bonafide/22077.png
0.4923392389550943,3.193164328748173,647.6098942541339,2655.029469698109,0.0904033534165927,0.8531322873339696,0.0290298687825797,0.995269615482988,0.0289055800689048,0.1789597511235693,3.497006597421173,12.9367287856286,bonafide,data/Bonafide/22078.png
0.455856340824762,1.9818220577511885,879.7737673903392,3602.7055963506523,0.0839291111963598,0.8502017902098193,0.0295946549595214,0.9956901879514068,0.0213774412854737,0.1768364685290472,4.566222883269834,20.77222640331197,bonafide,data/Bonafide/22098.png
0.3564419590532856,1.9401001806051037,872.5063831156033,4814.432454908418,0.095752395555647,0.8858102912204256,0.0809618862044311,0.991359832282889,0.0363039472187475,0.2243816709587974,4.035514231266165,18.05035706229902,bonafide,data/Bonafide/22115.png
0.2094581864367981,1.14326627214683,1014.5265961164436,5479.685391982934,0.0548651122775049,0.7569619330431113,0.0563896502285405,0.9873789932315908,0.0458492669870177,0.2459705480719232,6.500750889175669,24.772866479794324,bonafide,data/Bonafide/22120.png
0.3213234866475297,2.054476805654273,755.7621862128981,4418.337800394411,0.0732059630164006,0.810758178939931,0.0498391990813655,0.994207333139486,0.0425510884357369,0.3849528122860546,4.070131730297227,22.48236999384773,bonafide,data/Bonafide/22125.png
0.6331885200855351,3.951789365799248,360.1957667610648,1478.611444721141,0.1040428062301382,0.8243688120928951,0.0247806347534744,0.9932015947261092,0.0161702711403026,0.1368125697719931,4.376584170688883,21.99539759534713,bonafide,data/Bonafide/22134.png
0.1588749740141175,1.2138947920207446,484.64186007207246,2029.1572033291668,0.0689110081001815,0.7980198640763139,0.0173869003466068,0.9949247354076772,0.0133475352327319,0.1398917603983892,7.767542131626617,47.02909536634184,bonafide,data/Bonafide/22135.png
0.4859754471278781,2.723934652097016,837.5415861958784,3636.6756958346714,0.1061935901160178,0.8907654777459252,0.0177573912699805,0.9945501288405872,0.0133045872789229,0.1357746958567765,5.147373551441866,26.78368583681784,bonafide,data/Bonafide/22152.png
0.1464102924590356,0.9761287743900608,557.3751666914613,2325.836881826552,0.1015640352208198,0.7670840151793772,0.0875868599019668,0.9870782450230124,0.0546213616519526,0.2899359270172678,4.557701908120346,23.95071636935824,bonafide,data/Bonafide/22191.png
0.1772684190992301,1.0674274516264792,484.48073935403534,2585.330878980666,0.081632128578866,0.7425347761145492,0.0385522144709941,0.9890474336029604,0.0199312220814373,0.1967435685928996,4.87940391609145,23.988133626631782,bonafide,data/Bonafide/22203.png
0.5616740824291896,3.7117734456166938,332.2568033151469,1357.9371928229407,0.112388810342346,0.9092740066798256,0.0291700716464828,0.990201920963096,0.0174737835855652,0.1519186923959421,10.616116108704468,56.24163777378401,bonafide,data/Bonafide/22231.png
0.5455948877241604,2.704922317667469,1393.6899505533668,5775.705228958201,0.0821459285818585,0.8624298819452393,0.0571642154649892,0.993356450334374,0.0314018297847218,0.2316804352737364,3.8375882814175215,17.857664061365053,bonafide,data/Bonafide/22238.png
0.430856716790849,2.341267015730971,709.2423072366607,3907.327618721808,0.0758166371943053,0.830721231081049,0.015639577118254,0.993521196101124,0.0187492432414844,0.1972166085255846,5.80908008267806,25.27660920340784,bonafide,data/Bonafide/22266.png
0.720601060220854,4.1381760298331285,664.0029476188652,3217.788055853577,0.1186174300572263,0.8773510203414266,0.0587655839016046,0.978351152592666,0.0411882273589056,0.2203379646945467,4.8766000825038285,23.724964354938507,bonafide,data/Bonafide/22289.png
0.2589078050567205,1.3660724114063063,848.7743651067635,3805.232413254124,0.0960211287237344,0.7738677066277473,0.0330142472582348,0.995912888587582,0.0426414193818528,0.3011214768679098,5.568041083290916,22.399143696756656,bonafide,data/Bonafide/22307.png
0.506398805017982,2.2884140417493177,2028.3137312055749,8460.833941605151,0.078239578117475,0.8581431440838041,0.0392594008530992,0.9958930981536098,0.0358524876260165,0.2436521644783335,4.917196601077149,21.807812983376284,bonafide,data/Bonafide/22322.png
0.4984961736629459,2.261257323228498,1558.2206402711988,8631.009156180027,0.1070643737028119,0.8711076321723403,0.0506962090966087,0.9852334416444856,0.0368798580732766,0.2422322729853091,7.726301531994492,33.25587044377008,bonafide,data/Bonafide/22336.png
0.2565890332515939,1.3479679323924263,708.5347071447467,3252.43943043525,0.0746788557801971,0.7976426827515446,0.0323251061723107,0.9947423105783804,0.0433064678674231,0.2285030518206825,4.486061212879909,25.89780785714366,bonafide,data/Bonafide/22340.png
2.001899612929858,6.603990282733712,3302.84724423141,12648.884804273732,0.1174975704161912,0.9022587737083362,0.0192987542309834,0.9946771962685528,0.0150889368123438,0.1280637357628176,6.297229808675748,35.42006140156356,bonafide,data/Bonafide/22385.png
0.5525609872667853,1.7255436840358185,246.30271816134052,1281.3310694374466,0.182860168669031,0.9465329516935084,0.2073908071662253,0.9939151612049368,0.0552128311269794,0.3701343929168361,4.8050157866138,17.543573747814815,bonafide,data/Bonafide/22386.png
0.2587496479699691,1.4306354045175766,2264.066943628396,8352.713256813204,0.0813955860237142,0.7695555175140592,0.0359914660045655,0.9950687628592,0.018807784249584,0.1528041068797087,5.385318241433901,34.850241333851564,bonafide,data/Bonafide/22395.png
0.3219828788613742,1.7601869204046736,852.8527376168453,4358.204337844863,0.1198596781970454,0.7920003300014735,0.0558754126544086,0.9833698918457148,0.0418306366764435,0.3015266113912359,8.683328169038399,43.404079178668994,bonafide,data/Bonafide/22437.png
1.7908868309437294,7.4885046040906,1360.4831017333563,5809.694998451854,0.1617087338950939,0.8970348170345173,0.0332939232686633,0.9922400376640408,0.0348904503983666,0.3030625634282327,4.115872876843912,16.20409780677113,bonafide,data/Bonafide/22448.png
0.8690523419342339,3.9204354606465768,1380.761934373145,5647.096083054644,0.0802450615304318,0.8517307337895906,0.0646203893632944,0.9910081985522424,0.0555315854409247,0.5007396764031444,3.6134148312432406,18.751160066301814,bonafide,data/Bonafide/22453.png
0.2483228327341583,1.449358277800099,694.7645286024048,3054.658066741009,0.0887555821403211,0.7082256027538759,0.079788455535795,0.9884895819397824,0.0391063948882893,0.2636801797626292,5.378475417736241,30.932965041374725,bonafide,data/Bonafide/22466.png
0.1942470218607748,1.38724254711367,361.3734609893657,1591.5317865100203,0.0796859223921532,0.8203279396719988,0.0316774026279346,0.9952425186616016,0.0262999176088589,0.2301325973383835,3.789028899153098,22.666771214606875,bonafide,data/Bonafide/22485.png
0.284080006064549,1.707307631773291,1495.6184361519868,6601.140010233568,0.0858888995762132,0.8076738511480085,0.0453228227397197,0.9922166667749556,0.0618173367385883,0.4557598390205893,6.382640818416848,32.91974385359664,bonafide,data/Bonafide/22510.png
0.2320619687276641,1.3693880572722203,219.86012579410172,1071.314477914313,0.0459421498136986,0.7907394968824646,0.0207283435640679,0.9944908303988864,0.011887118400045,0.1663251668145726,3.0056713734512925,11.468293599128142,bonafide,data/Bonafide/22520.png
0.5516948198045104,3.202256040229708,1509.0162022127806,8045.138580790474,0.1158518798962281,0.8405140887689501,0.0415297636937532,0.9961395218722788,0.0234762610048363,0.1686714179177856,12.869180309215592,54.32022748665073,bonafide,data/Bonafide/22523.png
0.6684655575313627,3.7304436895997575,1719.337403969232,7797.271410032212,0.0859687210028124,0.871635693721225,0.0316474229856063,0.9925204147546676,0.0215789410882594,0.1846362014880956,5.719624969684338,30.68272422903711,bonafide,data/Bonafide/22542.png
0.6200750323539213,2.2268772333569373,906.7890168407256,3033.408421853518,0.1893877162207859,0.8466967952764494,0.1076154045333948,0.989393143448558,0.0760226444980362,0.4152531226359586,4.357773961298705,16.35137187839363,bonafide,data/Bonafide/22544.png
0.5062851614769455,2.980226183137251,1965.730915812019,6644.441630526366,0.0979884146837024,0.857208442824195,0.0415051783765247,0.9909962667234172,0.0377717129744477,0.3117180210458881,3.715653215462437,16.46674358713122,bonafide,data/Bonafide/22569.png
0.4770387450757327,2.7894449725985475,743.2420803461857,2742.812563168146,0.111998287800721,0.8810952919287185,0.0266047936141904,0.9926361696091563,0.0277051661313004,0.2082959238501598,8.806259916388578,40.27275460859356,bonafide,data/Bonafide/22573.png
0.6887877092507169,4.268683535166467,777.1830818338801,4043.551059150547,0.1408084584457433,0.8122285932471478,0.0729924852337774,0.9913967772498335,0.0688099678081816,0.3456312499455023,5.027762345518741,17.092014792169827,bonafide,data/Bonafide/22581.png
0.9994274175095668,4.328430947377242,2210.3884255955227,9007.98757019471,0.1071705784417075,0.8939535154288383,0.0604823205654149,0.987691722771768,0.0511374766686215,0.3154390833779166,7.110253220048613,30.913306709047117,bonafide,data/Bonafide/22583.png
0.4349299966750131,2.111737483465613,783.9627885615428,5135.593736976241,0.1462897093297951,0.8291916005530072,0.0732920197006297,0.9926121289610385,0.0570153059120187,0.2875733651916481,5.496375940947202,26.72913485420555,bonafide,data/Bonafide/22597.png
0.3565714101096238,2.355069049514081,874.5720419342247,5334.823934083946,0.1401411078119932,0.8239140646888222,0.0779436373679043,0.9915071390774484,0.0544457736363585,0.2732785969320763,4.902817397053508,18.89313845147128,bonafide,data/Bonafide/22600.png
0.336442395772857,2.3552006227627285,1018.669206712006,5741.305711899309,0.0861409814062951,0.8485528011920865,0.0423627072703648,0.9879924662754516,0.0284704837065021,0.1958645114531985,6.225912584582642,33.53677156098389,bonafide,data/Bonafide/22621.png
1.0392320646882969,5.717686565195218,3182.1388783148386,11641.25794112488,0.0978826892039788,0.9293717805910096,0.0743354783766565,0.9983009548532192,0.0347333632556999,0.2445061040396255,6.4004301113013495,25.913322995303552,bonafide,data/Bonafide/22622.png
0.2121239481860836,1.1839487206286003,667.3247159368736,2772.188008139506,0.0755525284788661,0.7620771643433187,0.0443437762882705,0.9898781536172654,0.044016501713561,0.3374321782213778,10.446379565663095,49.90599322476911,bonafide,data/Bonafide/22628.png
0.4734022158701341,2.5897167811518216,506.6746349704709,1905.9316190556087,0.092879295208407,0.8409140697514204,0.0357853717851285,0.9944667796958514,0.0135050950661695,0.133495590660702,3.405676987327259,16.740568386110862,bonafide,data/Bonafide/22645.png
0.5818217823497872,2.478603172669108,706.9551776345646,2980.8776341661646,0.1265286924581366,0.762116641164446,0.0520241554553277,0.9930715494146468,0.0482898580069942,0.2810756499726138,6.687111725331708,32.71907823942444,bonafide,data/Bonafide/22665.png
0.2728128918430679,1.6479023100089982,420.5095607344624,1769.336835460118,0.0704379814416077,0.8666764454484872,0.0224815145793893,0.9948287841739162,0.0158185658536449,0.1513048586346689,4.511929756118834,20.09458448589038,bonafide,data/Bonafide/22693.png
0.2542819306204554,1.4593446873724354,837.3662382748839,4822.75209655242,0.0599975226367749,0.8376083042809036,0.0362427826599192,0.9926713275237732,0.024943168478491,0.2443269398926373,4.117848416986001,20.824297505174165,bonafide,data/Bonafide/22702.png
0.4033921047533215,2.889322225646775,2062.568053173872,13632.164142231655,0.0843943072840997,0.8803985550027358,0.0223231544434504,0.9917690776296082,0.0155333220133002,0.1368666252510663,4.265159793396234,15.1235128676027,bonafide,data/Bonafide/22766.png
0.3720174910864564,2.456683069444454,1604.8470097079469,10134.77387097354,0.1327269511351241,0.8160886134227154,0.0538626337074143,0.991022571374012,0.0395114526234373,0.2923492236759363,4.236876789845273,18.920730464066644,bonafide,data/Bonafide/22773.png
0.514785750537958,2.920847176022688,691.8372093753261,2370.4689871111327,0.1230111244911128,0.8484490170563682,0.0844520750425824,0.9916328524519076,0.0482464715459478,0.263671236708249,4.631007571839942,17.22532855499626,bonafide,data/Bonafide/22776.png
0.2131720890754204,1.2391436984361772,482.4519968739917,2076.946260332836,0.0684549524114864,0.818223184113635,0.0321370819212245,0.9971743433318988,0.0179369259697051,0.1724484895979348,8.869597271481078,47.11333343068712,bonafide,data/Bonafide/22800.png
0.6416832522564029,2.6479905729777475,597.445625636254,2176.714936411893,0.0727558217182471,0.8913391847185255,0.0791115968003086,0.9950815166872332,0.077849135355577,0.2914857052079515,6.521193476320834,20.82476776462307,bonafide,data/Bonafide/22835.png
0.7759677532026578,4.415979787027211,1475.0984437152918,8610.505450476234,0.1002072709565443,0.8324941440162555,0.0693186198318908,0.9963338308344272,0.0491490761211963,0.4007419128768152,4.952342407782139,21.70565466817479,bonafide,data/Bonafide/22836.png
0.6220127896609845,2.949424885628899,745.3032833237141,3544.212960936812,0.1631730918527969,0.8125731577206166,0.0716296982061667,0.980518332025084,0.0594493163039917,0.2881054756674811,4.363936089944426,16.268607344159467,bonafide,data/Bonafide/22862.png
0.3678561486007745,2.246521119379991,3193.8947787045886,20534.81588049,0.0829329945022037,0.8578116500919728,0.056503831381009,0.9932809151414286,0.0350012972701805,0.254301095599607,9.7847072170498,42.852164190679126,bonafide,data/Bonafide/22865.png
0.3156736351279929,2.283822135371524,1026.8509080416952,5195.498066546279,0.08721971939803,0.8700553890160151,0.0177019652287043,0.994107633248511,0.0124523692080736,0.1239084909858008,7.225734467837673,35.790096655129005,bonafide,data/Bonafide/22882.png
0.3262218871287258,1.8092242701755528,1369.523368574006,5536.403419370899,0.1002107674995968,0.8831117895793715,0.0518570168301488,0.9919492521628148,0.0248766965440425,0.2030248244956069,3.720921585097811,16.979059939192858,bonafide,data/Bonafide/22883.png
0.7117061960938597,3.8561619286823294,438.031545071576,1882.130548895721,0.1262469119816933,0.9027336593751104,0.0545043078351627,0.9920342449408752,0.0249972214977548,0.1756714979448286,2.719076704545752,11.766338012375362,bonafide,data/Bonafide/22908.png
0.2355920727996324,1.531762603427954,538.0143732175145,3067.731928207253,0.0683902725065156,0.784571684531695,0.0613099239362563,0.9919941680980576,0.0302462564398889,0.2248477237007561,4.400377343301981,21.30554305597952,bonafide,data/Bonafide/22927.png
0.2515047294606925,1.3236268813926608,994.2749964752352,5367.960664902781,0.1087952929373495,0.7901840161621249,0.0285781401684801,0.9916715407721112,0.0264463484720398,0.2196528375677033,4.489150624826101,28.395679849157997,bonafide,data/Bonafide/22952.png
0.8130123188575042,4.061929332241971,1329.0222180833207,8115.717837359387,0.1697649311772743,0.888415927994829,0.0840741347415447,0.9903749291130824,0.0549136039207251,0.3047623177630087,4.54219233191965,24.183635286093097,bonafide,data/Bonafide/22968.png
1.4243657768388236,8.599509115669093,900.3740187695452,3892.810745670906,0.1686255862337184,0.8768206668026505,0.103652646306959,0.99380739876557,0.0689944243415286,0.3832237905674425,3.8534818403971567,19.03411837697069,bonafide,data/Bonafide/23023.png
0.289702744986293,1.537564983693304,524.8778176039425,1964.3910671695924,0.0775146769775169,0.8789286490087902,0.0227445988086509,0.9955996935504388,0.0187541196171536,0.1794181397035404,4.11247575139395,20.48203367640384,bonafide,data/Bonafide/23024.png
0.6264818577238556,2.9491354244818746,554.7214767534568,2769.5081894055616,0.1093100438620231,0.7938635142557698,0.0648833637893534,0.995128920303559,0.0551003705276703,0.4270702417049302,2.580451065893171,10.429656981662864,bonafide,data/Bonafide/23048.png
0.2514146559282203,1.076729680305849,891.0995139456293,4873.659828328721,0.1004631805246577,0.7415400535824083,0.0759160627775886,0.995334636851492,0.0769718897152171,0.4775720632462464,4.3594867923868295,21.467943063574342,bonafide,data/Bonafide/23050.png
0.4109745264003469,2.706816972447992,1143.7534612127683,4998.895681036237,0.0817754728015379,0.8967037577444951,0.0598929079398177,0.9934672075463928,0.061807155390766,0.3163868553793497,4.486163436770908,20.00002591440638,bonafide,data/Bonafide/23063.png
0.2289467471031185,1.189395853122602,540.9356979387109,3392.57183439847,0.0888676001098673,0.8056468513780147,0.0258155738486432,0.9889075786614832,0.0168664878836637,0.1514284381712113,7.4895381801525405,37.49390719806531,bonafide,data/Bonafide/23146.png
0.3326979966968985,2.120894981571471,755.5343975059543,4040.18456594979,0.0982561752320914,0.8690819366079865,0.0500056674753921,0.9951695499803735,0.0584795251129898,0.4525900341076245,3.902534795787302,18.12595438150467,bonafide,data/Bonafide/23154.png
0.3020024024778404,1.7139652381548487,1152.4220359701956,5332.317915998064,0.081998948990377,0.85433975764101,0.0299934056319127,0.9929585749497518,0.025818643224679,0.1985677297065226,5.453104313059548,28.96234921409752,bonafide,data/Bonafide/23182.png
1.7149383069915358,10.004277219502594,1122.8369634315566,5446.112250889258,0.0990611194927525,0.8542543503298715,0.0408570704631094,0.9929077948952642,0.021271330825098,0.1977614550242545,4.025930703117268,20.635845466771613,bonafide,data/Bonafide/23210.png
0.3432817169959774,1.584076127090153,192.8458745964653,1075.7807043938774,0.0582820612895918,0.8364246727911316,0.0283448267092062,0.9957936390663852,0.0140239658500797,0.154616900905622,4.078893762300422,20.84756996838472,bonafide,data/Bonafide/23231.png
0.8432299633517412,3.915435677197976,894.8919548313634,4110.792439860645,0.1125908146143525,0.8539027520426784,0.0369291875655998,0.9875935333441808,0.0215550017054319,0.1832953582062635,8.28326026422495,33.32461247788948,bonafide,data/Bonafide/23238.png
0.2626627815623659,1.8142898402484773,2893.793599306639,18180.97074179807,0.1174713578098281,0.8246353515436773,0.0527036726567075,0.992320322088216,0.0345900553218978,0.2157542069842858,3.787041026494101,21.751522176655307,bonafide,data/Bonafide/23253.png
0.68486466820989,4.526593417165064,572.4225865353228,2781.6862142816726,0.1172207539429186,0.9046400802666338,0.0496406141124366,0.9969394924724604,0.0190425569849383,0.1581483510122861,4.021350529720906,16.792591682929437,bonafide,data/Bonafide/23296.png
0.5146720913196575,2.286585173593118,2859.252204639461,10282.522639298004,0.1677873522236185,0.8332272629855932,0.0731860396242332,0.9925930020142434,0.0572709855686601,0.3559546830070453,7.391393220814592,50.12605670608255,bonafide,data/Bonafide/23300.png
0.4196447314968843,2.8419032268342583,952.2304037568746,4926.985809246136,0.0856978580318407,0.8977872062369168,0.0378859796524133,0.9963230911505848,0.0258222085450398,0.234592904860773,5.648640602420134,27.74255301073064,bonafide,data/Bonafide/23303.png
0.2950836106237613,1.5677215722832838,571.589226145663,2364.007082488217,0.1144864506451056,0.823987057269779,0.0373774649539301,0.9935954799482404,0.0299352880105086,0.2107797817111084,5.627526561068068,24.661703381693872,bonafide,data/Bonafide/23311.png
0.3841388665623148,1.850630371524884,557.7275794625363,2122.122871595739,0.0713002816288109,0.7744430895430294,0.0297550291582545,0.9932558113389982,0.0222620899913384,0.1879730511653053,4.899774985310251,28.479940467343468,bonafide,data/Bonafide/23322.png
0.2920435174725148,1.6737301387184793,932.2228827535656,4610.120763607245,0.0661666519088771,0.7981036026091599,0.0432578644547795,0.9959954080029116,0.0265184858082203,0.2222793896309558,3.893621455744806,24.93462565326313,bonafide,data/Bonafide/23349.png
0.294711617793413,1.611430205483944,205.81557552407352,950.3975159633184,0.0812972888178478,0.7865616121560036,0.0214558772897179,0.9947488432667876,0.0150751295328785,0.1425806697146995,4.208964227607271,21.98614058338759,bonafide,data/Bonafide/23365.png
0.4567157686444608,2.223114238445622,612.3699033080328,2835.8532151427207,0.1163144763414952,0.835611728130496,0.0417097150281412,0.9881748584415904,0.0252570805355028,0.2269048435767016,2.6867691526447404,20.65870594445297,bonafide,data/Bonafide/23368.png
0.5798425908434028,3.5539908058387533,769.739743164331,3338.753448671182,0.0666679298492992,0.8100325910385995,0.0139278619725029,0.9922128045282168,0.0090208869609466,0.1140178370459789,7.991171441026206,27.64997304513626,bonafide,data/Bonafide/23376.png
0.2028291785481946,1.1435952052684484,318.629197690953,1914.0806904495903,0.089623333142521,0.7730949433502102,0.0362657081452234,0.9892783140883342,0.021831594400614,0.1753455976629124,7.460737309822359,35.996631327903074,bonafide,data/Bonafide/23380.png
0.4938285150391699,2.4317499388257757,740.1608652913393,2600.955324345712,0.0635292892633513,0.7738905919620824,0.0351616779704803,0.9916014096809632,0.0243131590507698,0.2165744518270395,4.998326007843296,27.392447939612683,bonafide,data/Bonafide/23402.png
0.3535247652455174,1.955928442417384,910.0469505356964,3736.978250386248,0.0957427712987937,0.8793239001747383,0.085913666095271,0.9874232622672094,0.0576073765789714,0.3593132612130101,4.369874259019035,19.178396911377217,bonafide,data/Bonafide/23407.png
0.2412887774940451,1.7991062873545691,1159.8663856367311,6166.263439585096,0.0783652636524357,0.8248510919918738,0.0511954393209197,0.9900927428865778,0.0264481828515318,0.2168866224339571,3.89003420615573,16.85967155508165,bonafide,data/Bonafide/23447.png
0.5631649473454021,2.171392794402336,960.0955002087162,3595.404124262737,0.227254712488689,0.8148253462247903,0.1785054560447053,0.978476770545722,0.0684603814107126,0.3401838916411244,5.815776019574433,25.248152784932635,bonafide,data/Bonafide/23461.png
0.3164450334499204,1.67947988968437,679.2328573119938,2922.7839856435385,0.09248651350941,0.8523258697313297,0.0606954631142647,0.9952991482702812,0.0431257149510577,0.2862594973688869,4.282550783742848,25.33547573127545,bonafide,data/Bonafide/23480.png
1.5946614697358432,8.03509935094642,901.2377862637104,3962.321943492494,0.1293338296366855,0.8291845806710497,0.0788151647104246,0.9865663714265772,0.0623402677803922,0.3887835259569033,4.006308393219391,18.512448578703715,bonafide,data/Bonafide/23487.png
0.5562703731434894,2.5770989066065377,754.5279117521488,3481.471043020768,0.2085749241208639,0.8629446865822635,0.1331522237006875,0.9943441672378796,0.0955002242425255,0.3594424387626876,4.491723818395831,15.9230890329452,bonafide,data/Bonafide/23488.png
0.9378210642796274,4.439847174331846,284.93171365185606,1443.470504224189,0.1095139107111389,0.9356214000637784,0.0966879697479211,0.992116897176577,0.0829368500837723,0.3427923624068198,2.8592907306814195,13.640293935399212,bonafide,data/Bonafide/23552.png
0.1410895395290986,0.932301725265618,775.1788129478658,3207.746781408165,0.0982062797092142,0.7880144352038146,0.0345578906429352,0.995620198229888,0.0194616635540299,0.1795555333553949,8.72110808851073,29.370756234298295,bonafide,data/Bonafide/23570.png
0.7767540363618001,4.5831435994337095,917.9857476521156,4399.380940667994,0.1244818124384365,0.8357500602767474,0.0480295968151607,0.9897588085122132,0.0321664113983434,0.2105592869688268,4.206213007423962,18.247647913446524,bonafide,data/Bonafide/23581.png
0.94131997203637,4.284248650481452,1378.364443040491,6525.201988480788,0.124290382179619,0.8803092094973083,0.086685924921218,0.9953757580465986,0.0741197093642448,0.4420682799706192,4.425998586890462,22.105987538948668,bonafide,data/Bonafide/23585.png
0.2488960542544485,1.4090179197648116,2397.301715937091,13352.65718735954,0.0821489166302521,0.844456435014234,0.0525090386521707,0.9865009835127736,0.0338392503586599,0.2298173989418791,7.356810196140141,34.785782608173925,bonafide,data/Bonafide/23605.png
0.2661824625931284,1.374729931167304,785.8247948883119,3160.3066985688674,0.1139667923419444,0.8684767379094268,0.0261983871348284,0.992959908451619,0.0207898599952612,0.142588052667964,4.1580730281874825,16.971066558718473,bonafide,data/Bonafide/23606.png
1.321153970147464,7.340195238215271,2223.092668848866,9884.410921492245,0.1058035979673726,0.863666380082552,0.0444739375146193,0.9921259979914268,0.0201416730806871,0.1560236482220902,4.489146199804438,21.38255754957521,bonafide,data/Bonafide/23612.png
0.2993050014545103,1.6932029795182917,575.2505147062556,2083.6705943100296,0.086529009504444,0.8253922876848572,0.0332891762328707,0.9938478153376088,0.0128491962313144,0.1299517281920646,4.950538138565352,26.564547082263505,bonafide,data/Bonafide/23614.png
0.1409780772338362,0.780387252377351,841.9258811578142,4715.576554730852,0.0635925692934901,0.8109609361116388,0.0372610382465557,0.9939313836369064,0.0619074274260291,0.2636189256843149,4.615438566553347,17.724422172104248,bonafide,data/Bonafide/23636.png
0.555690872092523,3.241004361956362,1325.5668940121311,5925.746077645454,0.1310795456110965,0.858622198779938,0.0492919338306637,0.9954847071498,0.0414744149792166,0.2242317607395679,6.175053675241311,32.538934972485684,bonafide,data/Bonafide/23655.png
0.5532249947997722,3.4440876712435955,1362.8333180884845,8220.982971568086,0.0696617640871354,0.8585210060938869,0.0209063633669261,0.9955502267843231,0.0167446471067971,0.1733620528723605,4.79341300531502,20.082012352176747,bonafide,data/Bonafide/23687.png
0.6254158677524988,3.3026595862725245,1334.5012431521911,6124.848983986765,0.0965945521083872,0.8721441249627283,0.0183367685078569,0.99556387564766,0.0194193264445109,0.1874697448958937,2.9359729299170927,16.029949928851437,bonafide,data/Bonafide/23691.png
0.3220092996256252,1.698071189718245,515.9696642633629,2309.4147277510438,0.0968239817658783,0.8209066916099129,0.0418977187462069,0.9949305512724996,0.0189292889187804,0.1791508850503461,7.316277683216939,42.212954039639214,bonafide,data/Bonafide/23718.png
0.3257375820004418,2.086317531826939,492.8047752184672,2077.043253539184,0.074459465144846,0.8611821545761301,0.031426898839076,0.9960367669945448,0.0184845986073335,0.1373714670467857,6.841029478209302,27.825861780984194,bonafide,data/Bonafide/23719.png
0.790040562214283,4.4497151679804,1348.6379566084042,5390.90956854127,0.0934081972184999,0.9547049578792506,0.0449051423067833,0.9878351568849084,0.0171224111695056,0.1506137187316988,4.512163545882904,18.636835785719978,bonafide,data/Bonafide/23744.png
0.4131929770760313,2.142499308999372,658.7940582136379,2464.043963454524,0.0837093828395617,0.8426197790878427,0.0379137153243047,0.9911121176101548,0.0147146234704191,0.1390892941730242,5.6565540263124605,32.84536537012177,bonafide,data/Bonafide/23748.png
0.3502177320757375,1.5739318296194402,1138.4554227777676,5042.383047969943,0.12153380420753,0.7883402234570658,0.0477731786910664,0.9977125190883864,0.0412982920638419,0.2389373851286936,10.194376793487816,42.70445029462157,bonafide,data/Bonafide/23756.png
0.6618863497511297,3.947618493817126,485.1097843971788,1632.2961904705085,0.1137590025305832,0.8274112299640779,0.043876199436866,0.9902326787775706,0.0199986547056816,0.1790546194885169,3.693505035832024,16.161974675173283,bonafide,data/Bonafide/23773.png
0.5161158889479519,4.313089506584959,567.7651236198296,3564.696754460196,0.066482572338066,0.8891489031232129,0.019479491356442,0.997936454845926,0.0123610888373924,0.1376611606377457,6.97302685183634,28.81471169220689,bonafide,data/Bonafide/23791.png
0.4878051634396099,2.941530490710056,408.7345556124988,1749.8038444333374,0.1336857652714347,0.8095139550504078,0.0876075587933294,0.9898733762388996,0.078092512204757,0.425571546458742,3.413420831889132,15.84161701824574,bonafide,data/Bonafide/23819.png
0.34489474838632,1.725806830533113,385.8732194741102,1267.5049381929284,0.1821567528100748,0.7481002455788743,0.1038008423770484,0.9908219569466564,0.0798962464276596,0.3527330316498744,4.566223407043693,15.366984363603809,bonafide,data/Bonafide/23823.png
0.6941935321173633,4.4067301876473,769.111065431166,4037.402538769692,0.071697113355839,0.7630628281780648,0.043353436469793,0.9942986250383762,0.035789542976908,0.2172243737993713,4.465019581502542,23.958892974312228,bonafide,data/Bonafide/23835.png
0.2553376900369774,1.466081237703181,1102.3158272065148,4910.792508143553,0.1106912899241245,0.8510567107122327,0.0489347303072666,0.996105108858032,0.0244835649036281,0.2110507712003751,5.299027712637965,20.83879849450152,bonafide,data/Bonafide/23896.png
0.1017877508392007,0.6363540170830622,813.6897332860647,3055.736950622389,0.1546194435035717,0.741344878016117,0.0382009887733352,0.9933725885542996,0.0316280124430169,0.2007657455292299,7.84554493624004,34.77385928663741,bonafide,data/Bonafide/23904.png
0.2488131054553937,1.527604888770697,356.309419612917,1723.2588928183557,0.101625749919672,0.7941981302784721,0.0414290994057074,0.990678802524997,0.0311363891311005,0.2441396577401394,7.302222385406894,37.74243631973796,bonafide,data/Bonafide/23905.png
0.3459765835202094,1.869024311685788,1413.2325073619768,7271.869904174505,0.1120739462807107,0.7991540925995242,0.0509452740721361,0.9939133352851708,0.0286119849061716,0.2172409705598934,4.209704211554729,21.5267737275418,bonafide,data/Bonafide/23917.png
1.874602222251887,10.428495687791482,1512.2992100000986,7985.17084117491,0.1331821550513976,0.912712500481104,0.0228678872668865,0.9958078428304497,0.0237441495951478,0.1763314555986123,3.281983741005737,16.842598342604685,bonafide,data/Bonafide/23919.png
0.3232038979902019,2.05938448782882,691.9764688219361,2976.790695466498,0.0900330303936024,0.8034901296835973,0.0482699309179077,0.9927781742644776,0.0187542146426371,0.1412642823295846,3.997426599713537,24.347248636347,bonafide,data/Bonafide/23955.png
0.1162370235723776,0.9446038240141482,712.9518014960958,2597.217544443288,0.0698715676525583,0.7869532144715972,0.0339739790826206,0.9869627739563942,0.0328464778187294,0.2083289180842314,5.436658489854231,36.69129601937891,bonafide,data/Bonafide/23993.png
0.2134051287035029,1.4713310103242117,582.9001414310756,2479.5536490155423,0.0994190805531829,0.793653733472006,0.0558441107793732,0.9934305218914098,0.0381381179637442,0.2312471893533634,4.611643204609835,21.591922431746376,bonafide,data/Bonafide/24014.png
0.172211568240875,1.0178638088610104,721.2568209889616,3153.172152109894,0.0626174103975762,0.8151371200855152,0.0457587452359822,0.9880446697181352,0.0363845212948572,0.2904651243664635,6.526360576518343,27.66312406182242,bonafide,data/Bonafide/24018.png
0.7000140246565311,3.955789192558128,357.5336327121992,1608.8432109553164,0.1487902645708052,0.8723807355522156,0.071086887308741,0.9920500905956192,0.0628934839676763,0.2675777044767798,8.315967546643114,33.28170397520498,bonafide,data/Bonafide/24038.png
0.3935160861302433,2.236403136559008,348.2730135097111,1994.6518978279792,0.0938439789022127,0.89918627691815,0.0282789312858796,0.9939697683761096,0.0246879438607073,0.2024861382007269,3.8364469344320726,12.564919453154303,bonafide,data/Bonafide/24044.png
0.7079166774721932,2.501812693730506,1867.4180007329655,9703.061373940443,0.263851171448307,0.8090518184869989,0.3596419353959217,0.9868739805933188,0.1127255668812051,0.8497788951776651,5.693172674967425,18.027110795513146,bonafide,data/Bonafide/24054.png
0.4684683497027846,2.7981419643341394,1061.0758330949543,5137.659021504627,0.1104479315024845,0.972778569415492,0.0610569192681396,0.993308114024501,0.0559374490865938,0.3659605287053215,4.651337191515001,20.01250373487285,bonafide,data/Bonafide/24059.png
0.4450795224629633,2.010636599204965,1201.031722119326,5213.490377164932,0.1246117153127548,0.7199015801269995,0.0626488650287044,0.991102953566968,0.0889393352996294,0.5831805249237523,4.22688894467757,15.981624700283648,bonafide,data/Bonafide/24067.png
0.2114779752433694,1.208750277998632,915.9401057899004,3214.566016767366,0.0679749497878383,0.75854994733782,0.0682265907580768,0.9840355175547364,0.0502455075467216,0.2641820198788435,3.1340055855903195,14.162288944908866,bonafide,data/Bonafide/24098.png
0.2563987972086947,1.2196708576363646,435.74530287090175,1699.9342885269964,0.1326933436147656,0.895570119143854,0.1362311239579879,0.9900183794989916,0.0487140694495527,0.4233157498486409,7.270250696186794,39.82931965198507,bonafide,data/Bonafide/24104.png
0.8778027453007127,4.659140307852437,2791.262322869285,15705.922366968854,0.1137868360618324,0.9116646210969044,0.0554938371826809,0.9866762843743718,0.0283788312899695,0.2004625476482304,11.983085265956456,59.82471785052267,bonafide,data/Bonafide/24107.png
0.3385929114638871,1.7679760567245986,679.588846338178,2560.4217695310444,0.1181439710752249,0.8300286300249703,0.0439910859471248,0.9894691480061856,0.0225226698402704,0.2057735896346472,5.853407259327112,29.21881672008822,bonafide,data/Bonafide/24138.png
1.0060078928017246,5.879482189056904,2642.0807336257044,10798.447307520666,0.0614263047937885,0.8775085555973631,0.031711159816471,0.994481729103321,0.0191056148890457,0.1746490335152,6.247789181766903,36.527027556642125,bonafide,data/Bonafide/24156.png
0.4438043388990428,2.559060214216982,999.271954785699,4439.812976151732,0.1346514575459743,0.8455007177193584,0.0400210280736087,0.9956477948322932,0.0354620834503565,0.2380653105218301,7.762781909700649,42.86967517660805,bonafide,data/Bonafide/24176.png
0.497019740115763,2.5228512561892225,480.6090949877662,1689.663140382805,0.0854756866606363,0.8992275172336931,0.0349385856725743,0.9920482597009646,0.0274673126465298,0.2036701034447623,4.023584791484224,18.365003704653702,bonafide,data/Bonafide/24182.png
0.1957945410343767,1.782738575222835,1024.1718331733196,6122.336135523694,0.0578344971813517,0.7910242137517645,0.0198254202396119,0.9950679610552468,0.0147747793874218,0.1448709894769044,3.4341974590696305,18.123253849614205,bonafide,data/Bonafide/24219.png
0.4646344375361085,2.28678253346609,683.7564843096935,2517.476607356657,0.1213029377644612,0.8530482509493662,0.0254605157692753,0.9960768966428564,0.019617902772546,0.1728890314605662,4.705911179110369,21.369047489142854,bonafide,data/Bonafide/24221.png
0.2981155813971327,1.6269953207989292,578.0623077948247,2351.328365352718,0.1202714351214976,0.7773453054752255,0.0589412276256011,0.9922141894897292,0.032392514818191,0.2380959451584034,6.923229619470082,27.8990679283506,bonafide,data/Bonafide/24224.png
0.3129462449516057,2.022596607507012,1222.924225670792,7462.639810580791,0.1452314489688796,0.821134200555307,0.0724714877213717,0.990167391833535,0.0599568713409004,0.296664703450004,4.500967681858684,19.743640039260185,bonafide,data/Bonafide/24265.png
0.2291907634490334,1.447700454867142,408.64336190065126,1989.23083347016,0.1070282427812209,0.8486506182463764,0.0343724923844656,0.9841486713141102,0.0192270425633937,0.1967969977359744,4.707146999274642,21.041083174564942,bonafide,data/Bonafide/24270.png
0.1293352309288693,1.214421085015334,369.2923977531799,1971.800991355914,0.0507475843049915,0.7847220528446787,0.0137164251296796,0.9946469750936056,0.0092909177666008,0.1100750815718932,2.780710029558706,14.046065759103138,bonafide,data/Bonafide/24285.png
0.2356201363147795,1.4143597936598953,1000.312915971767,3632.791749630173,0.1000141503410877,0.8144211595893271,0.0446973784486476,0.9947311912291462,0.0471912173959098,0.3463660276659992,12.608853565013966,49.558030399983714,bonafide,data/Bonafide/24301.png
1.5179750933628322,8.781659121096528,853.3042330611682,4579.038297456787,0.0748990883837226,0.8681548265790288,0.0179433919247524,0.9964435363480648,0.0193799372998604,0.1599613076452654,4.600257923495832,16.135178676827536,bonafide,data/Bonafide/24316.png
0.3971138740295968,2.05763456362181,987.2779920188492,3675.877173612769,0.0845600160978493,0.8189342806343054,0.0318526569712882,0.9967554116189122,0.038721760408274,0.2319527264258156,3.836043605558431,18.508595238514424,bonafide,data/Bonafide/24323.png
0.3709568774999677,1.4464505090049915,596.6066218316655,2916.2332590046526,0.2243536803072811,0.8096258987708813,0.3116009829355693,0.994397828156074,0.0403233915607497,0.2103984188359025,3.518490429983423,14.605811200382936,bonafide,data/Bonafide/24328.png
0.1753377316509482,1.1398716823317276,300.9398764934967,1426.696691560908,0.1085499350331619,0.8607549512719829,0.0158932168713939,0.9947640973504576,0.0092941910001044,0.1160370710842045,5.102078360107116,29.06816736229792,bonafide,data/Bonafide/24338.png
0.2755862377421417,1.9378108060786392,431.7327782371668,2618.000621426254,0.1303533027978732,0.7921090207068798,0.0368387302364773,0.9951212703606168,0.0306426830563671,0.1910191598058839,3.27972334077673,14.745891725785734,bonafide,data/Bonafide/24371.png
0.2457327300523422,1.884142077955372,226.42285340802584,719.6406092139421,0.0767221177613755,0.792972963857316,0.0245485601564111,0.992623525448736,0.0226330902527614,0.1647213506844492,3.5680878019549764,13.14917571244521,bonafide,data/Bonafide/24387.png
0.2018740480662586,1.355743911387487,1402.3999545091444,8029.512260860224,0.0883876726259279,0.8039185632046354,0.0157395846445583,0.9952083539714388,0.0213310456373035,0.1695699575623476,7.114606976676875,28.15951519457512,bonafide,data/Bonafide/24400.png
0.3030627151585906,1.8710110677403635,282.2960763318628,1309.344413965513,0.080655933297339,0.76870063751014,0.0452370422274486,0.9893291647960316,0.0179043650579545,0.1499300645234758,2.058870588389786,12.395273714162354,bonafide,data/Bonafide/24436.png
0.2721169356735464,1.7338722706751974,439.2503040634495,2033.991652719158,0.0988842418716325,0.7824956909778289,0.0633895729974915,0.9901531877914096,0.0404158524317049,0.2218350910035607,2.9435014538070665,13.677616149242136,bonafide,data/Bonafide/24454.png
0.1423633429132492,1.312969448252223,382.99457706776025,1351.7581689299109,0.1102730991533419,0.9380652618221782,0.0215557265350663,0.9955630445087206,0.0106931333674439,0.1326342232314024,5.786623658622169,24.16739365357574,bonafide,data/Bonafide/24462.png
2.045461806076441,13.37497333265068,2676.936885814257,13365.94154872702,0.0999031685428708,0.941879165123941,0.0237468872147487,0.9939209978975284,0.0135998182862334,0.1240639158719751,10.482905329152787,48.32913462175947,bonafide,data/Bonafide/24467.png
0.4979819643535741,2.658674320767915,2496.542047118043,8497.613375008958,0.0686884154910073,0.7937215982170643,0.0967118919181178,0.9955780935842848,0.0916279421892841,0.5068237391747515,10.254795259530685,38.210957892655614,bonafide,data/Bonafide/24478.png
0.7400349964953357,3.5807659619384955,1341.1628738383074,6351.728470166826,0.158730276017653,0.870305995576086,0.0478562315864456,0.9919324485653696,0.0419309787352074,0.2148525937294864,5.555908258399465,19.07302188184528,bonafide,data/Bonafide/24492.png
0.3238141274144406,2.1480122281176963,392.5940282203939,1413.8797139678766,0.0989773300963761,0.8853128582780906,0.023765851910269,0.9927146707602824,0.0215949004033601,0.1958333840527898,5.382507403791836,24.498302215386573,bonafide,data/Bonafide/24539.png
1.006581462212394,3.602488705290179,1938.8486820330272,7898.431541258381,0.2115983827205025,0.8923199664115008,0.1046757053197492,0.9955213833527792,0.094159107192695,0.4068877382770216,6.279995925200458,26.20118351437384,bonafide,data/Bonafide/24546.png
0.3524405154782405,2.7308554049758684,1169.7686802751437,5320.402383988927,0.0669553924786167,0.8900350972724782,0.0165053441595646,0.9969209715023511,0.0137705882684224,0.1489652313015103,9.699092107616002,48.62325427908869,bonafide,data/Bonafide/24569.png
0.1791354729115523,1.236591177412418,327.2893617339242,1468.8435081091557,0.0878573002871537,0.8687996673769348,0.0161791227709618,0.9955226275359268,0.0122934596827806,0.1367988565570417,8.494317177571704,43.25526004973238,bonafide,data/Bonafide/24576.png
0.4206632236454137,3.750574396642807,669.8355977951152,3110.9520808627785,0.0774233298218518,0.8485797565690454,0.031705978382529,0.9926893796439756,0.0193264161773772,0.1805054426590306,5.20086304699775,23.740288691378133,bonafide,data/Bonafide/24593.png
0.2688408366413263,1.6972028062771722,287.95862513211057,1385.9480429101184,0.0918339568761175,0.897145725071916,0.0244511570611636,0.9966121722574188,0.0155761042766938,0.1434588705309177,4.446421857842094,18.79684132755701,bonafide,data/Bonafide/24614.png
0.2633753020514999,1.5523538168412696,309.51161095355366,1427.6689164942309,0.0728430874582401,0.8021581896237678,0.0315749460442482,0.989831545447377,0.0226312658283184,0.1674787821206243,5.413024249339311,32.184879327480395,bonafide,data/Bonafide/24647.png
0.3859896708999097,2.371357817696627,1333.0719367301265,8264.209861625644,0.1216171490727567,0.8093694985165045,0.0585610446279061,0.9938573115773514,0.056829308274605,0.5165611034309431,3.603087637276016,15.687502210121076,bonafide,data/Bonafide/24654.png
1.3148326111897024,6.64525165350953,1640.2546879139973,6221.853185512349,0.1674107034322685,0.858017011581101,0.0795318281536529,0.9935329644564026,0.0626009985287408,0.3530856893926596,5.434344103303591,21.54525098176681,bonafide,data/Bonafide/24658.png
0.3868837522232726,1.9939399539516125,760.5208234453628,3515.9342765525525,0.0756410404126462,0.8224067700570674,0.0325740299914315,0.9919142034046956,0.0202928487888775,0.1545708073008262,5.365551792090295,28.472223001842888,bonafide,data/Bonafide/24659.png
0.2981346907792885,1.591970522008996,964.3042723770836,4225.033698670087,0.1270178116743951,0.8168088204829903,0.0451114506146289,0.9824822723454923,0.0357471387181366,0.2192396330445525,5.714367696586423,21.29092538496224,bonafide,data/Bonafide/24664.png
0.6196896019459809,3.497164319747949,1234.812284626912,5327.360747427154,0.0899620766541325,0.7908555756109703,0.0754590345596783,0.9964791961200532,0.0513207633713804,0.3601411764724762,3.175189224933855,17.538983320108454,bonafide,data/Bonafide/24668.png
0.5563623221721228,2.432434119718742,488.20640315688496,2014.29240317262,0.1419500865123015,0.7909230541977329,0.0499411316472831,0.996580845706839,0.0396812824481109,0.2690347855997265,4.3609947050706825,23.58821549894269,bonafide,data/Bonafide/24671.png
0.1580797673183425,0.9584848017464468,368.86029346878126,1737.4906771025064,0.0922030657334441,0.7831592438932673,0.0524724424903133,0.987224967896863,0.0388498888082849,0.262512036712125,3.234156464278409,14.976034092424172,bonafide,data/Bonafide/24684.png
0.5022503793152753,2.795392083437409,611.5543659867648,3948.921879967152,0.0900670958830295,0.7663279569326484,0.0408323226301709,0.9944052925066564,0.0202730736966609,0.1468389802463017,7.045715495533968,27.674744399495157,bonafide,data/Bonafide/24711.png
0.2100976394146411,1.460423588011344,551.3355272372758,2757.789593536639,0.0574277828140738,0.7260011295901841,0.0288934702432631,0.9954196730712064,0.0146467231593572,0.1360411257876755,6.294837223092414,29.674449973582323,bonafide,data/Bonafide/24737.png
0.3323738394300381,2.2608889181322853,666.0774965065348,3306.5675683599065,0.0852817879806847,0.7833832735186103,0.0200296065496751,0.9961944704497924,0.0215773042290198,0.2264150842377709,5.540881387107395,26.08920901319297,bonafide,data/Bonafide/24745.png
0.2892497301915989,1.2756947469104198,616.4530484812457,2775.1912131722584,0.1528524434800005,0.8167158150432774,0.0781799791542861,0.9968221817751484,0.0945800816598293,0.4557343889328025,3.7217675327439386,16.396250511032957,bonafide,data/Bonafide/24781.png
0.3273148230939866,1.8833263238137583,251.5154332380635,974.1822941627296,0.0750593431066881,0.8074383496780518,0.071514589980401,0.9880434186490764,0.0615645582187324,0.3256753463373765,3.1817095816467478,14.108205942633749,bonafide,data/Bonafide/24802.png
0.1919386786485832,1.3430339355681498,628.7368572103262,2306.807095445902,0.0872080348434208,0.7756036878727107,0.063259739253212,0.9972000948961594,0.0502299213398264,0.3430697110669582,6.227711530869225,28.921388712109746,bonafide,data/Bonafide/24821.png
0.6510577677913227,3.8730559338086543,1316.2311177024817,5585.507394205342,0.0901642984364446,0.8552016642669961,0.0340720348699729,0.9964912711659152,0.0262170305265636,0.1961422628721638,7.182049861978804,30.153124787535912,bonafide,data/Bonafide/24823.png
0.2476801858249526,1.6494548743430373,365.0009643670333,1857.078802281672,0.0857435631617227,0.8160702574996255,0.0271636376823551,0.9924909841461252,0.0204735941337253,0.1799079815397015,3.253423146157453,13.528080460835712,bonafide,data/Bonafide/24838.png
0.224424129313615,1.2885626106281336,458.0756306040616,1862.0699184410628,0.0605539356120575,0.7519686053110508,0.0378782008198066,0.9941534172517242,0.0404776833931477,0.2423490045815032,8.639086588721067,36.43992955272128,bonafide,data/Bonafide/24869.png
0.5852175081285521,2.768380095490102,862.3881595516004,4409.893903427379,0.0871231038728964,0.8962697322665609,0.0380608559953065,0.991526418085196,0.0181712008554373,0.1563287390817256,8.835498142801352,31.30849353865865,bonafide,data/Bonafide/24874.png
0.9721370866509016,4.046574734124822,1669.783604941871,10648.879874669876,0.1181881069324098,0.8663095435954546,0.0262232949485024,0.9972481055768424,0.0192492574507549,0.1593458447262609,9.989499599315447,42.8843515546562,bonafide,data/Bonafide/24881.png
0.3091990148409382,1.6700724024060818,279.8332609938225,1289.0015084342836,0.072315507466981,0.8011127850416913,0.0277489132711513,0.9922728052489764,0.0173398609962036,0.1679884306691951,5.084222076425383,22.48920293265666,bonafide,data/Bonafide/24889.png
0.2217990549049075,1.0057590699854513,361.6442537231624,1282.337097588514,0.184282443521299,0.7708398573549843,0.1202425884519043,0.9768088036927056,0.1415093739845951,0.6356749483147345,5.849814622166054,33.89174454756004,bonafide,data/Bonafide/24891.png
0.5295900384100367,2.275743537904575,1274.2025750269029,4433.751691625032,0.1160548170912004,0.8287989561728957,0.0246339697527367,0.9971257379558122,0.0204770734961689,0.1671175253840303,2.165787403371658,11.463060140696896,bonafide,data/Bonafide/24902.png
1.4109826414001172,5.967188916605248,1428.9220496975804,8449.461046217526,0.1256469118157112,0.8913563033853986,0.0372016274977118,0.9967399252516624,0.0172161528953036,0.1568242351997546,4.081780621577917,15.6534814474675,bonafide,data/Bonafide/24932.png
0.3800219353047459,2.294861130933039,1550.4664863199748,8622.218829927393,0.0664856360836467,0.8589016993257573,0.0328587929707938,0.9949601100155152,0.0135333096230302,0.1707903429172988,4.203698087841417,21.44834312380824,bonafide,data/Bonafide/24940.png
0.5643554175919447,3.853148901288305,853.9325135912194,3260.26158719919,0.1086037566456399,0.883870910748484,0.0354073472504668,0.9946976229482496,0.0165388810981891,0.1578771637297481,5.11879144272579,18.687492596862437,bonafide,data/Bonafide/24963.png
0.4961921039855351,2.9192682970389194,385.6326387532877,1564.2899155671566,0.1155247774661583,0.8288002908620611,0.0591301189990143,0.9942775222792783,0.0201913781519837,0.159582166319696,2.3524139556850368,13.013971792741495,bonafide,data/Bonafide/24966.png
0.58922896288445,3.021277036715234,951.1815276238354,3369.9204031716363,0.1885066726121219,0.8376706592340624,0.1066258136515787,0.9878143247263578,0.0797643214839456,0.3447518293826641,7.153084636491768,32.35753465590098,bonafide,data/Bonafide/25000.png
0.5361179839708812,2.3274649819478603,964.6259245877716,3394.2011240271104,0.08798368383865,0.7560300900759865,0.0312818562929845,0.9890270367184129,0.021147275134703,0.2164034412291481,4.6879098076049495,26.38125385515641,bonafide,data/Bonafide/25040.png
0.2477214847557627,1.3239163425396852,951.241299347286,3768.509985291359,0.0939167965998056,0.8244493780568928,0.0626417092368817,0.9915723313463584,0.0442806298929833,0.2916334774880008,7.652725981115677,39.23989315139976,bonafide,data/Bonafide/25048.png
0.2942615676016672,2.750525605648652,383.93141270697714,1879.5619415397844,0.075130366259335,0.8270854475838846,0.0468605891218338,0.996072262802699,0.016001974951767,0.1455415041712883,3.255905239400158,14.230018802852063,bonafide,data/Bonafide/25049.png
0.3749388697421503,2.524693281670286,746.5852926496362,4034.0966959212496,0.0891740026038422,0.8465671857373984,0.0139023197249333,0.9960911072765616,0.0138212136898361,0.1286780149767432,4.698294854929205,23.536721782216905,bonafide,data/Bonafide/25062.png
0.5310198919454183,2.794655273244984,1141.818877354683,5538.33102048705,0.0933280196499361,0.8886546261830638,0.0237792917705957,0.9979359941682172,0.021515498593919,0.2110602481606639,4.601608817518228,22.688619628630544,bonafide,data/Bonafide/25064.png
1.5635163342125664,8.677189961670505,852.6191644952113,3324.438105158325,0.1133740734845404,0.9031123728800654,0.0454335651653654,0.9956865978860894,0.0200968322212772,0.1753080088948105,12.012061973583402,66.54711472614669,bonafide,data/Bonafide/25084.png
0.4668461178262516,3.0611700457051203,984.9021416923644,5157.982677628318,0.0768819118665327,0.8842432914574112,0.0398449091245196,0.9947644795987278,0.0158156117078006,0.1387053940647493,3.2640496259833407,17.250102877202128,bonafide,data/Bonafide/25119.png
0.2747638595826507,1.697426480799873,585.4637575569792,2328.6814198928128,0.0664473439218913,0.828777773731933,0.0253003978914353,0.9952131768091346,0.0211219671781091,0.1769034591110137,8.620828949803112,49.80497756166701,bonafide,data/Bonafide/25124.png
0.7847729062157313,3.070432802409896,1049.2528058982116,6001.4921636972695,0.2140374169690153,0.7809122226867153,0.1342585482818359,0.9951552006425992,0.0949634858355195,0.3424811313801234,3.711412613532024,15.035638287102277,bonafide,data/Bonafide/25127.png
0.4216305881048648,2.445433556685103,965.332440300528,4706.115281526232,0.0847058767495712,0.8836261665901713,0.0321517322442192,0.9962288261389184,0.0294092559851066,0.2048058785690152,8.106810909041554,34.68984167312997,bonafide,data/Bonafide/25128.png
0.3606386602402812,3.690024387615282,1404.8966715456895,6860.2484050713565,0.077188828721988,0.7948362090555137,0.028403949548533,0.9943353545099216,0.0208943152731211,0.1609514808697757,5.618844854396838,24.55139314864624,bonafide,data/Bonafide/25133.png
2.75295312317784,11.034114193990517,3726.422803780437,19550.58651710815,0.1315277072619865,0.9074993036149758,0.0423466727716722,0.9955735720747416,0.0333353561468096,0.2566349431052135,4.280951712630369,25.187318401149387,bonafide,data/Bonafide/25148.png
0.1727900354337868,0.9653002960263812,646.210017026882,3431.6736403794644,0.0740407906132329,0.7912418810851712,0.0289342264420469,0.9922286694955468,0.0275959795162753,0.1850864455409308,5.048229460424083,23.79682958732262,bonafide,data/Bonafide/25162.png
0.5253168507011272,2.897321879164536,1759.24091528957,7079.590112419546,0.0793894611490708,0.8228077081552077,0.0506246708398846,0.9882738548529904,0.0280790933782015,0.200032244179763,4.290805498752951,19.431804451446908,bonafide,data/Bonafide/25164.png
0.5647918043476386,2.3754497457295605,1652.4497480530408,7458.392068107081,0.1218447762541245,0.8798142275375768,0.0558108816568161,0.9948086094379222,0.053594626193621,0.3494542039293528,5.249356156698723,21.530268197849068,bonafide,data/Bonafide/25170.png
0.5738314158461268,2.958279765262868,910.5566185912746,3410.862722844565,0.1655721079904658,0.7961552798158862,0.0869314100695342,0.9959270617323284,0.1265464941792234,0.6226644285341933,3.159793033077055,14.76989748742079,bonafide,data/Bonafide/25184.png
0.173999497170921,1.032257922263034,850.3860226197102,4168.320781326281,0.1316903266871007,0.7606209558544653,0.0824265829319114,0.9860390959683388,0.0474119450571528,0.316532317252657,3.948234609018277,19.281681356404224,bonafide,data/Bonafide/25225.png
0.3302013049379409,1.930126928357632,766.6702333860269,3467.234850823539,0.0777202753987574,0.8142342663305913,0.0288080077761508,0.9952249533810807,0.0199811985761295,0.1805066971799176,3.3184847543970952,18.68702671747856,bonafide,data/Bonafide/25258.png
0.1269835871873849,0.6935752229198084,473.48170867984055,1852.574024010814,0.0930252222242828,0.8162103482724494,0.0280437101906858,0.9896345620901296,0.0451719619340868,0.2769372267270003,3.148454962300733,15.824670057516338,bonafide,data/Bonafide/25296.png
0.1833649709633198,1.036073546473808,554.2710546131699,2250.6113628936905,0.087195427961865,0.8551232395956263,0.0260074681577147,0.992086933729147,0.0180157777870789,0.1545239956800247,4.110130834510161,19.445637055765623,bonafide,data/Bonafide/25301.png
0.7011148877427853,3.645605258871925,1416.185056185511,8348.708048248747,0.1737009671474529,0.8805470554276734,0.0916526465541341,0.9948220971109312,0.0735682851154558,0.3491721081513123,3.744880296870876,17.052438944650802,bonafide,data/Bonafide/25312.png
1.4364330962711291,7.087561443487434,2157.776541801092,8195.020878679945,0.2041808260730946,0.8498650449285079,0.2121733109766846,0.995929596020688,0.0706367402488261,0.3735548896958426,5.249966751589223,25.616606688597283,bonafide,data/Bonafide/25320.png
0.157506596284326,0.990838663588838,500.2437453726645,2506.4537657771725,0.0817907975781343,0.8173044016575428,0.0214782980056852,0.9947830291126198,0.0173240022006628,0.1631225613880003,7.622542392581375,41.7681021877124,bonafide,data/Bonafide/25331.png
0.5678321577999613,3.012408999756401,1306.0890871704553,6368.593043040641,0.1053698407191196,0.8480107386087515,0.0208029430282672,0.995641457598671,0.0158279974913906,0.1315113595671118,7.629201692993315,34.07912092943169,bonafide,data/Bonafide/25343.png
0.3656208854595775,1.8848788881477976,935.729728986532,4366.682956518566,0.0796403331910587,0.9068414714192056,0.0480414063727043,0.9952695640880336,0.0217284541784114,0.1690575392733964,4.821734162224805,20.945421322725203,bonafide,data/Bonafide/25372.png
0.4918472926347502,3.4139968692779394,500.242881049288,3464.4662677795795,0.1050373855732135,0.8450566069279729,0.0509384107906149,0.9949443473893914,0.0176845159905976,0.1677243124129984,5.198103122087912,27.58466373381678,bonafide,data/Bonafide/25377.png
0.2124976948598159,1.7901987784211415,520.5082895863478,2386.97523834464,0.0683995280641213,0.8240015409498052,0.0210049765265458,0.9935746650138704,0.0111561637044097,0.1230073252426523,4.376672541443429,27.086377478762383,bonafide,data/Bonafide/25396.png
0.3620512429390533,2.6535561213955314,603.7759955391369,1998.0177537749817,0.0917912825641245,0.8429877875077821,0.0328532456345455,0.9960799569838864,0.0276408573493271,0.1876339588618293,5.573394700524233,24.96696216427374,bonafide,data/Bonafide/25409.png
0.5857717914063116,2.8731255587382822,451.38370244400073,2257.440238825323,0.1547030657837298,0.7428533386523843,0.0943759249966024,0.9913286135866564,0.0852231508247223,0.3426725348362824,3.471414204462515,12.558098217426524,bonafide,data/Bonafide/25436.png
0.5560556736257907,3.178257079676426,1961.1146476532624,7180.6355510382045,0.0485030230168999,0.8865103603435878,0.045867730039412,0.9952206723124188,0.0339072143421758,0.2271578988348317,9.084954393552922,37.6974151589191,bonafide,data/Bonafide/25438.png
0.2395828489631343,1.4342668261802445,1311.8909936202,5391.65204801937,0.0519877527030175,0.7407168552469042,0.0553662089100037,0.9909402664115262,0.0187492256248723,0.1735468883917923,4.362886637461545,22.05324844558173,bonafide,data/Bonafide/25449.png
0.1249327667719563,1.0055353954627508,951.8052602179235,3655.8494135905194,0.0542604686225772,0.7252195899468272,0.0406363092279516,0.9942506909718414,0.0369175719416645,0.2737329417339526,3.915693049273206,19.549633654678946,bonafide,data/Bonafide/25462.png
0.0966816600758855,0.8103464810943597,445.0033596802208,2265.3040169733777,0.0569791292717021,0.6646128183388618,0.061164915895047,0.9910732148775842,0.0300917786226068,0.2499889224003844,5.566251233936381,25.10910406289927,bonafide,data/Bonafide/25467.png
0.543752010490442,2.86517853451998,1274.5240045315195,5442.901864906928,0.0955964291147171,0.8239059812529363,0.0602810089287597,0.9982303401180942,0.0343970504283402,0.2472015149599381,3.535929038561276,15.620944745129847,bonafide,data/Bonafide/25493.png
1.2531310809739546,5.77611824491952,1307.09162638128,8241.541071477885,0.2303258726311969,0.9308555316227136,0.1436820169408479,0.9940228647460913,0.111184530739142,0.4760393315260528,4.757020287065207,22.402378646304584,bonafide,data/Bonafide/25512.png
0.2275532967307348,1.1431346988981828,316.7011480453842,1301.7863803347864,0.1823668353303203,0.7478669019166626,0.0895378463563149,0.9707485607367288,0.0670396893694068,0.3302762364668844,4.000204068984907,16.671361072228837,bonafide,data/Bonafide/25527.png
0.3473819271566076,2.279138127719677,1178.708564100015,5367.977965597947,0.0670243553739909,0.8163392235235429,0.0281459969828818,0.9957464172706004,0.0160020199012042,0.1367527856353835,4.486828006305284,21.544069881951437,bonafide,data/Bonafide/25566.png
0.4314773708536774,2.690593990889769,379.1587321698124,1460.0696943971366,0.0936555290983812,0.8685125016934072,0.0238333814674246,0.9944189838010346,0.0163251330346617,0.1334189380729213,11.173318932416336,47.46827233821619,bonafide,data/Bonafide/25574.png
0.3317004272801402,1.7541082363171647,747.8188959916347,3709.953394838571,0.0870251337975718,0.8676242071100109,0.0836174045656622,0.9952137670080996,0.0605460038934551,0.3572101651973073,11.064239298150303,47.0144610122616,bonafide,data/Bonafide/25583.png
0.3891939144820511,2.1929839645053715,779.5139435086162,4111.037009167581,0.0900857481420097,0.8236026653252569,0.0358616106628895,0.9903807725203012,0.0440321587861507,0.2740152389699106,7.029324380319782,47.88694828876019,bonafide,data/Bonafide/25606.png
0.5857131291600558,3.146955803823213,1206.7810691743828,5065.143472915652,0.0999683396542054,0.892907052924175,0.0241239825783985,0.9966873276072592,0.0180073583508369,0.1773118756268746,2.2968860089202483,12.5041253135664,bonafide,data/Bonafide/25607.png
0.4776360241310191,2.010939217676854,486.1854183404862,2235.6039440492987,0.1430662281967762,0.8277328093609677,0.076034523746494,0.992578787978214,0.1006579702476859,0.5919069929623277,4.707131740189288,24.35586747154386,bonafide,data/Bonafide/25628.png
0.4792025300908102,2.333214732913751,1212.56922565201,4933.401520807722,0.1101887165284365,0.7644018609508344,0.0386449652745529,0.9913206892059364,0.0342842437602954,0.2744777583583156,8.247000560819387,41.02504305502752,bonafide,data/Bonafide/25631.png
0.2065506464036533,1.403689203194593,402.7259646740843,1624.336405276394,0.1287197169491261,0.7899634520008961,0.058858365921214,0.9788785169853166,0.0613141520583534,0.4039183062278664,4.047521554623999,15.518739886934478,bonafide,data/Bonafide/25640.png
0.2254486035408643,1.3631909572609286,912.5070833937524,3604.884171268816,0.0877180818268611,0.8118094538180644,0.0339701234105771,0.99692876522368,0.0261160517145749,0.1824999386080823,2.814445440420321,15.741019530664678,bonafide,data/Bonafide/25642.png
0.1579384456825857,1.0668090573578364,1451.619142726575,6839.529064464334,0.0689982017593069,0.7463073946192904,0.1448691476017141,0.9867716370470424,0.1149118921821194,0.513168473002232,2.7370068444026043,15.650568187486616,bonafide,data/Bonafide/25648.png
0.2890734515524638,1.8322495886888448,1659.1412969961982,5244.642855244538,0.0858133741072774,0.8333908651090584,0.0229496391623752,0.9961827594653644,0.0208387866155192,0.1869599543983386,4.652136654453179,21.62386148117588,bonafide,data/Bonafide/25684.png
0.4973486024704097,2.765024977649593,794.0769321078227,3437.3599364260094,0.0935015303054004,0.875414479021875,0.0420524984372533,0.9933237283637152,0.0384025746485213,0.2677552416006344,3.2972348459687626,17.660110571029506,bonafide,data/Bonafide/25699.png
0.2988005694844762,1.5103687931978895,2237.929857869173,9600.928034379893,0.2086136104294325,0.8962128695455721,0.0536031332636048,0.9953001366250054,0.0557453797829358,0.2437986754715027,4.472854633657703,14.689123600389491,bonafide,data/Bonafide/25710.png
0.5288113701954097,2.735789401800145,1240.2499472863967,5903.277016829985,0.1066110305271439,0.8810293091695764,0.0144542499607658,0.995411063159719,0.0179467273471025,0.1497487328025469,5.124767673952649,24.518838449909214,bonafide,data/Bonafide/25717.png
0.6519119587234747,4.111085097936633,1801.4659949185384,8938.091477502849,0.1137440825074207,0.7993879487217793,0.0257873972276324,0.993342258053556,0.0308951186288859,0.2360892921367328,6.921879667804736,33.940943850081695,bonafide,data/Bonafide/25746.png
0.3610490682690132,1.7579633325025328,552.5669519305355,2593.2460446515497,0.0933489110741765,0.8557624616898049,0.0429838996885008,0.993743633899633,0.019687720632515,0.1742819567297947,3.411060015997986,16.447947796820724,bonafide,data/Bonafide/25750.png
0.3229302052342513,1.9073515990167704,495.50363815621967,2996.7852798911435,0.0696290439326134,0.8252917431630429,0.0750521693694313,0.9807240298778136,0.0554915916721926,0.307514148336911,4.081472672290958,17.73789706357003,bonafide,data/Bonafide/25784.png
0.2933433525991047,2.798234065608192,512.5732501140518,2801.417334365411,0.0605579846011246,0.7521473595706337,0.0333299214988275,0.9889894532339456,0.018888973639799,0.2045793776267708,6.653470991061163,29.514776140850625,bonafide,data/Bonafide/25786.png
0.1592282699462663,1.374085222248932,242.6569086999429,1232.781784414253,0.0722621619208753,0.6931015545260254,0.0780855817246051,0.988726388901348,0.0300088645604221,0.200466980682372,6.316248907300801,39.84156272340086,bonafide,data/Bonafide/25800.png
0.6057378674886102,2.654779752607952,1744.3227743938417,6182.852729192934,0.0954905696753038,0.8382291212582599,0.0145430664011315,0.9977044144700644,0.0153790681031679,0.1533200558034003,6.704199935536358,22.831706594112003,bonafide,data/Bonafide/25829.png
0.4978373222640166,2.296768943038426,2561.427361653008,10133.028999729777,0.056055866839971,0.8372676412273468,0.0397468956889884,0.99671577340223,0.0387249215714379,0.2437950971637969,5.361138692355561,26.763091618123617,bonafide,data/Bonafide/25837.png
0.1708492129612003,1.376992991044039,310.78084211714463,1518.7950156068248,0.0777926692971499,0.8374273507710935,0.0413935347945424,0.994356013666911,0.0196194009985974,0.1597864685305464,4.347633013384348,16.98226908274484,bonafide,data/Bonafide/25863.png
0.6371344216328123,2.845574120471521,420.3887779708478,1828.1861770006967,0.1345060667125713,0.8085079050028624,0.1231556455349371,0.993366467378128,0.0966045414009399,0.4253396617920856,3.57608692893038,12.665829167431095,bonafide,data/Bonafide/25866.png
1.0740450740157013,6.018515640902591,2281.355736035094,10701.631585462015,0.0987959645599665,0.9042574296286762,0.0390007467112055,0.9934563834697614,0.0163622095241107,0.1332384922761531,3.8708142194040662,26.950612469301213,bonafide,data/Bonafide/25892.png
0.1047117693820996,1.0684142509913346,975.0662048532038,4055.909173643424,0.0541866985858065,0.7210628545844056,0.0308746499715734,0.9917150069003876,0.0223426035019103,0.204510828290284,10.713143233658418,47.36434768640231,bonafide,data/Bonafide/25956.png
0.2783885373415822,2.1871157976156983,323.6248863253103,1623.531021057751,0.0762653623064464,0.8876533205056439,0.0223815876743104,0.9927003066697744,0.012625404816823,0.1339079082226355,6.348373975373386,28.900468124775045,bonafide,data/Bonafide/25963.png
0.6488470145109584,2.7089747737258087,910.0836880844188,3948.821456357922,0.0914485979350752,0.7912648074146433,0.052364608861527,0.989852594370126,0.0246804176514394,0.1915927836759843,4.705090849248641,29.1975676512454,bonafide,data/Bonafide/25981.png
0.4456700772662009,2.687357288973044,472.9981114465938,2001.8535776125,0.0940518947872736,0.7838973875569462,0.0083533847623141,0.9969255101855928,0.0099103752603442,0.1209059185253485,18.02569940383079,71.17231962426781,bonafide,data/Bonafide/25991.png
0.8317818520172302,4.722992805421011,1469.0570132835471,8007.285783323179,0.1604144781139004,0.9475231721607262,0.0416849854332777,0.9978374213941036,0.0269941461515887,0.2470431525550889,5.801856989462233,26.683843917453004,bonafide,data/Bonafide/26013.png
0.3169819277804668,1.5621033945660403,971.9140020447808,4062.2013301308234,0.0971395976804889,0.7982443069637172,0.0214217655110501,0.9962336362919458,0.017495950747811,0.1511145697357173,4.814735510363435,23.56581970462144,bonafide,data/Bonafide/26036.png
1.127173681386992,5.724581003424341,1382.846016001807,6653.1620201981,0.13942833370421,0.902322500386393,0.0328448861137725,0.9948338360263694,0.0375064556617279,0.2197792603512512,4.198318841120744,19.98955611246264,bonafide,data/Bonafide/26041.png
0.3752867169343493,2.069568257274127,834.1471545791248,5241.173735904602,0.1034141110047077,0.8578735565664984,0.0616690801192565,0.9914529063765432,0.0493772505638859,0.2885923824185796,4.3508596205511445,26.244385496009084,bonafide,data/Bonafide/26055.png
0.5631795554781708,3.184651539560688,2790.268001087636,13022.616327471242,0.1078773255551509,0.8016220629334941,0.070557028404891,0.9954342113621472,0.0494766745028518,0.2905009643633338,7.039865132319188,37.1703184950627,bonafide,data/Bonafide/26062.png
2.7721201062089778,10.885252220470868,3880.9802731363,17991.38854941175,0.0994345976804284,0.8903603238639293,0.0503285673290976,0.9941690448077196,0.0298418701457795,0.1999810276645761,8.551220743493653,42.11783258391298,bonafide,data/Bonafide/26077.png
0.6997475065558174,3.6212115785727006,1049.9210667917423,3871.0954407112968,0.1831679305331502,0.902513617153947,0.0561238801674035,0.987212557302563,0.0545774564377004,0.2488272388651257,3.133697619110494,12.030730099715642,bonafide,data/Bonafide/26117.png
1.1848301406753134,6.225861923446001,726.7232518783551,2689.992029255568,0.1026800595332901,0.9093175898089434,0.0317891642844692,0.994418718567366,0.0262076608694535,0.2482682125576883,5.236749532681162,26.432074202956827,bonafide,data/Bonafide/26139.png
0.4458200796744786,2.4999311962748485,1408.492946191695,9528.584939131792,0.0868479370762516,0.8223561945653234,0.0809455078070013,0.993555891287844,0.0457779509913142,0.3722387768993325,3.2300260427222,19.47382960462317,bonafide,data/Bonafide/26142.png
0.5558029906187983,2.7984445828060283,4170.308196470491,15094.153658099378,0.1548651465146789,0.8396331199653342,0.0936210858560061,0.9888087938821928,0.0942597315619962,0.5322571675637714,7.274555061225512,24.699496043692545,bonafide,data/Bonafide/26151.png
0.9050249122953686,3.755034729771953,747.119041200621,3433.0469560858974,0.0908322791521067,0.8544986763381556,0.0392819970110636,0.995949499885042,0.0295673838419,0.2712264696045785,7.498557455386746,46.72616438396294,bonafide,data/Bonafide/26154.png
0.2142993414488371,1.526552302781518,1013.4910040160296,5117.461757383111,0.0704920948689197,0.7575820786216321,0.0305217077633529,0.9904825380070889,0.020225687149319,0.1564437857858034,9.181867019241505,46.076027534421776,bonafide,data/Bonafide/26180.png
0.435337906154557,3.2996991881779585,421.46039761867615,1615.3686780124733,0.0611977042593666,0.8440349656467767,0.052853250057257,0.991457791790344,0.0180631280684655,0.1522836815266773,2.0037624017134625,10.482758817984468,bonafide,data/Bonafide/26186.png
0.2383745379819942,1.3265214928629034,902.6048534604636,4633.024532209395,0.090493954803326,0.7601262251359716,0.0742412733476342,0.9896421093797636,0.07629757587912,0.4330824104386067,8.01345705580501,43.214375066056114,bonafide,data/Bonafide/26224.png
0.1909195701402347,1.364125127326325,687.7467079890494,3085.7773494816065,0.0896416967155034,0.7780331989811844,0.051458326007453,0.9980061915316648,0.0253283022723358,0.1803462326474615,15.414558612769758,71.7922692613769,bonafide,data/Bonafide/26235.png
0.9535192114830384,4.528238082773157,953.543427246449,4762.522192757098,0.0899888513309523,0.842791795856444,0.0524213813888352,0.9939437253685812,0.0184227313650955,0.1514162442077292,3.0241227748057757,14.935607204412689,bonafide,data/Bonafide/26259.png
2.110568212554779,8.301706224680608,2295.376541736377,8010.503379630036,0.0960953200180457,0.8791937338610893,0.1140901797731133,0.992950843383276,0.0728688227061039,0.284023361836179,4.6001474057464975,17.18533185353309,bonafide,data/Bonafide/26313.png
0.2837419002206872,1.274984251367724,337.11080255679195,1519.987753347412,0.0717718264123789,0.8242584490324346,0.0460937018937728,0.989639041336212,0.0665648771790952,0.3147417321204963,8.0513242661136,43.60826004505249,bonafide,data/Bonafide/26314.png
0.2683515495913778,1.5467356391240263,823.8210161806069,5189.762971079381,0.0931776753131907,0.8427382061822727,0.0227767452317168,0.9924326195770028,0.0176148534612841,0.1738336696716342,3.988232653235745,19.55539779710412,bonafide,data/Bonafide/26316.png
0.2184224357841243,1.5273285849485376,989.1013945588802,4563.632519034609,0.0857007595662345,0.7539817979163708,0.0448980183125031,0.994030645989947,0.027386260063608,0.2010979919612872,5.02535492941182,20.768473438791546,bonafide,data/Bonafide/26317.png
0.2812417740494458,1.6366922692242412,686.8779418078008,2880.784862890387,0.085093029694677,0.8718000901482142,0.0447101578526995,0.993284507281486,0.0294868487495025,0.2022213533867939,6.87224883565372,35.59135919880729,bonafide,data/Bonafide/26321.png
0.7390918352639246,4.621497201414421,403.7702411732621,1804.51049491727,0.1081445456284339,0.8437648845628286,0.0472271558915282,0.9884039020073272,0.0313165054756435,0.2409632143032161,7.556696424595691,45.55232221699647,bonafide,data/Bonafide/26333.png
0.3401955735387363,1.990361161588404,1101.057310289763,4174.784412162416,0.1190218355698737,0.7640138437408627,0.0440764708307374,0.9962999674826108,0.0418491894293532,0.2550442481967335,6.134894110580457,28.00448084179366,bonafide,data/Bonafide/26341.png
0.8014418269177144,4.547605664974052,2969.989827997383,13850.666663385377,0.1184257003768737,0.8608492596753097,0.0343317486955035,0.9940833598336912,0.0277492455139925,0.2082649499761595,4.161389200385683,20.77696780447187,bonafide,data/Bonafide/26345.png
0.3452373170637515,1.837420417360687,612.9180066264574,3611.821272345267,0.0653277864029916,0.760089114142374,0.0316339306713131,0.9960818437123788,0.0173782170190678,0.1353725363486903,4.387740625923163,22.722656655520613,bonafide,data/Bonafide/26348.png
0.3249641316420903,2.1433413777907147,513.2894711519427,2206.8601897630674,0.0787113949244539,0.8795738019216466,0.0216726176569486,0.9940894757798602,0.0254446654083877,0.1750597063567235,3.589744407149316,17.748459848116497,bonafide,data/Bonafide/26370.png
0.976184863264168,5.084385047480775,2244.158853912069,10905.046595238706,0.1043673668441979,0.9023298292215192,0.0811974872469155,0.9953513575177664,0.0677366657080122,0.3280110384228504,10.932833788364162,40.78762768860573,bonafide,data/Bonafide/26374.png
0.2893302125599432,2.1959575199248023,422.4132571094651,1910.5747561696248,0.0834532283332945,0.7736587629734223,0.0305541327311454,0.987095206867663,0.0178162800307017,0.1638571310299694,3.8708834920361785,18.68037997637059,bonafide,data/Bonafide/26400.png
0.4843947678468016,2.4508412172045104,612.8918639557801,2399.047298953309,0.079529229158077,0.8766155554087685,0.044535360206884,0.991708855633384,0.0292989959021461,0.1883968864399718,3.47338697281531,13.693689788082482,bonafide,data/Bonafide/26405.png
0.4471586609053792,2.0243202170642927,860.1224117386672,3634.756298948935,0.178176261606028,0.8522334031830917,0.1027867989172654,0.9853371505919404,0.0738175285007281,0.3767176516229176,12.922891706824707,48.54756116420519,bonafide,data/Bonafide/26433.png
0.4230247472836353,2.2627046289636192,1473.3488651906862,6818.309614401616,0.078342488583205,0.8458527159180242,0.0363535565993165,0.993304818713783,0.021794838687971,0.2096144082626621,3.6040632796714656,19.246937236319063,bonafide,data/Bonafide/26454.png
0.8776950971659642,4.049956166615059,1028.1910941261249,5453.811729266561,0.1052273878963035,0.8838866866346201,0.0840614546890002,0.995811935524142,0.0490745566327799,0.310596653926979,3.019041528536186,14.619432809543442,bonafide,data/Bonafide/26456.png
0.508126337637576,2.583322321267559,530.8651054652802,2628.285509613908,0.172563848990279,0.8474420608710679,0.1089649773149172,0.9806984027449566,0.0729154151327534,0.3937351459382643,3.6945994739250128,15.821452005815347,bonafide,data/Bonafide/26467.png
0.2840786643195455,1.3544150215761483,398.0120667082859,1597.478635444866,0.1374997027460079,0.8737722804823593,0.0721428837493092,0.9927810766968892,0.050125890566648,0.3817019494820361,3.305463709740783,14.422529293434696,bonafide,data/Bonafide/26537.png
0.2963030488631523,1.5321573231738963,687.0589486131555,2857.376025193157,0.1526308572497699,0.7251707830882574,0.1748117692222063,0.9954315737613948,0.0473777071898696,0.4056389955584299,6.647075094546685,32.89484517683005,bonafide,data/Bonafide/26549.png
0.308869179497738,1.7122679432472974,322.71487639287,1251.8332273148417,0.122130060767046,0.9160869107506058,0.0234398709789919,0.9947578829263776,0.0212361598175374,0.169986631124649,4.894669609271377,21.06721611736809,bonafide,data/Bonafide/26556.png
0.2294943599116179,1.2449460787015267,789.4712694419554,3348.7796120967096,0.1351446364177685,0.8036163535465917,0.0368285886507779,0.9958720909530464,0.038714255087185,0.2246928384863495,4.909779732074856,28.866154413359247,bonafide,data/Bonafide/26618.png
0.2888385269535105,1.389452977690946,994.7421919675938,4615.595969854526,0.1068717998651286,0.8887300292201048,0.0504731737968856,0.9886696257472096,0.0291661584101511,0.2244840813163633,6.783150108437595,31.446111555372365,bonafide,data/Bonafide/26626.png
2.5950705240541363,10.59890935943957,1919.4595548149075,7940.783312861619,0.1009686040739632,0.8930024235001286,0.0137878827060808,0.9955155797926925,0.0109936393895628,0.1290066543737698,2.4946994395121145,15.668033639069208,bonafide,data/Bonafide/26632.png
0.7797857209217183,3.643460614918973,789.4498326419831,3762.813372758152,0.0660830620527266,0.8499353881719313,0.0381154991035959,0.9965253845409808,0.0145470632078192,0.1318029535369608,3.797703995602885,17.459789276772725,bonafide,data/Bonafide/26634.png
0.330344914344663,2.409461430504909,213.99899387145223,1107.5320102049436,0.0446508973871794,0.7941274043266349,0.0380552222782013,0.9930078243883612,0.0147548413020715,0.1383661703586263,3.391076693814822,15.091320198043018,bonafide,data/Bonafide/26635.png
0.3105531965083249,1.9083647130313552,899.3862440960316,3483.4080333086767,0.0724219830556702,0.7586637678446853,0.0369119088338044,0.9928584626048952,0.0421603540195844,0.196854719111886,3.627575913010182,14.207269416167902,bonafide,data/Bonafide/26660.png
0.1618445766792113,1.0897817465716693,367.8681722477686,1510.220609098269,0.1026662419302789,0.7580141431105378,0.0501653057046245,0.9661113730902268,0.0380309549119127,0.2606839262460425,3.0176621687287795,15.054457579838113,bonafide,data/Bonafide/26669.png
0.2869240373411409,1.7082023298640931,428.3518377138348,2611.249728425944,0.0489941281613351,0.7717960255347484,0.0344400407639759,0.993877431568685,0.0168262271576824,0.1580174917500858,8.625684336070695,43.76023179414428,bonafide,data/Bonafide/26685.png
0.2315316391222132,1.2608006551635362,633.0545144898554,2698.058159010245,0.0632835924065951,0.7840528391128866,0.0295226979352419,0.9914702814951746,0.0168580595384658,0.1439084869751681,3.70670695165972,18.498086234086987,bonafide,data/Bonafide/26688.png
0.5494868665009008,2.921452412966466,354.771716800948,1656.4418500733736,0.1333661711831944,0.8433098594987087,0.0518665647418702,0.988292895505834,0.0268680694825973,0.1847745675268821,4.146079496725627,18.52876682816114,bonafide,data/Bonafide/26698.png
0.2501727509206449,1.163712754986633,742.590374159405,2627.374931765459,0.1670085928857692,0.7825317710382494,0.1083360094624842,0.9943920841503254,0.1365954319845244,0.602968752497821,3.392362574096789,15.009936327388614,bonafide,data/Bonafide/26725.png
0.4032364685332796,1.9793221660268885,946.9735842856456,3920.244704662488,0.1520216456641549,0.835648790141674,0.1370502624062534,0.9929265912322792,0.0613873603621899,0.4532933293485432,6.823339003303098,33.679496892627746,bonafide,data/Bonafide/26734.png
0.4037042836825474,2.8632575650897287,1334.9823112595814,6861.66959349112,0.0737476288387396,0.850038056509304,0.0338657432330309,0.99682731779421,0.0217392639948355,0.1814746467308481,4.3648765143944726,21.472881521195628,bonafide,data/Bonafide/26762.png
0.4786267569091504,1.710478547065693,544.9607256749612,1985.0658881608288,0.2000370554094647,0.7524481053573572,0.1151205308159599,0.9857037994962764,0.1092759688883689,0.4485728475458677,4.065900200145907,14.212322160309386,bonafide,data/Bonafide/26765.png
0.6610519228736189,3.4993879076500902,981.5139282690018,4968.999618879032,0.1064588201100008,0.7717695971892061,0.0228949994966632,0.9961202882762372,0.0199317376653692,0.1765608511278654,3.895115083683932,21.121215056425008,bonafide,data/Bonafide/26771.png
0.2097196970688796,1.2884178800546215,550.8897906161212,2608.1388313869315,0.0865916346501974,0.9002119840766846,0.0322852906707147,0.9897941571752582,0.0179635097158191,0.1616716003270522,4.0571446619538944,15.701447007570383,bonafide,data/Bonafide/26795.png
0.688624640055846,3.3393027360208207,1282.7647747366177,7447.030668034518,0.0953687413803952,0.8896987595791906,0.0343020194199951,0.9910763582600384,0.0143111661290064,0.140228839102547,8.845289864037037,41.90437934163285,bonafide,data/Bonafide/26844.png
0.3804713004352662,2.2105095212252026,1029.4919412303786,4225.436843492267,0.1126402689978341,0.7527612137060861,0.1469366437086127,0.9938482955501388,0.1338865403694578,0.6286571873222356,10.612486715340005,50.96345513975984,bonafide,data/Bonafide/26845.png
0.1853015385890117,1.2268679143373764,414.9607864845052,1840.7819257656972,0.0578300474359975,0.8282926491378632,0.0181934024218509,0.9940191870955192,0.0139195150473272,0.1338168371982331,3.008407415351581,17.433186022537623,bonafide,data/Bonafide/26859.png
0.4788568720228657,2.9213866263421417,634.987774150214,3017.1779469533085,0.0718813583022577,0.8043643458347087,0.0363739504128781,0.9962254359316371,0.0200020292981885,0.1690744516907987,4.566556256799259,23.658136429901703,bonafide,data/Bonafide/26860.png
0.5994829750036665,3.1920327988098065,304.38435090073,1425.2051791881845,0.1205982330647206,0.8369950835595016,0.0261015796943402,0.9948785483765404,0.0206436119853207,0.1768177918160903,2.843068699551605,14.20971833040904,bonafide,data/Bonafide/26868.png
0.2798564603739607,1.4865540351927138,1377.0848598691607,7258.495889824766,0.0956282634615694,0.8387090375922991,0.0262043136013566,0.9927155467964632,0.0235296122838455,0.2236935916471353,10.04620904140292,48.03574006319209,bonafide,data/Bonafide/26881.png
3.456205171107989,14.05014145808472,2595.534082289992,9761.278693855744,0.1107318333159109,0.9483235738030044,0.0302449176599166,0.9970393020381384,0.0175421726985511,0.1711181386620319,3.8636412882603577,20.339807548347878,bonafide,data/Bonafide/26887.png
0.3848478901776012,2.5985848181106554,1685.213041861741,9739.097657313265,0.1493064149400571,0.87090814062392,0.0576054919332951,0.9937368048937506,0.0499003153468968,0.2810194692958181,5.990096665464423,31.57082333903123,bonafide,data/Bonafide/26907.png
0.6557036718893058,3.3619464921130358,2148.4604908642787,13939.621176448516,0.1520028371963402,0.8572882094366859,0.0349397072704761,0.996745067080499,0.0302211517691932,0.2007727073056837,5.798980890670183,29.092266531959908,bonafide,data/Bonafide/26920.png
1.1033747268977614,4.504515426042034,1158.7263660395784,4673.675883743626,0.1203290073763622,0.8528965469265776,0.0428171017487505,0.9902086263187628,0.0310839235857573,0.2275496492985141,4.737630423278756,25.800771838221827,bonafide,data/Bonafide/26922.png
1.0444350767874562,4.792410851407371,857.5590162285059,5214.725256695681,0.1511526430359025,0.8577142285142318,0.0500357382500456,0.989800467123648,0.0788411533124584,0.3382277301798249,4.990831744751514,22.08625074445468,bonafide,data/Bonafide/26928.png
0.7763916905819539,4.990665422469245,866.6205390911539,3849.0766982939817,0.0929597248027029,0.7898642328843912,0.0947667191312779,0.9860045593907648,0.0487418571266181,0.2958172735372752,7.399390059522958,35.17482501312976,bonafide,data/Bonafide/26987.png
0.30214694153279,1.5045795702574052,676.8706141975719,2962.6758660835385,0.1178788554399565,0.8371909197347441,0.1232329514750314,0.9946487550449676,0.0280869823626533,0.2300595390800419,6.193552314981999,30.836652243132388,bonafide,data/Bonafide/26990.png
0.2880373242536289,1.794145975880563,1181.16790590636,5839.314767577958,0.0830386014049243,0.8274626452335679,0.0281991262221942,0.9900826188255736,0.0312714049669418,0.2654555333453915,8.818890122385199,40.79052996278966,bonafide,data/Bonafide/27028.png
1.1267177700333466,4.438623543119426,550.9323808722193,2264.113967036664,0.1847453457526474,0.7819669116664479,0.0747721708901286,0.9946927745991312,0.0740340859088053,0.2803342318404907,6.340421754225769,23.587149550295667,bonafide,data/Bonafide/27038.png
0.3845204984752663,1.5774843073329194,590.3907392956348,2661.4334212103204,0.1432788116735419,0.8077721977763944,0.03304072486209,0.9927727827149124,0.03361419117487,0.2040351012644036,4.512705762605811,21.804331105390453,bonafide,data/Bonafide/27041.png
0.4849765569967187,2.361910858443745,1060.4225043287893,5013.049516133921,0.1499399895493396,0.8761267529789343,0.1099488079693886,0.993895945384802,0.1250469920419989,0.5988049263291995,10.384600905338338,42.10417113369195,bonafide,data/Bonafide/27048.png
0.3735752599332177,2.1781819740325408,1318.4532718281046,5757.52499563698,0.1304186809248393,0.8125290314185332,0.0995225403291652,0.9935989121606112,0.0892423282101638,0.4197593337162946,9.171367819712051,50.227018227203,bonafide,data/Bonafide/27065.png
0.7263998967216508,3.881279261849116,3218.339231835426,13099.683381351966,0.0840113770798377,0.8612563986794546,0.0584357194381738,0.9959563411139012,0.0285356647596349,0.180431236886525,6.50626526019366,25.44621548779444,bonafide,data/Bonafide/27078.png
0.1835796070431279,1.0574673567038724,917.076735668051,3183.529899577011,0.0605175203949178,0.7941488005202466,0.06636629989528,0.9935026048622192,0.0553704954278054,0.3927473929112974,3.778735323111069,19.376216002536843,bonafide,data/Bonafide/27100.png
0.2797705549777141,1.497369356231529,534.341700591407,3161.982652825735,0.1041255045651967,0.856450766943158,0.0168996238482034,0.996932871219831,0.0187373770556248,0.1777276257398431,4.9289353419814255,19.447190654100968,bonafide,data/Bonafide/27130.png
0.3815631095385948,1.6642568648158678,640.0407415648186,2819.386614338573,0.1238814791143108,0.8265919735823863,0.0665149432839158,0.9957183189781874,0.0799970643017832,0.433953641669957,5.551408591654287,25.01637987655935,bonafide,data/Bonafide/27142.png
0.2932404449746159,1.7341617318222218,258.3723079483065,991.8681562356458,0.0676353029680352,0.7374763892624833,0.0637587753212055,0.9939292088930552,0.0201294307880398,0.1713001713021234,3.594435967067274,15.798657770307749,bonafide,data/Bonafide/27173.png
0.3847175709892106,1.961441361535709,811.1698035129278,3678.845625033841,0.1523385100056172,0.7931970819188692,0.1715534962249877,0.988766933435755,0.0423193281401302,0.3598493833926037,5.234468897122519,22.239906558365103,bonafide,data/Bonafide/27203.png
0.8012182754103453,4.10121710428808,888.2462395651505,3455.943452345536,0.1007874922569584,0.8776112156879013,0.0537123796159379,0.9957345091131904,0.0355345518257838,0.2428450173830585,5.098123304988456,22.94811782647376,bonafide,data/Bonafide/27208.png
2.1547144845835566,10.24791140402295,3051.7549472797164,11696.940641227357,0.1188276854021277,0.9154967786896364,0.0458583187280637,0.992183352500114,0.024964243948698,0.1747364135680197,4.944585632447339,26.43885812549934,bonafide,data/Bonafide/27302.png
0.2156662594539586,1.6301399214416017,320.5042150063035,1195.1422574261835,0.0884437089891022,0.7920233707451705,0.0617686962658504,0.9924328707492636,0.0603597248031196,0.2767263866182569,4.674109779776733,21.453178393018977,bonafide,data/Bonafide/27327.png
0.34547081392659,1.9925189628662203,366.77637771343257,1701.565973865503,0.0699992169763906,0.8130119278408614,0.0360141299444113,0.9959821156047872,0.0214991084363883,0.1698548856149756,5.137262027791106,26.31683390448112,bonafide,data/Bonafide/27330.png
0.2355432702326208,1.3227979699261825,224.01126666535845,902.619504264466,0.0602325573234574,0.7811670335133123,0.0423411874009554,0.9897438274520932,0.0143516481709672,0.1350546498676659,1.7541402837472952,9.513899657315095,bonafide,data/Bonafide/27339.png
0.7358783331041737,3.6436185028173504,1272.8830873806417,5514.832483719564,0.1106136551429657,0.8235802887181489,0.0371448015656387,0.9969397305868024,0.0439459116157874,0.2178233756468195,4.793263149653085,20.985073702684527,bonafide,data/Bonafide/27378.png
0.28543167380995,1.9158775455291208,1690.2026623851934,7874.264551779796,0.1668388450332255,0.7283824801765482,0.1187026006414998,0.9897205180421764,0.0892021062104482,0.439391699015226,4.334972164023396,20.27442275163288,bonafide,data/Bonafide/27401.png
0.3551505368223838,2.4463940414002288,549.9678559487045,2813.854729992116,0.0915790243967524,0.8291105490070543,0.0674525500696399,0.9938078793882114,0.0349839006971712,0.263631608114803,4.709468957509641,20.34734978649191,bonafide,data/Bonafide/27402.png
0.4456928996908889,1.7000184737982262,1055.2815909902895,5677.9999072226965,0.2177642860123289,0.8582420033974565,0.1226461549214883,0.992637189466576,0.0770706255193514,0.4165738522027586,5.191869092224281,19.99493169295609,bonafide,data/Bonafide/27404.png
0.3248842574420166,1.5239076804837055,472.75438261098856,1630.2388713067348,0.1396262459448722,0.743343786043241,0.0630179509582613,0.9948168091445658,0.0521714560833077,0.2585362019291713,4.044574095782792,18.32529538099582,bonafide,data/Bonafide/27415.png
0.2676298966768032,1.7274778107909348,839.9846134132283,5377.572084468154,0.0846273612743127,0.832375342692207,0.0527542903899771,0.9974580185765086,0.0464551953553237,0.3271757670668967,4.184033539976747,18.7606605104858,bonafide,data/Bonafide/27426.png
0.7907843387637455,4.023654674210447,1913.3698124597825,7880.954223811337,0.095418025380285,0.82692844466633,0.0339426184946092,0.9922041021238134,0.0179337250626324,0.1535082829614208,6.500748875786349,35.99128254464251,bonafide,data/Bonafide/27484.png
0.6585760348346789,3.9328559753188896,1924.7886145846608,10163.36424557658,0.1259547662775982,0.8587464433924485,0.0961336219899352,0.990535344120676,0.0902865155374313,0.4455344989306267,8.960153981944543,41.6576709587234,bonafide,data/Bonafide/27498.png
1.2595538449904624,5.815037611869416,2512.5730151227244,8738.726049273857,0.1161418459774123,0.9296492334953664,0.0135100009387372,0.9958873363788038,0.0101684454623991,0.1197264847158474,2.870552365110421,14.379753561944828,bonafide,data/Bonafide/27511.png
0.4540624016528151,2.320031093399283,664.3074356470189,3593.67134112509,0.080798428961883,0.8371498081815643,0.0320213471161922,0.99444651182775,0.0154425276326044,0.1512967442592629,2.3995005832311755,12.148183345282655,bonafide,data/Bonafide/27558.png
0.2875468452315424,1.9470472481336856,399.6292824299184,1486.6414929066932,0.1244924028835654,0.7983441716673366,0.0482378270254465,0.9939049828399216,0.0373853589902808,0.2889417603305874,3.1169078205592555,15.556461186640306,bonafide,data/Bonafide/27560.png
0.3819052044187526,1.9119698200442936,1224.6203451338995,6175.804989072429,0.1366084257692766,0.7622452880884877,0.1600940654546215,0.9910735503332356,0.1256799016718098,0.5771750681074733,4.345171518886095,20.501067486124672,bonafide,data/Bonafide/27571.png
0.2691271876603195,1.431411686684596,868.5193381829863,3797.183635585635,0.1190019756043727,0.7355747701011042,0.0496799727096901,0.9962816724167692,0.0524729727925502,0.2759559548821608,4.114107096405483,21.43215372240875,bonafide,data/Bonafide/27582.png
0.3152840564622391,1.7395430776918996,410.8385655047911,1857.9495990935252,0.1098146196875956,0.8277043128925947,0.0360589988261706,0.9966203050509884,0.0296169451657152,0.1909995375549835,4.449014713020741,20.2333257675615,bonafide,data/Bonafide/27588.png
0.660833070118392,3.408010286464484,472.5977907739857,1800.2454949816874,0.1047516647686194,0.8321440233045148,0.0300182338711807,0.9959443976603256,0.0251991428317265,0.2393617309783875,3.996952377880391,23.383360261982254,bonafide,data/Bonafide/27596.png
0.2679563036964439,1.304022467344201,1142.2756865939086,6255.37894607555,0.1134607372366712,0.7527163945500138,0.0844596937783121,0.9950590101404306,0.092310083494439,0.5878543078146411,7.132738484529443,34.57247712933887,bonafide,data/Bonafide/27605.png
0.6260293921772728,4.253236835775264,1786.1405147140692,7391.564192727695,0.0861207032737615,0.8925007876066465,0.0457598268190369,0.9977763093798534,0.0490058612984628,0.2392789780872683,4.350225773978068,21.02356180962661,bonafide,data/Bonafide/27606.png
0.1716278787100043,0.9926280597704426,167.1649571237918,905.2048347992647,0.0650498979715944,0.8131909059938225,0.0239279717459631,0.9943888407259376,0.0262578329959458,0.1860853248901433,3.748270131321763,21.112526576381597,bonafide,data/Bonafide/27630.png
0.6847471898946841,3.545109611555056,1276.5814950790166,5398.787835766981,0.1169630308562934,0.8334020281342153,0.0672889222871155,0.9866581155149732,0.0374466733067579,0.2422279866313474,4.12846910101656,25.77203235079781,bonafide,data/Bonafide/27631.png
0.3323928186997861,1.887168262674262,1411.9558070679482,7144.383534244345,0.1147992684380975,0.7969180160055463,0.0935999798041054,0.9901345444801332,0.0787001977459793,0.4522189266801623,3.625211433340157,18.588320524425683,bonafide,data/Bonafide/27637.png
0.1680574534386037,1.2469986213804258,1153.4178900644365,5269.681671770207,0.0760945342495029,0.7871468516364852,0.048276265828115,0.9942635897615169,0.0484732504524078,0.3684936021873624,17.14495453246561,58.61760531736309,bonafide,data/Bonafide/27659.png
0.6133519070613688,3.226768136452715,395.4197419927712,1288.3528061300426,0.1049551672808642,0.8963886709190506,0.0343877030674137,0.993028920031821,0.0168831691752832,0.1566960154671133,5.422977386131946,24.28685057609177,bonafide,data/Bonafide/27664.png
0.1950717268664701,1.2734448443585495,2568.300887397642,10593.752097224473,0.0848910842238824,0.8487203269015748,0.0583238771288233,0.9959769537679648,0.0749935910434728,0.4397951211606375,5.248671925962371,22.275193277343583,bonafide,data/Bonafide/27674.png
0.903477300636757,3.745706186442854,463.52074820772566,2005.801375954382,0.2553773735235484,0.8085587334384774,0.2235865953462798,0.9957582570624024,0.0858089765697863,0.359426520266941,3.860463898453711,15.24185059982616,bonafide,data/Bonafide/27699.png
0.2369742030076447,1.1234908128751284,522.5047664669329,2146.1270822474007,0.1613085344215946,0.7572198327727848,0.1060136026734863,0.988481297954951,0.0716518050076518,0.3105667907063573,9.11699253138913,33.782916824879656,bonafide,data/Bonafide/27708.png
0.491996535009786,2.0418852457587184,749.8981038526033,2895.8048698509256,0.1290323933577972,0.8300139849937798,0.0631286012761793,0.9944451417603783,0.0477587690269854,0.340667271305238,5.463217418004727,30.414340317251227,bonafide,data/Bonafide/27709.png
1.306777945600957,6.036185928195935,1659.8114158399603,8453.511612099757,0.0750341259321359,0.8637896452903757,0.0151861416261919,0.9980908237425604,0.0102527101811436,0.1106081369750707,6.146649343636233,29.8686527038236,bonafide,data/Bonafide/27735.png
0.3337334003744296,1.3329422673968956,914.8870738026698,5508.5466591769855,0.2265657391791557,0.8008383223196854,0.2760791507673634,0.9939818221122456,0.0803972331294472,0.5494593415597662,4.810327164695067,17.930677025422924,bonafide,data/Bonafide/27764.png
0.3302961250785025,2.000334413835875,558.0881616871892,2897.5646156266566,0.1001571115745876,0.7621520279773802,0.1081625327193812,0.993928429378362,0.138550495632808,0.690191746585553,4.175161593572578,20.170681325944024,bonafide,data/Bonafide/27783.png
0.1752228518657271,1.144318858136009,639.5050534243614,2682.773308042216,0.0833568324913029,0.8378721056130799,0.0307563075950406,0.9948681407406976,0.0233935891576602,0.1825621432482027,4.409866452433859,20.41210508205072,bonafide,data/Bonafide/27791.png
0.3238634876718947,1.8497356734340815,417.0575781164584,2014.7543825411085,0.0880440565117556,0.8414562941821747,0.0305455032414227,0.9946345330199144,0.0204084244621121,0.1749797909840013,5.672504813562271,29.704798149820107,bonafide,data/Bonafide/27793.png
0.4566620319297476,3.0432892412139414,484.6455855711693,2198.224525800979,0.1273467462021633,0.8523579446819405,0.0662055175144426,0.9900717451641742,0.036097762043324,0.2679712921900339,3.715356571223126,17.900864967163248,bonafide,data/Bonafide/27808.png
0.4504725728028958,2.417895275743206,573.220167149339,1956.817810375612,0.14682375387311,0.8438143732025438,0.0461832191724866,0.9946977774199393,0.0382448951570305,0.2629433671050872,3.7656752506048776,15.246403324249634,bonafide,data/Bonafide/27854.png
0.4888131655509904,2.413777033060543,1472.0687496474643,6730.627504080314,0.118702617306044,0.8387409674043558,0.0274598422953089,0.992702184495196,0.0239888079186531,0.1916952502958712,3.8248131383271375,14.482514094562632,bonafide,data/Bonafide/27871.png
0.8772627802325617,4.270038739627535,242.2438167070036,1171.071106130396,0.082224442288019,0.7972924711986088,0.0683769246010379,0.9897798315086168,0.0443663800403119,0.3426873569178694,7.062130775028726,28.865203340914952,bonafide,data/Bonafide/27879.png
0.6087752601914219,2.338332932286134,725.0828096752298,3547.545219039768,0.1836207379035954,0.8001005521912314,0.1346992694088066,0.9940974376150026,0.1298637701020213,0.4342461465972186,6.034686714183425,22.6451659961671,bonafide,data/Bonafide/27896.png
0.5900478621155746,2.981028779954,530.9326052732537,2328.9039658837373,0.0822880688137649,0.8538990474251582,0.0547794368516727,0.9960700579360258,0.0487600867064701,0.3263051761519501,2.798284813185093,11.997057973027044,bonafide,data/Bonafide/27909.png
0.4366221612649099,2.7158297399803373,1232.7044883274432,6257.912034236542,0.0624072451665881,0.8588714317916065,0.0348830283734827,0.9945604399527216,0.0266773069926307,0.1858453283358108,5.942428696770315,33.15957072289615,bonafide,data/Bonafide/27921.png
0.3550517267545112,1.841736019916321,442.66015865741247,2713.397633872962,0.0969468420837199,0.8575317366157673,0.0350470788267788,0.9950000080883454,0.0199772398089432,0.1788875957938461,5.792635750214547,29.488240625328476,bonafide,data/Bonafide/27927.png
0.4074403422686158,2.3920937616834546,282.8081370456306,1059.6072774538309,0.0986608860424309,0.8705723954565848,0.0366323082224351,0.9927221354102922,0.0285330721500329,0.1647525942335668,4.675749781381812,16.251824030267738,bonafide,data/Bonafide/27951.png
0.9972764857826746,6.358119352986348,743.2282955492763,3229.7246191817467,0.1607198023736151,0.8694498921909363,0.0497630711779258,0.9956530239552008,0.051714074732777,0.2483198088605477,4.31332155791042,21.54667602347603,bonafide,data/Bonafide/27962.png
0.4259799795174544,2.3252940233451787,737.1375032079599,2865.51704590216,0.1083735729608446,0.8349967869500147,0.0444657566582534,0.9900135558646836,0.0188899108516703,0.1711819601414232,4.788764404990169,20.593561251846968,bonafide,data/Bonafide/27976.png
0.886665700670339,4.54543470637137,6876.073699569786,31882.29707673745,0.0926297167909386,0.8775358345830271,0.0563852084285263,0.9912862452797996,0.0219852172970188,0.1616359378277138,6.302047388108664,28.92871387459654,bonafide,data/Bonafide/28001.png
0.7475546466980811,3.9209617536411674,1931.4914940329293,7028.104825435662,0.0958492023917644,0.8539329295658141,0.0274788688930747,0.9918973719439546,0.020515450930757,0.1868939278139014,4.795287175845703,17.78860080004246,bonafide,data/Bonafide/28014.png
0.2113747661986627,1.3476389992708082,648.6415599201496,3041.1506678553733,0.0629461732859328,0.7579055265101463,0.0521329423675264,0.9926364605852108,0.0402985026302298,0.3058481614300515,12.037438587944878,42.18122295089483,bonafide,data/Bonafide/28017.png
0.235146513888397,1.2006322085570884,1842.0493236607847,8089.189411806819,0.0658708015612299,0.8079847479479308,0.0767585849350875,0.99255185852513,0.0765202423533931,0.5302292607199834,7.263210267577012,44.601446472606064,bonafide,data/Bonafide/28021.png
0.4514035588274778,2.153551461885751,442.3312085070893,1553.318322873096,0.1082643676938093,0.961863179405214,0.0311026075843929,0.99338788701849,0.0268392641194734,0.1930058860699064,9.762891616201406,40.262931036349904,bonafide,data/Bonafide/28024.png
0.4906057533852664,2.4872343777803763,1169.5525919104643,4997.533532830598,0.0938383757864129,0.9468815873030356,0.0335110178116671,0.9932359115762116,0.0255392924451476,0.2369277569347677,10.541888724852663,42.98337549622607,bonafide,data/Bonafide/28046.png
0.7827801103523929,4.516804367465699,525.176034365275,2262.770934954377,0.0823440384059871,0.8923649339393637,0.0474590920435197,0.9924376819992056,0.0295605626809766,0.1893060403215185,3.6634216226254783,17.359233787706494,bonafide,data/Bonafide/28051.png
0.1721609846099974,1.2121711824634638,731.0069267643793,3540.8151369392644,0.1180843612325647,0.9243303548283583,0.0310469243125915,0.9965315985606784,0.0180474314512178,0.1612161048007879,7.22683191607955,35.72903011683329,bonafide,data/Bonafide/28090.png
1.0107917970734133,4.397414801643065,895.5056930178914,3529.341779016794,0.0556917520099381,0.8763485212353214,0.0375440663020044,0.9937003676364988,0.0424385562001485,0.3461206008437403,5.61658462662137,27.92752707675432,screen,data/Screens/00962.png
1.145863262503984,5.582245063037603,700.1124224415504,3463.9145028977937,0.0458527725213282,0.8321073630143271,0.0524157080219257,0.9923181804237844,0.0248424430338449,0.1929864261547267,2.5028863444799243,13.946186078248768,screen,data/Screens/00998.png
1.3181186856461482,6.2963851847209975,648.0699700026119,2874.015047873419,0.0500451814849324,0.8992073763534216,0.0408206591383787,0.9950105396118808,0.0216999902677257,0.1580671771634973,3.7266316037958087,17.538196597463624,screen,data/Screens/01012.png
0.6627900787489313,4.599603412839497,478.7061378513528,2425.1448859084694,0.0451431238440451,0.8204061250866059,0.0426985357060399,0.9964060790363264,0.0203587423082555,0.1577480717610298,5.920762251429541,25.55500549373957,screen,data/Screens/08794.png
0.7122802876306198,3.9896824614096937,2230.129324826899,8095.98494292191,0.0615518388099679,0.8859339592565157,0.0365821406706143,0.9973703950209734,0.0140362094234232,0.1337217524993878,5.622475239730363,25.668541867977083,screen,data/Screens/10673.png
0.5431602249972898,3.4092076030271747,1319.352255771711,7188.893517967832,0.0882929534246,0.9003191908735586,0.0549169845003285,0.9944197624759832,0.050999725338869,0.3594086237070631,7.047936424574113,31.095143652059743,screen,data/Screens/10684.png
0.4894497324494145,3.3761695602918174,2417.173858587314,10008.56481631651,0.0501066114487638,0.8485763196250082,0.0973693775775901,0.994818292526484,0.134168021644317,0.486831615057853,4.422564747045502,22.83042286175196,screen,data/Screens/10696.png
0.4236885178020534,2.3320437310007893,3014.7808401107677,10656.115278380012,0.0735100770753879,0.906501937342038,0.1248980598500589,0.9938790767804402,0.1720962772286041,0.6277564152044522,6.9765781813284615,38.25396836002231,screen,data/Screens/10712.png
0.268723187389109,1.8996414066460336,1787.788495877216,8307.318342197526,0.0515351171965565,0.804874916198187,0.0889425362109109,0.9929645673746909,0.1188133148186381,0.546721704703635,6.432550291409672,31.88056861904006,screen,data/Screens/10728.png
0.9833045063837678,4.806041839967238,3549.527387016687,14161.4597549859,0.0974280157698238,0.8626855910749621,0.0549953478938503,0.9962799268033822,0.064781293439539,0.4946212106843131,4.77576662289113,23.621139382333585,screen,data/Screens/10741.png
0.4050614600654053,2.1542356427787177,1789.8437976245382,7293.789407230151,0.0788592685918704,0.8417684623875644,0.0572257527014941,0.9933094900346952,0.0860547441469976,0.4370524550354174,4.356384616094719,30.575466569851496,screen,data/Screens/10744.png
0.1096877860962992,1.0379682012543303,1185.4549103611266,4640.766573977977,0.0676386466078314,0.7463010150015507,0.132281995532336,0.9732052433267876,0.1698890605535276,0.7261729078945547,4.663491973909837,25.26535270320954,screen,data/Screens/10881.png
0.218199969578837,1.581826224538283,401.05848111855744,2095.3154464678305,0.1000870688649108,0.8767859401420732,0.0490879304137484,0.990666037348381,0.0274963308162959,0.2224534263887773,5.221839605655839,30.21353590951434,screen,data/Screens/10889.png
1.009269303281997,4.761162204853617,1509.7163998614642,7896.564051722452,0.0694379110231222,0.8764734068079719,0.0606509608032604,0.9908246739769438,0.0497599150316791,0.3223284892383422,12.98531610359492,53.37127815831196,screen,data/Screens/10954.png
0.8117972812328236,4.40145410037654,734.6431162050668,2612.1659642930445,0.0704191031742603,0.7583859502297323,0.0667878625697632,0.9835599424817034,0.0412946124914217,0.2540341335224408,5.374244885581292,29.84716309002844,screen,data/Screens/10960.png
0.2787853245873513,1.9484156099196184,1578.8654168453654,7225.381782976201,0.0773284737036472,0.7821815040554827,0.0877542466524074,0.9952135724978992,0.1070460546349887,0.4212881884453953,6.566717660843175,30.82056460301621,screen,data/Screens/10970.png
0.5496814213864915,4.416308720148829,2188.192272874764,8404.956192279653,0.0605296684168779,0.7930128599239746,0.0700314904970967,0.9931300412520614,0.0814584755597237,0.3541312986433804,6.334114366247512,29.003896016205804,screen,data/Screens/10972.png
0.5139080963460705,2.837113960583494,4470.137246329172,20257.84064112572,0.1138642070531271,0.8612033547900392,0.083226023822188,0.9893413663063072,0.0779379394513104,0.3787720057736516,7.150490129054814,30.931917799259203,screen,data/Screens/10992.png
0.334636179871467,2.3981724457709634,2262.8638982129078,9026.375570129334,0.0807340694305989,0.8710255576063168,0.0693111379190988,0.9835118855435332,0.0931723717879361,0.4768189234173577,11.10076109295498,54.65105908127072,screen,data/Screens/11040.png
2.5704334459474474,11.662152781759062,2875.8754269768465,12745.546910620014,0.0558314073091394,0.7888488738558188,0.0832464643724786,0.9956907064568132,0.1243621478695881,0.5614921032099252,5.719731299384242,30.12087053644909,screen,data/Screens/11053.png
4.62322995830982,22.411766140199347,468.5867034330698,2765.827972843664,0.0574617457318344,0.8289590963835323,0.0270916082344547,0.9952071395449912,0.0148278353553819,0.154898703661064,4.986649729612359,23.2113292650437,screen,data/Screens/11099.png
6.096924863478347,23.254111235364743,272.9258677093624,1189.8447982890154,0.0688053540705866,0.8493938893548991,0.0342487676570446,0.990441642604393,0.0233150076792584,0.1997461172532073,3.993327704966529,18.16448933694632,screen,data/Screens/11117.png
4.441591586587637,20.22300567697556,969.019193061562,5919.318861329224,0.0724215568412568,0.8962036582167366,0.0275581710750759,0.996194417140638,0.0187396734217051,0.1701691498864739,3.557078318892477,17.05639927805914,screen,data/Screens/11130.png
